id_evento,fecha,id_locacion,nombre_evento,id_categoria_deportiva,cantidad_espectadores
1,1974-10-23 02:10:35,7,prrsfwfvxy,5,23814
2,1967-09-03 09:09:53,7,ncbbw,8,45893
3,1945-04-17 11:04:39,7,wwpojyzrhv,1,46120
4,1931-04-20 06:04:01,6,xtilcublpv,2,35369
5,1900-02-25 05:02:53,10,imsvutaczu,1,35546
6,1900-08-11 12:08:18,7,uomscflpfc,3,40583
7,1916-12-17 04:12:49,6,duhlipajq,6,20657
8,1945-03-24 01:03:54,1,vxrrbywvsd,6,23076
9,1923-06-23 04:06:59,9,ontsnrwqbm,6,18412
10,1904-12-27 04:12:39,8,nhdnmnbo,8,40445
11,1978-03-10 04:03:08,8,qtojeg,5,38392
12,1911-09-13 12:09:57,5,iqagttwdk,6,10914
13,2008-04-12 09:04:14,7,eiitk,3,14248
14,1989-08-17 05:08:10,4,hcdqk,2,43977
15,1920-04-23 02:04:48,5,ackxeku,6,36423
16,1919-12-04 10:12:26,4,lhfov,4,21378
17,1964-02-15 01:02:19,2,hwojnn,3,15821
18,1942-06-06 05:06:59,8,aogaudcti,2,29597
19,1939-06-08 11:06:12,6,zhdbtzg,5,24759
20,1951-08-19 09:08:44,2,vmdheba,2,18606
21,1941-03-31 09:03:22,5,azxpcpeoui,9,15211
22,2013-03-04 09:03:34,10,ihhwsm,9,16988
23,2010-04-09 04:04:55,6,lxsanmv,9,12131
24,1964-12-22 02:12:36,10,wdobrn,1,44602
25,1975-08-19 06:08:49,5,okiixbxav,8,17823
26,2014-03-30 01:03:25,6,tltvmjc,9,38067
27,1997-05-13 01:05:37,10,bibqajs,4,47236
28,1985-03-19 11:03:31,1,yzgfujqsvu,5,35080
29,2001-09-02 01:09:31,10,zafhiwzcpl,5,46358
30,1913-02-25 12:02:19,10,pfuqyp,1,38124
31,1913-04-10 11:04:34,6,mbfelk,9,31141
32,1969-01-19 10:01:49,4,ymddv,3,29317
33,1969-07-01 10:07:25,4,npvmijzb,2,32225
34,2017-05-21 01:05:17,7,racnq,10,30523
35,1958-07-07 06:07:16,7,srcqu,7,37924
36,1967-11-14 01:11:59,7,iqddlippeh,3,46930
37,1989-10-14 08:10:35,3,rthjhndko,8,39829
38,1964-05-10 08:05:04,6,btpna,9,22798
39,1976-12-07 12:12:45,7,dwgdnav,4,47233
40,1945-03-13 02:03:22,1,ercltaahxm,5,31661
41,2011-01-23 02:01:39,4,syuqgkskkk,3,11039
42,1951-06-09 05:06:58,6,fcgztl,6,10127
43,2001-01-22 12:01:09,3,pjquzgt,9,21016
44,1984-02-20 08:02:09,7,rfqmnq,8,10464
45,1950-07-28 12:07:20,9,huxzo,9,31986
46,1955-05-29 09:05:14,8,cszajlz,4,46767
47,2005-04-07 10:04:45,7,kgmuovs,8,15175
48,2002-12-02 06:12:34,8,rdnjlhziof,9,26166
49,1972-07-03 06:07:17,9,dzyuo,6,34158
50,1919-08-30 03:08:12,6,onuzjrhu,8,46772
51,1961-04-21 01:04:07,5,knkfj,8,40469
52,1914-05-19 10:05:08,5,euulrqwdl,4,10431
53,2016-06-25 10:06:47,5,bigsa,10,24724
54,1967-05-20 04:05:26,9,bthhuzr,7,31400
55,1933-08-12 01:08:10,5,fvfag,7,33082
56,1914-02-02 10:02:30,5,vrrhzpjm,10,26368
57,1902-06-19 11:06:05,3,domxz,3,24769
58,1955-11-04 08:11:03,1,txuwkq,8,12549
59,1959-04-22 02:04:15,1,glwvib,9,49214
60,1939-10-02 12:10:12,2,tgrhabbhd,8,19285
61,1989-09-23 07:09:35,10,frbdfdo,6,22014
62,1928-06-14 03:06:47,8,vvrobpnbo,10,33363
63,2002-04-20 05:04:35,10,vmyoi,4,20695
64,1941-01-20 05:01:07,10,gmpvwtxyec,9,43447
65,1918-09-19 07:09:31,3,ltufewu,1,31379
66,1977-08-11 11:08:53,2,uatpirwt,8,17558
67,1953-03-11 02:03:26,7,cmwvxz,1,23465
68,1917-01-07 03:01:55,10,iwirwaq,1,18056
69,1930-06-14 03:06:09,6,qdmtu,6,21407
70,1906-01-24 08:01:58,10,naunyp,5,39009
71,1992-03-28 06:03:05,6,bpoksdc,8,38256
72,1906-05-26 06:05:48,3,rcmksgvbw,2,46014
73,1964-03-26 11:03:18,4,xfvzgl,1,39578
74,1941-11-27 05:11:24,7,swucv,9,18007
75,1938-10-19 12:10:59,7,gwifl,10,20591
76,1981-11-18 05:11:16,1,mgppiujcn,9,32194
77,1912-11-25 08:11:30,9,gttgdhx,1,46314
78,1963-03-30 07:03:46,6,nlpowvse,3,18331
79,1954-09-11 09:09:25,5,jinzpgjske,6,46960
80,2007-05-15 04:05:30,4,bwsqfqhwgg,7,13778
81,1922-01-23 08:01:27,10,yaonolosv,5,17505
82,1934-09-17 05:09:01,5,dijyra,9,37151
83,2005-04-28 08:04:22,3,qzgygm,8,30998
84,1968-08-05 01:08:27,3,dxenjycudq,2,27701
85,1910-09-17 01:09:57,6,wrwakhuxft,8,21691
86,1948-07-18 10:07:06,8,zgwrbov,2,27516
87,2003-09-15 12:09:17,9,iykzzcble,3,30845
88,1994-04-02 09:04:29,5,izzicyrhj,7,41897
89,1912-09-12 11:09:49,3,teaadtgubc,3,20606
90,1988-09-06 09:09:25,6,mrmzc,5,47227
91,1951-06-09 06:06:38,10,fnolxjj,3,48849
92,1906-07-06 10:07:15,3,xbtfonzhs,9,26547
93,1925-09-27 05:09:36,4,gebotxs,6,48649
94,1939-04-30 06:04:35,3,oepewic,6,29741
95,1921-10-25 11:10:05,4,ikjfw,8,41649
96,1956-02-13 06:02:19,7,joplhyi,2,39351
97,1916-03-12 02:03:53,9,rptikfo,1,48791
98,2004-08-10 03:08:56,4,picdlgnek,6,16574
99,1927-11-07 12:11:23,2,tkicgjtrl,8,12944
100,1930-09-21 02:09:34,8,xgjazza,10,14350
101,1947-03-30 07:03:17,1,hjnehmtx,6,16937
102,1969-06-05 05:06:59,8,pbnlwqgqik,10,33079
103,1955-06-04 11:06:28,8,ahbyz,1,30593
104,1950-04-20 06:04:54,6,gzwcqejy,6,49896
105,1942-05-28 02:05:17,1,wcifwm,3,26542
106,1944-03-07 10:03:08,5,xlsfzqrb,4,40504
107,1998-07-25 12:07:57,5,adyzhfh,7,26926
108,2007-01-16 07:01:37,4,pfzmty,4,43888
109,2007-01-30 02:01:22,10,brbmppb,6,26810
110,1966-01-22 11:01:39,7,hsrslz,10,49595
111,1952-09-25 10:09:42,9,lgvyuyf,3,44485
112,1913-10-23 02:10:55,7,usaznayxu,4,30529
113,1937-04-10 06:04:19,2,qaxsrswslv,5,39800
114,1986-12-26 10:12:42,2,rbhdpn,4,13694
115,1949-02-20 02:02:27,8,ntaapmkkh,1,48201
116,1988-02-27 11:02:03,6,afwfusu,8,37405
117,1929-12-30 12:12:02,3,tgrjkjg,10,12716
118,1999-11-11 12:11:15,4,xrwwjhy,6,10948
119,1975-04-04 02:04:01,3,jvdrn,1,28876
120,2019-09-30 03:09:53,1,okswjl,3,21661
121,1957-03-03 07:03:39,10,xlnvnwvhle,6,16369
122,1936-04-09 10:04:15,9,fxuojigo,5,19385
123,1966-10-01 10:10:17,5,szhzjh,2,33011
124,2011-11-11 12:11:37,8,syanzvisg,8,45652
125,1919-05-26 02:05:41,3,zozxzpyzr,2,41993
126,2012-03-15 09:03:22,9,vpbecfkf,4,11716
127,2012-06-06 04:06:00,9,ykfypwb,6,19041
128,1971-05-28 09:05:35,3,nwhupdhr,8,47692
129,1935-09-09 11:09:02,7,xkbthoslwu,5,19947
130,1931-12-26 07:12:44,6,kgahp,1,12082
131,1993-05-19 03:05:59,10,ukwxj,4,39344
132,1960-08-18 07:08:49,10,zqozr,2,41900
133,2008-08-14 08:08:43,6,aciqhf,5,13191
134,1947-07-16 02:07:21,5,hbtgqdqyow,2,25070
135,1947-10-20 06:10:40,10,lwacas,5,42403
136,1951-01-23 07:01:25,10,bprohev,4,33228
137,1938-03-09 12:03:05,7,srmpducu,10,31681
138,1971-09-03 01:09:08,6,bnhisdwhpp,3,38062
139,1922-05-26 05:05:06,8,izaiqaw,2,40970
140,1955-12-28 09:12:34,6,hfioioouw,4,27080
141,2009-08-27 09:08:20,8,cpaxmclkw,1,36864
142,1975-03-01 08:03:28,5,mbsqmhonsg,2,35247
143,1910-01-02 07:01:53,10,vzbtqjn,3,15217
144,1944-03-06 05:03:46,10,xklou,2,26659
145,1912-12-31 04:12:54,8,ogwgnjb,10,45470
146,1990-06-11 11:06:22,9,epzjrf,10,34210
147,2000-08-29 10:08:50,6,nywbpzqz,5,29642
148,1906-05-01 05:05:23,5,enfqwal,5,19610
149,1901-09-27 01:09:26,1,sokxrx,1,26539
150,1950-01-17 12:01:21,7,zlzobyubdd,10,10940
151,1941-01-22 10:01:54,9,mteoekluoe,8,36693
152,1904-12-21 03:12:06,2,ylrnxgmzfo,10,41711
153,1996-07-08 07:07:23,2,nfalzu,8,39310
154,1933-09-16 10:09:00,10,ttulqhjejd,7,18527
155,1980-07-28 11:07:48,1,zopwp,3,23299
156,2001-03-04 07:03:30,7,objotlyd,1,10790
157,1902-09-06 07:09:28,10,vfjgxmjtuf,9,38232
158,1915-11-12 08:11:26,5,ggkveug,6,10253
159,1910-08-25 11:08:24,10,bdwaiuwzil,2,34039
160,1930-09-02 12:09:12,9,ihwuxbt,9,12361
161,2004-07-23 10:07:28,9,ffozxbboz,9,10174
162,1990-11-04 09:11:49,10,zubngrrug,5,22658
163,2010-01-18 11:01:16,5,nbcifgblb,2,37357
164,1940-05-10 08:05:35,10,ekijcnnmc,5,21010
165,1932-01-29 10:01:13,8,yjdnj,1,14863
166,1913-04-14 04:04:49,2,rptwcww,2,22111
167,1981-01-24 06:01:31,8,frhamtm,4,13015
168,1904-03-31 01:03:28,5,ohuecnynue,9,17769
169,1932-04-13 01:04:06,1,rnfxnq,6,26969
170,1958-03-29 06:03:38,10,kkmszspqz,3,15012
171,1953-04-28 04:04:40,4,ygsucb,3,38755
172,1998-09-02 07:09:48,7,grdisp,3,10894
173,1909-12-09 04:12:36,4,xshsqjf,9,30804
174,1983-07-24 02:07:41,5,pgoimdqv,1,49281
175,1923-03-24 02:03:06,10,tlqqqbnalq,7,44492
176,1988-01-26 09:01:58,10,wdjaogg,3,14633
177,1907-06-19 11:06:38,8,tsevokmoc,2,14132
178,2009-08-28 06:08:41,7,artexbvyjo,10,22925
179,1964-07-29 07:07:22,2,cxncgmc,10,24111
180,1977-10-30 08:10:18,3,wfcwdu,7,41937
181,1990-10-23 02:10:50,5,xqyyao,4,11897
182,1987-11-26 09:11:41,4,dxjvxxpss,2,45968
183,2004-06-26 12:06:54,10,fremah,6,33792
184,1919-09-08 05:09:57,4,armial,7,20857
185,1944-06-29 07:06:50,2,xasewu,2,33188
186,1929-01-21 02:01:10,8,aifpnsdye,3,29767
187,1967-01-11 09:01:24,10,jsmcjx,4,32550
188,1982-02-24 12:02:17,9,vjtfcqxseh,9,41249
189,1909-02-20 11:02:47,8,rokvbthwv,2,13597
190,1937-10-11 04:10:46,7,emlkesuwfz,6,32454
191,1940-05-16 11:05:38,3,ptiwww,9,36757
192,2006-02-22 06:02:20,2,iunrk,3,36298
193,1950-12-11 07:12:53,6,ffwyop,2,10829
194,1972-10-06 05:10:24,7,beaddihr,8,27051
195,1942-12-02 07:12:06,2,qkzsrk,7,10830
196,2001-03-04 04:03:05,10,encihbelt,6,17594
197,1983-08-21 05:08:05,3,kgqqzdoieu,6,29645
198,1981-11-15 03:11:09,4,kbqzggx,5,10360
199,1900-04-15 04:04:19,5,xvdyxok,2,48334
200,2008-01-03 10:01:55,2,qhobeqtd,3,32134
201,2007-07-29 09:07:47,3,khwvwfmiad,1,21856
202,1942-10-20 12:10:25,6,ocxep,10,42439
203,1984-02-21 03:02:42,6,qiknttvq,6,49788
204,1934-02-12 06:02:37,9,mrdsq,3,20458
205,1948-02-27 01:02:58,5,fejfzon,3,37230
206,1977-12-08 06:12:32,4,fzaaamjp,5,13875
207,2011-01-30 01:01:48,4,phcmyse,9,10216
208,1972-02-29 10:02:22,4,atmkh,10,17795
209,1992-08-16 12:08:56,10,jwaibxex,8,30212
210,1978-06-29 04:06:44,3,stklhri,8,47539
211,1933-02-13 04:02:51,1,pwlajp,6,26458
212,1989-07-20 06:07:31,6,qulfmkgpc,6,28927
213,1939-04-28 10:04:49,1,yhiufyxwbs,3,36791
214,1978-03-01 12:03:10,3,jsuduv,4,49738
215,1933-02-04 08:02:50,1,dbtznxftaa,7,39906
216,1962-01-30 03:01:35,1,cbvipzzsv,5,13311
217,1992-03-25 07:03:15,5,xsgse,9,21943
218,1938-03-13 10:03:52,9,znvkhpzf,9,38449
219,2019-05-31 06:05:54,5,rujonz,4,40304
220,1962-06-08 06:06:30,9,wivgid,7,26352
221,1967-11-16 08:11:11,9,jelvfimhv,10,25220
222,2009-04-21 03:04:57,10,duwdpchgl,9,14672
223,2002-03-22 09:03:27,1,cmhikhmvre,3,45041
224,1994-11-15 11:11:15,6,wbhuaktl,9,43293
225,2015-04-23 12:04:25,4,amgkt,9,26923
226,1916-09-19 05:09:11,9,rrpqr,7,19939
227,1944-07-02 07:07:20,5,xsaqhbcr,6,39746
228,1964-02-04 04:02:21,10,rwwevo,4,31415
229,1936-01-31 02:01:52,6,blcfj,10,18112
230,1950-08-08 10:08:17,1,asscepa,4,46822
231,2004-06-07 07:06:19,3,asfjgtizr,2,26876
232,1971-04-26 06:04:26,9,uuuiz,5,19900
233,1908-04-14 11:04:40,4,ivdxkua,4,36963
234,1945-11-25 05:11:04,6,gwvirqn,4,26109
235,1991-10-27 12:10:29,4,valideu,3,47236
236,1949-03-15 02:03:22,5,wgnpoffev,5,30461
237,1985-05-31 03:05:12,1,jfarpqn,8,23277
238,1921-08-28 03:08:27,10,inzirctr,7,14462
239,1991-07-16 01:07:01,10,puxsbevl,9,13315
240,2010-08-27 03:08:35,6,fsfuyrii,1,38057
241,1944-05-21 12:05:42,7,xzyprm,6,24891
242,2019-05-04 04:05:49,9,dqseaizj,5,33747
243,1928-06-11 07:06:06,9,ypbjm,3,33718
244,1959-12-07 10:12:49,2,qcnww,8,49060
245,1987-01-24 12:01:02,4,lwqppoegg,1,25548
246,1954-11-29 12:11:38,5,hcaruxsok,3,29193
247,2004-10-30 03:10:28,10,ifjxd,7,31217
248,1970-05-08 04:05:26,4,txpmugdd,10,42354
249,2019-02-01 02:02:15,8,jmhhd,4,44903
250,1949-04-24 06:04:26,8,xcknquyyhj,7,32511
251,1913-04-01 06:04:25,9,kylvzpo,7,11530
252,1953-02-11 06:02:07,4,qbkahklvzr,10,39988
253,1905-11-20 03:11:26,4,xvpchqh,1,22614
254,1966-09-29 01:09:47,4,pflmqx,8,39955
255,1935-03-31 02:03:44,1,wvqjp,8,38076
256,1926-03-24 10:03:55,7,xsyygyqens,1,33829
257,1909-04-14 02:04:27,7,gwsczxf,6,23430
258,1911-04-18 05:04:57,9,tedboz,10,38419
259,1916-08-16 02:08:35,10,dkkudbtyyd,10,41509
260,1962-12-13 10:12:01,9,rsesy,8,29396
261,1971-03-11 10:03:40,8,hvmrzwz,1,30052
262,1990-05-01 01:05:10,1,gcgog,4,18361
263,2013-01-31 09:01:35,6,cfdzqg,1,39198
264,1946-09-22 01:09:39,7,iwyuelvid,3,10074
265,1951-06-24 02:06:03,6,ljhbiez,6,21144
266,1997-04-22 02:04:20,10,ysfkmwuz,8,49051
267,1919-10-28 07:10:30,6,sckbcc,7,15060
268,1950-07-21 08:07:07,7,xknwt,5,10277
269,2004-05-03 08:05:28,6,nmvxpmfb,4,29257
270,1912-05-31 08:05:28,4,eopxj,10,31608
271,1903-03-14 07:03:32,7,flhrvuy,4,10651
272,1985-06-07 04:06:08,8,pahkalf,3,41538
273,1978-01-29 11:01:04,5,bgmxib,1,40202
274,1969-01-21 02:01:59,4,wzhxo,6,46871
275,1911-01-12 01:01:06,4,xvrjtpifkr,1,11648
276,1903-08-10 01:08:52,4,ttgvkyze,8,18697
277,1946-08-04 12:08:58,7,ceearnj,1,28303
278,1998-05-25 12:05:58,1,qvarbg,8,35456
279,1969-03-29 12:03:18,7,ukghikjng,4,48411
280,1972-10-29 03:10:09,4,fdxzmtmoj,1,29401
281,1955-06-27 07:06:20,2,xkllw,1,48091
282,1914-05-07 01:05:13,1,obrhgm,3,24266
283,2007-03-24 01:03:58,8,yrucpsvp,3,24640
284,1951-09-01 07:09:43,1,bbxzwqqmu,1,49338
285,1936-04-27 06:04:25,9,hbeczp,1,24987
286,2016-04-03 01:04:47,6,fwecadjb,6,38105
287,1900-11-25 05:11:20,10,cmibxnwzm,8,28937
288,1988-09-06 06:09:31,6,bachjdisq,6,18461
289,1914-12-21 09:12:51,4,tlbdbn,3,16732
290,1915-12-03 05:12:23,3,iqacft,1,21248
291,1954-09-19 09:09:46,10,pwtfvrgrqr,1,27866
292,1940-10-08 01:10:18,3,jxetgmro,10,11864
293,1931-07-13 11:07:40,10,biitmicylz,7,20906
294,2019-09-03 09:09:00,4,ffrjy,10,34497
295,2007-11-25 05:11:36,5,ikuyyir,3,23479
296,1969-02-16 03:02:11,3,ncgbs,8,29506
297,1983-04-15 01:04:53,6,fwfhuia,4,39504
298,1903-01-29 01:01:49,8,uqnohbaygu,3,44600
299,2008-06-29 04:06:04,4,rhfktyyf,6,18620
300,1970-08-11 06:08:17,7,aymde,3,17092
301,1977-11-25 09:11:38,1,mzqgumrgvh,2,38428
302,1959-12-31 06:12:17,7,ubonykqzrc,6,23518
303,1940-08-05 10:08:43,7,blgkixa,9,27670
304,1950-04-28 04:04:16,2,ezlufeqbfj,7,49624
305,1968-01-17 05:01:12,7,pdofdasgc,7,19654
306,1930-02-20 12:02:45,6,xticpn,4,38751
307,2006-04-10 12:04:06,6,akktrvg,7,39001
308,2000-01-29 06:01:40,9,pgkkq,7,40732
309,1976-07-10 07:07:31,6,vhioruz,3,27683
310,1936-03-08 02:03:11,2,zezrzqhi,9,10217
311,1985-12-17 02:12:25,7,bkiriyqh,9,21618
312,1938-12-26 09:12:13,1,jflgakka,6,37492
313,2008-11-03 12:11:35,5,peefx,8,43046
314,1904-05-13 05:05:11,8,ygvgoxl,1,42614
315,2006-12-21 05:12:11,2,jlbunmol,6,19713
316,1999-09-29 12:09:39,6,lyxpojay,9,19184
317,1962-08-18 06:08:37,2,elqhdfuzvc,5,48774
318,1912-03-16 08:03:31,1,brfmcazc,6,33505
319,2003-02-21 07:02:57,9,mvbqgtxr,10,12837
320,2005-07-16 12:07:29,6,haefkqxnat,6,43929
321,1938-12-09 07:12:37,10,vjiibat,2,43627
322,1996-05-22 03:05:02,2,vtxcwo,7,41265
323,1908-07-30 03:07:22,2,jehtfzy,3,17842
324,1903-04-27 05:04:59,4,jstmov,6,22128
325,1941-05-06 11:05:35,5,bvlvvdbdlv,1,30820
326,1908-06-06 03:06:51,2,qisnkgursa,1,30275
327,1944-10-19 12:10:40,10,wpijie,1,38153
328,1940-08-27 11:08:18,9,lttqmcta,1,40431
329,2012-12-31 11:12:09,7,ayyxhiz,6,43510
330,1978-10-24 12:10:05,9,uzcun,5,20657
331,1943-09-07 10:09:56,5,mvqyxjr,3,45695
332,1991-07-20 01:07:32,6,djkinmpor,3,19497
333,1945-04-07 12:04:57,6,ofwraykna,5,19535
334,1967-10-02 09:10:32,5,rzysaqn,6,13062
335,2013-01-13 12:01:54,4,uedigm,8,29426
336,1911-03-16 06:03:51,3,yvxvrmqcr,1,25826
337,2017-02-19 04:02:54,9,aaeiqwm,5,31974
338,2000-07-21 11:07:36,10,jnaiinvd,4,47488
339,1931-10-22 03:10:26,2,fqghgkt,7,14155
340,1987-10-19 09:10:50,7,bpbbe,3,20489
341,2014-08-02 04:08:39,2,wgfjtbrk,10,11743
342,1959-08-18 07:08:17,7,efvnp,6,12152
343,1972-08-17 02:08:34,10,vszfbm,1,25251
344,1920-10-07 04:10:13,4,zejetf,5,28130
345,2011-04-24 10:04:05,4,jjgdiy,6,15627
346,1966-05-24 07:05:38,9,xvqjxlq,9,33530
347,2006-08-08 01:08:32,1,ojlmbqyg,6,11620
348,1976-01-20 07:01:21,10,sksav,7,23942
349,1982-12-18 12:12:57,3,kytqnyya,8,41786
350,1968-10-24 11:10:40,10,eqzxi,5,13882
351,1960-09-28 06:09:45,1,dlhhsyko,10,40844
352,1998-05-21 08:05:24,8,hxjteq,7,39083
353,1939-01-01 05:01:35,8,dlmim,10,41317
354,1948-02-02 01:02:22,3,sodgtmhalp,6,18340
355,1903-05-18 09:05:35,2,nxhux,9,40007
356,1983-07-15 09:07:09,4,ffddssvs,2,41290
357,1905-10-09 09:10:52,4,fjoomocohi,6,34953
358,2009-09-20 02:09:19,10,cpzvtiewxm,4,29892
359,1990-06-19 12:06:35,2,crsup,9,41574
360,1977-09-13 12:09:54,6,wnjsgi,6,33591
361,2019-02-25 12:02:57,9,pfryah,6,36514
362,1969-06-19 06:06:36,5,exmaw,9,15731
363,2007-11-17 10:11:25,3,brrzyqvzr,8,22349
364,2001-07-04 09:07:53,9,hzyuihkau,9,22421
365,1998-10-28 08:10:08,6,bghnhd,3,49909
366,1962-05-01 04:05:17,9,aospmuue,8,15940
367,1933-05-27 03:05:03,7,nnkzrbh,3,25218
368,1902-08-24 06:08:04,1,rjmlce,7,14404
369,1909-01-20 02:01:57,9,yfadzpmytp,7,26765
370,1945-08-23 11:08:57,4,ccogrufnv,4,47452
371,1993-12-31 03:12:03,9,ycwtfirej,10,34087
372,1976-09-19 05:09:37,4,ssngx,3,28501
373,1991-01-20 03:01:01,4,frmuovzzx,7,48334
374,1978-12-26 06:12:07,7,aloiiyjijl,1,14899
375,1942-03-23 07:03:17,6,rhrze,10,33518
376,1922-09-05 09:09:53,4,fqzsho,10,25369
377,1951-12-25 02:12:33,3,kfbwowu,2,28957
378,2001-01-03 12:01:16,7,ynofrhg,9,15295
379,1987-11-26 04:11:45,6,bbxtynws,5,38306
380,1950-02-27 02:02:57,3,gschvdsqa,1,47843
381,1942-01-28 07:01:46,7,dsrithylr,1,30118
382,1934-11-14 06:11:33,10,viykw,9,26526
383,1901-06-25 06:06:23,7,byzfgzfmi,10,32840
384,1937-10-04 02:10:28,6,sgdwzdiiy,8,32271
385,1940-09-09 06:09:13,6,xjrcvmwd,7,39782
386,2000-06-04 11:06:56,1,vjbufsc,9,36596
387,2013-05-19 07:05:13,8,dcahseqkph,5,30865
388,1946-03-28 02:03:54,6,swaexecaa,10,45056
389,1990-07-10 08:07:07,10,hdlgytedeq,8,44958
390,1978-11-23 08:11:28,9,rddaei,4,36348
391,1906-08-25 12:08:53,9,awzphi,9,33740
392,1936-02-20 03:02:24,2,bkeisuv,6,41547
393,1904-11-25 02:11:40,8,phspmjrx,10,48680
394,1922-12-20 11:12:06,4,mneyxjxfst,5,49315
395,2019-07-14 05:07:30,6,woemxovtc,6,42253
396,1910-02-23 04:02:46,6,doqsf,3,22930
397,1915-03-29 04:03:18,9,wvcfkk,9,35437
398,2012-09-27 05:09:53,10,ziszgnjoef,2,31843
399,1908-04-23 03:04:13,6,xepwk,6,38218
400,1936-12-12 03:12:48,9,bnqhvc,10,12022
401,1982-01-08 12:01:10,1,ditevxy,4,34491
402,2012-11-03 11:11:37,4,mehxojlyhu,4,15463
403,2013-11-07 11:11:50,10,qtennn,5,48402
404,1946-08-21 06:08:45,3,radhrfww,8,20575
405,2008-12-06 01:12:38,6,ajyec,8,20045
406,1919-08-30 05:08:55,7,anmmpa,10,10756
407,1977-08-04 01:08:07,8,kzxkjcs,5,20572
408,2016-05-28 02:05:53,8,fdpicatvv,1,24473
409,1969-01-25 10:01:53,9,lbadjnlb,5,24278
410,2015-12-05 12:12:46,6,ecqfgg,7,12017
411,1929-05-15 07:05:17,9,jwopbncat,6,39614
412,1995-08-22 08:08:02,2,uscfguy,9,16417
413,1912-05-20 03:05:46,7,guqbicneq,3,33089
414,2007-03-11 12:03:04,10,gcfbjdvr,9,48157
415,1962-04-24 05:04:41,6,ehcvhiau,6,43776
416,1956-02-10 11:02:02,9,nzpmp,4,33163
417,1945-01-27 11:01:43,9,cmrlgbic,10,21434
418,1954-06-22 06:06:34,3,muahray,8,15588
419,1945-07-16 01:07:21,8,bkpzhagk,4,25533
420,1972-02-06 02:02:53,3,nrkaovtlg,8,19846
421,1996-02-25 12:02:40,4,vrchnxaa,8,19001
422,1967-01-01 06:01:48,10,lulnro,5,46119
423,1968-04-25 10:04:22,6,mlvkmgsp,8,39507
424,1981-04-08 09:04:42,1,zqnsjk,1,36572
425,1957-02-25 07:02:50,3,vnrnwm,6,26565
426,1965-07-03 07:07:01,6,yguyrgxto,7,10295
427,1971-10-07 02:10:17,2,cydfnbmpnh,6,14859
428,1954-11-12 11:11:45,3,svibyphe,5,34285
429,1939-11-10 02:11:45,6,bydjpdw,7,43911
430,2018-07-05 01:07:24,10,faoyien,5,48739
431,1975-04-19 11:04:28,5,mlquixzc,1,41700
432,1919-03-04 02:03:29,7,myzvgprs,4,12906
433,1939-05-12 02:05:22,6,azftolpww,5,44384
434,1918-05-05 08:05:39,7,thmqohzzo,6,13704
435,1986-09-06 04:09:09,5,tjzlx,5,41025
436,2012-04-20 05:04:32,3,sszdcskht,2,31026
437,1969-10-12 12:10:08,4,kydpfirt,1,43236
438,1900-09-11 05:09:50,3,hwdjezs,5,36311
439,2005-07-27 07:07:14,7,dkdabejjn,8,44595
440,1938-12-15 11:12:30,5,ydurpkyu,2,39960
441,1906-11-19 04:11:42,1,gmkplewxzf,5,39673
442,1976-05-07 01:05:45,4,iosnng,3,30140
443,1929-08-10 11:08:51,6,qohpatjb,9,44823
444,1944-06-08 05:06:48,4,gpifb,8,29428
445,1970-09-02 07:09:38,4,hwcwobodf,9,37833
446,1946-11-21 10:11:29,2,mreeyejl,9,36998
447,1942-08-14 02:08:43,2,mrlduc,7,37106
448,1929-08-05 10:08:10,5,qjyczjhua,6,33287
449,1925-09-04 01:09:49,2,ehttnwdya,2,45555
450,1927-03-31 10:03:54,1,kafybuy,2,40968
451,1940-01-19 09:01:45,8,dtdat,8,22183
452,1988-09-11 11:09:01,6,rznmchj,8,14010
453,1920-09-07 07:09:10,7,yawwz,2,36518
454,1955-05-21 06:05:26,5,xkvynghz,10,42665
455,1975-04-24 01:04:51,9,wfzdetrrk,7,12613
456,1978-10-18 09:10:51,5,scupazcvm,7,38375
457,1979-08-31 03:08:23,1,skelr,4,17188
458,1946-02-13 02:02:26,5,cpwkaywmxf,4,36489
459,1922-11-17 07:11:40,8,msuxhi,6,48633
460,1940-01-08 04:01:29,6,jemgvqh,1,17856
461,1986-04-30 07:04:26,2,yohajmwqwh,10,44685
462,1925-08-26 11:08:31,6,pfxdydha,8,39812
463,1940-10-17 02:10:38,7,diunuufyc,4,28885
464,1909-02-18 08:02:29,1,bkkyufhgb,2,44562
465,1993-12-19 11:12:55,3,ehbpxymhth,6,16084
466,1993-06-27 08:06:47,5,xxrgzbi,7,44400
467,1949-09-27 06:09:55,7,qccoovxdo,4,32038
468,1900-06-29 04:06:03,3,oxbdp,4,26978
469,1971-09-27 02:09:23,8,ixaiex,8,41330
470,1966-07-04 09:07:41,4,ncsele,8,34226
471,2008-06-06 02:06:58,8,nfvmofvhp,10,41530
472,1948-02-06 07:02:43,6,tnzywic,10,11978
473,1999-07-27 03:07:59,7,amkhhoqvwo,8,22684
474,1942-04-11 11:04:49,3,ugqokf,4,14232
475,1980-10-20 11:10:23,6,lnvjg,3,12537
476,1934-06-24 06:06:02,10,xkseuxm,3,35013
477,1931-08-24 09:08:40,8,fsiubz,1,36446
478,1965-02-01 12:02:13,8,oqcmokr,6,44699
479,1997-05-05 05:05:41,10,dnubuler,5,24478
480,1955-12-29 08:12:56,4,tbbtu,3,37674
481,2005-09-11 07:09:26,9,rytrrzppia,3,34412
482,1992-05-03 10:05:38,5,hhrbazqet,8,44579
483,1985-05-07 03:05:40,10,kiygeevki,6,21361
484,2004-10-25 03:10:28,9,eomogsigvg,8,33358
485,1962-08-31 08:08:47,4,znoblbsn,5,12716
486,1952-01-27 06:01:28,6,lohdahk,6,33958
487,1989-08-26 01:08:19,6,xmjbuw,9,25869
488,1995-12-02 09:12:34,5,cmgpp,10,46042
489,1903-02-25 11:02:17,6,uggtwthkg,7,45984
490,1985-09-22 02:09:48,10,lrcoifthwl,10,19853
491,1917-06-13 06:06:55,1,zfoeklg,4,42911
492,1917-06-23 10:06:48,4,vfgfrxiqwg,8,47467
493,1930-03-20 09:03:00,4,rmptkqwhey,7,36715
494,1968-06-25 11:06:35,5,bgvqucuwb,7,23900
495,1919-06-26 08:06:04,6,tpzoxexw,6,42739
496,1973-04-15 01:04:49,4,mqapwaexs,5,25062
497,1908-04-06 11:04:17,9,uuwjza,10,12314
498,2016-11-28 01:11:53,7,uzujyua,8,15199
499,2001-12-18 04:12:44,4,rkgxjxlzws,3,15269
500,1969-01-18 12:01:32,4,unybrt,3,44310
501,1972-01-29 04:01:01,6,ymvqztqysx,9,45209
502,1961-04-10 02:04:32,7,qlvupooexs,9,49568
503,1994-03-28 06:03:55,4,rzlsnybhi,6,16075
504,1975-02-07 11:02:26,6,jjfcvn,3,29831
505,1927-02-26 05:02:08,8,pvdwrxcoss,1,33916
506,1992-01-13 07:01:44,4,znboa,3,48999
507,1932-04-02 09:04:24,5,ouuvb,7,34103
508,1952-12-25 09:12:49,2,qsltsw,2,40029
509,1920-03-19 10:03:49,1,vdhkytdfbi,7,39974
510,2018-09-09 11:09:26,7,motqqxmykc,6,21456
511,1970-12-22 10:12:04,7,enribip,7,12049
512,1902-05-26 10:05:46,5,tpoqskbc,5,35449
513,2005-10-10 09:10:20,3,obevtyglqd,2,48003
514,1969-10-23 10:10:32,10,vetoxnprx,8,26907
515,1951-12-30 11:12:11,6,codnvm,1,25176
516,1934-05-27 08:05:03,9,mrnruqyu,5,20402
517,1979-05-14 08:05:39,1,ogvie,8,46059
518,1931-09-29 05:09:52,2,qtgdj,5,44015
519,1981-04-03 06:04:37,9,rrluzoy,9,34677
520,1905-11-30 08:11:57,10,hinwlkm,5,33924
521,1932-08-24 05:08:27,6,yobipvray,3,40467
522,1927-01-13 03:01:32,7,npjrjcuth,6,38660
523,2009-03-03 10:03:01,6,hqiraie,7,42664
524,1923-08-03 04:08:38,6,ujeznelr,2,39906
525,2018-03-11 04:03:57,3,kfngpycs,5,29172
526,1995-02-17 08:02:43,6,lwxkweoxrt,8,28916
527,1987-11-07 07:11:42,5,ihjuqtchsj,7,48431
528,1970-05-19 03:05:06,6,xqbfdn,7,38509
529,1968-04-13 06:04:54,9,xijrfmmtxj,9,27123
530,1952-01-30 02:01:08,1,kmxkjij,2,25578
531,1903-09-08 10:09:23,8,ddyxlz,3,39141
532,1936-02-26 10:02:36,7,kkqyslq,9,45855
533,1972-03-13 03:03:13,5,vhfvxdz,9,33455
534,1908-03-31 11:03:38,9,zhsqgtg,7,23631
535,1948-03-25 08:03:12,9,cqxwrhv,9,31543
536,1989-06-24 07:06:09,10,onjhtn,2,49741
537,1928-09-28 01:09:37,7,rerice,9,13679
538,2004-11-17 09:11:38,3,tlukrbexet,10,40034
539,2018-01-19 08:01:25,7,lzqmbmbssw,1,32785
540,1918-02-15 12:02:26,7,vzula,6,32612
541,1941-02-24 01:02:03,8,fdqnk,3,17224
542,2017-10-28 07:10:16,8,crhtbmnmn,7,15807
543,1925-10-23 04:10:09,4,ocamkvtltk,6,46124
544,1952-04-20 05:04:54,1,wpcjtyeyts,6,24177
545,1907-12-02 02:12:59,1,eueyexlsh,5,24796
546,1988-10-27 07:10:31,10,toxrytlire,5,22557
547,2011-05-25 10:05:31,9,hlsbqo,6,33278
548,2015-04-15 04:04:58,10,gpoytfmax,10,14846
549,1920-04-02 09:04:21,10,zoatwmjo,7,36664
550,1932-10-06 04:10:10,3,qlenhojxc,2,48625
551,1980-02-12 06:02:22,6,kmsxadrei,3,13319
552,1984-05-24 12:05:24,1,bbxjclvbb,6,35179
553,2002-08-09 04:08:30,9,buleg,9,12342
554,1974-02-24 10:02:23,10,gjgwpdyo,1,29659
555,1911-06-01 06:06:52,5,zxito,3,32590
556,1966-09-12 12:09:10,5,gbohitcm,4,28616
557,1955-10-22 12:10:55,4,sdxnnjx,1,49615
558,1952-03-25 09:03:40,1,snsoza,5,21273
559,1922-09-27 02:09:52,6,gogqj,3,14822
560,1916-01-16 04:01:51,3,innsj,10,38101
561,2000-02-08 01:02:38,9,qlfiquzld,2,15563
562,1904-11-17 12:11:19,4,qacrqfcaco,8,30871
563,1956-02-05 07:02:22,9,jnjno,1,33877
564,1983-03-24 02:03:50,6,klgatinf,6,44585
565,2015-04-25 03:04:08,10,cvtcyl,3,33866
566,1951-02-26 10:02:00,4,lbihesdr,9,42872
567,1933-01-21 03:01:18,8,lmpsxn,3,20657
568,1990-06-22 02:06:23,9,oasvvp,6,30830
569,1939-07-05 09:07:25,2,efnjr,9,27171
570,1906-03-21 08:03:51,5,xihizfadrq,7,39505
571,1996-07-29 12:07:53,9,ysiqvvbmx,5,12744
572,1973-01-13 03:01:34,3,cslauawgt,4,25782
573,2010-11-16 12:11:09,7,mqxkmehul,4,48703
574,1994-01-11 04:01:07,1,slnitsvny,3,23612
575,2007-05-11 07:05:34,9,wyrscxc,1,15310
576,1984-12-29 02:12:46,8,eltcxrc,1,48011
577,1920-10-09 03:10:28,8,jzhscait,7,21002
578,1901-02-12 08:02:45,7,xeiuybktbt,5,47333
579,2006-02-09 06:02:42,4,irckzbhal,6,49829
580,1965-09-09 03:09:07,6,pleiqjhbsp,4,38947
581,1951-09-23 10:09:26,6,akcpdu,10,44297
582,1941-09-02 08:09:24,1,ewseol,4,34508
583,1963-07-15 05:07:01,3,zovtyxfias,10,36685
584,1990-04-08 01:04:08,8,kmwttdapqm,10,29808
585,1955-04-12 05:04:22,6,ygwik,5,48567
586,1973-02-19 01:02:35,1,cdhlfdy,2,22122
587,1924-10-04 06:10:03,2,clelgkqoyd,2,49745
588,1951-11-05 08:11:56,6,ullmvdzfj,4,32529
589,1915-01-08 12:01:38,5,vbzlyzx,3,24067
590,2004-05-09 02:05:01,5,mfoxzprn,7,26543
591,1909-08-17 09:08:53,5,hfoqx,8,16105
592,1991-06-10 02:06:12,9,xssisomr,2,30661
593,1979-10-10 05:10:24,10,nuply,9,10111
594,1941-09-24 12:09:32,5,pxtlrf,10,27033
595,1964-11-08 05:11:42,1,hzgusgzi,10,29963
596,1923-10-19 08:10:45,10,rdjzulh,6,12806
597,1912-09-28 02:09:32,1,rmxkx,9,39049
598,1982-12-21 11:12:21,9,zcdtv,3,49930
599,1983-12-15 02:12:22,9,tozdjqy,4,26460
600,2003-09-29 09:09:28,5,nxemo,5,33718
601,2017-09-07 09:09:53,9,pqrckxpeur,3,38884
602,1933-01-17 01:01:15,7,uuoldscvpj,8,49036
603,1901-03-25 10:03:47,8,gtgstie,4,44345
604,1939-07-14 09:07:31,2,ndfeppqgvr,4,26052
605,1914-03-25 01:03:46,1,irvlid,10,23880
606,1993-09-21 03:09:43,7,zzqzvb,4,26033
607,1910-05-23 04:05:54,5,mtqgosrgi,7,29772
608,1971-03-30 03:03:22,4,owjeznzvj,8,26302
609,1974-05-13 10:05:25,8,ufcllx,4,23676
610,1945-06-15 09:06:21,8,cqpzlvvwyw,4,37117
611,1910-03-03 03:03:22,10,izpld,2,37484
612,2009-01-01 08:01:29,6,inqcgph,1,48767
613,1958-12-15 12:12:55,1,jorvmyoo,1,45239
614,1945-01-09 08:01:10,3,aommyk,3,18495
615,1929-06-30 08:06:32,4,zblmopirl,4,48697
616,1948-03-07 03:03:30,9,luiyw,1,35921
617,1940-10-04 11:10:04,5,zjsgteo,8,38467
618,2005-05-18 03:05:42,10,oqzzwmr,4,21814
619,1927-04-03 12:04:49,3,ienstfdoyc,7,10797
620,1974-09-18 10:09:17,4,fzzjlccoty,10,26334
621,1952-11-12 05:11:29,10,odzjyg,1,22128
622,1913-11-22 10:11:56,8,sivep,3,46391
623,1966-02-28 09:02:39,4,aqoxkmngp,10,23824
624,2015-03-06 03:03:12,3,hfbcxgottv,7,11234
625,1946-06-01 08:06:27,8,aonsjwqv,9,36115
626,2015-09-17 04:09:20,5,duioaxiq,4,35389
627,1989-09-14 05:09:32,2,hoxwwrxwzk,10,45520
628,1921-11-30 03:11:35,3,cgjrh,1,38838
629,1973-03-25 03:03:08,4,ztvca,6,37813
630,2012-09-28 06:09:50,7,pvrxwq,5,42662
631,1985-05-18 10:05:57,1,wegjzva,4,25572
632,1943-12-22 05:12:54,1,oalgyh,5,14649
633,1970-08-21 05:08:19,9,dcctwmped,8,10409
634,1944-01-11 06:01:44,1,fbtfy,1,30912
635,1936-11-11 01:11:42,5,yjwzruzvid,8,20229
636,1908-07-16 03:07:40,10,kpqyjzd,4,41952
637,1991-04-05 09:04:16,2,nwqil,5,13576
638,1934-03-02 06:03:47,4,cpxjn,7,39055
639,1951-07-22 05:07:35,2,qwnnkdssq,4,44780
640,2009-01-10 11:01:41,9,egqjmlofb,2,12295
641,1926-09-23 10:09:32,3,fhuyvt,3,13664
642,1976-04-29 09:04:03,3,ugmnnxjwa,1,47504
643,1948-05-31 04:05:30,3,qhjnclamz,6,20638
644,2014-07-02 04:07:58,5,rqhnxck,10,30237
645,1960-04-13 04:04:06,9,pczfmsjx,4,22605
646,1961-04-17 12:04:10,6,rfzeqsbxy,3,34683
647,1913-04-26 01:04:00,2,dgovx,4,39922
648,2013-12-06 02:12:14,2,atqqcutx,3,47139
649,1975-11-14 07:11:18,10,xqkxcsjmfx,3,15497
650,2012-05-01 10:05:33,3,gshzlvymk,8,25022
651,1942-06-25 06:06:38,9,ioenygapno,5,45310
652,1941-11-01 05:11:56,1,xykzzn,8,13565
653,1958-07-05 04:07:00,5,xngcwu,7,33484
654,1909-01-04 03:01:25,2,urzzliafph,10,36088
655,1996-07-08 12:07:03,9,aejfqyllq,2,35638
656,2009-09-18 07:09:03,5,vexlan,5,27211
657,2003-12-01 03:12:13,3,rhvqwwo,8,21821
658,2017-01-11 03:01:49,8,owntchq,2,26618
659,1973-12-22 04:12:40,8,bqozwkdvz,10,39455
660,1932-03-20 01:03:32,8,vsxmxfca,2,10192
661,1985-09-15 09:09:54,9,agqxrrcbnz,9,30798
662,1916-02-04 08:02:18,5,vyuleu,7,48033
663,1949-05-13 03:05:33,6,kigdqwwvdl,7,20047
664,1987-12-01 10:12:00,1,xoxvkdgr,8,15815
665,1920-09-04 04:09:51,7,boczujown,8,43771
666,1939-09-22 01:09:32,4,jlzybwl,6,24080
667,1974-06-24 03:06:50,10,deijby,7,38819
668,2014-12-16 10:12:29,7,esgkyxvo,10,20647
669,1961-02-21 09:02:20,10,lutyf,10,32759
670,2009-07-16 06:07:39,5,qdfjiphco,6,28075
671,1921-06-02 06:06:19,2,alfdxdiyy,6,37203
672,1913-11-02 05:11:46,10,jvjgnrs,4,48577
673,1903-08-29 08:08:55,1,swbqkgkt,8,22867
674,1944-07-02 12:07:59,2,tpbdprnkh,5,47472
675,1949-12-18 12:12:21,6,fcsmm,7,44898
676,1958-02-19 12:02:20,2,zpwupqcy,1,15915
677,1901-02-26 07:02:33,4,xnadptc,6,12277
678,1958-10-29 04:10:19,3,zdssqhdx,10,47529
679,1971-05-06 10:05:45,9,lbekodgjw,1,42925
680,1903-11-01 11:11:24,8,mxcoisrluy,10,21044
681,1949-09-27 01:09:57,9,xuvri,9,13528
682,1997-07-16 07:07:27,2,iujfrlzwmr,4,26152
683,1939-01-06 05:01:24,9,tlnvi,1,38369
684,1912-09-08 10:09:44,10,rdvkm,8,24591
685,1927-11-14 10:11:22,7,jriygrwrtd,5,16030
686,1921-10-21 08:10:58,6,fpkdon,3,22345
687,2018-01-16 04:01:26,8,fnxhcvqfpi,2,36533
688,1964-09-05 08:09:30,1,guipawtk,2,27180
689,1900-09-22 03:09:00,6,aewyhrvaq,6,32246
690,1962-09-02 05:09:06,3,lokrv,3,14362
691,1984-12-28 05:12:10,8,vhymhnywyq,3,36114
692,1929-08-19 11:08:15,2,obxmttlor,4,39597
693,1927-08-07 10:08:41,5,gepfzasr,10,38780
694,1959-10-10 08:10:43,6,nfqov,6,49953
695,1908-10-08 11:10:53,9,nrvrpu,3,44333
696,1942-05-03 11:05:45,4,rbsyte,8,28765
697,1935-04-22 06:04:11,9,cioprvcvcg,7,48532
698,1912-08-25 03:08:55,5,otwezye,5,15915
699,1928-12-06 04:12:39,8,bybsb,8,14521
700,2005-05-27 03:05:05,7,yceaiyucod,6,37220
701,1951-01-09 04:01:08,7,dkrmmyb,2,19494
702,1965-07-13 04:07:53,10,waycapzrgu,10,43734
703,1939-07-20 04:07:47,8,xoztexhzkv,8,47119
704,1934-10-24 08:10:25,3,jtzkqny,1,14195
705,2011-01-03 05:01:41,2,vvplp,10,32590
706,1956-05-20 12:05:19,10,gomtck,8,21865
707,1923-10-04 11:10:56,8,obzaqeq,6,26244
708,1950-05-22 07:05:32,6,nnvnrgi,9,34485
709,1928-09-04 12:09:34,1,clexjlwuh,10,11147
710,1933-12-30 05:12:39,9,nmwemomdq,5,22898
711,1950-03-10 03:03:34,4,zgdlxao,1,39615
712,1970-02-25 01:02:27,1,zzxtuz,1,27224
713,1963-10-05 07:10:28,6,whpxmoipy,8,19592
714,1905-07-19 01:07:40,10,dfxzkhsuz,3,11467
715,2001-12-17 09:12:33,10,dqwzzfuid,2,31061
716,1909-05-30 04:05:00,2,qwkvhhhrv,2,32833
717,1995-12-19 12:12:30,6,lfbvfyi,10,43749
718,1907-02-11 05:02:22,5,kwfmyccgg,6,22183
719,1973-08-04 06:08:35,1,lpjth,4,35437
720,1937-11-27 03:11:51,6,xumth,7,23389
721,1900-12-09 09:12:31,2,uhnwuoede,5,26378
722,1925-08-26 02:08:34,7,iyyyybaqi,5,20169
723,2005-07-04 12:07:54,8,zjdyir,3,36018
724,1986-10-26 06:10:53,7,ttjia,8,36440
725,2010-11-02 05:11:05,5,hofuar,10,27091
726,1906-11-26 04:11:48,7,wtdvyvkhej,4,44674
727,1918-06-05 09:06:30,8,zzrvlzwvzt,3,48908
728,1942-04-11 01:04:50,5,wpfhbpus,7,28311
729,2011-07-30 10:07:18,4,zxgmxfb,9,45595
730,1981-06-05 08:06:02,5,wqsmodkk,10,30427
731,1969-06-21 05:06:09,4,qmwmwutiq,8,30244
732,1954-01-14 05:01:57,7,kjpwx,5,14657
733,1930-09-29 08:09:31,2,flxbxoe,4,43924
734,1919-06-05 01:06:52,8,xoblhbi,7,31273
735,1925-07-17 08:07:04,8,uejqrsgawr,5,13629
736,2013-07-25 08:07:47,1,qirxxr,5,45659
737,2006-05-13 01:05:30,1,bradagipjb,3,34943
738,1920-11-10 08:11:21,2,unmrsbt,6,21858
739,1969-10-21 01:10:43,7,sgzpebwjte,7,21800
740,1932-07-28 03:07:36,2,yguicymwfi,3,16056
741,1994-07-04 07:07:41,10,jbfzjhrtbp,2,40212
742,1976-05-25 10:05:18,3,prglyqd,9,41176
743,1902-06-15 09:06:49,8,zggmastuy,4,40495
744,1982-11-17 05:11:29,10,mptkt,4,35755
745,2002-06-24 09:06:24,8,crqvhlouvh,8,48096
746,1900-08-30 05:08:38,1,zuciwfivo,8,11996
747,1987-09-09 01:09:09,2,btkbkuse,5,43953
748,1969-03-24 08:03:01,3,xhszg,6,13859
749,1950-09-13 01:09:21,6,iddcumse,4,35800
750,2012-11-16 07:11:52,8,pysdx,9,38024
751,1970-10-29 07:10:03,6,cikreqzwgx,1,14435
752,1994-02-19 10:02:15,4,nhtsnn,3,40448
753,1980-05-11 06:05:13,10,whqiierq,2,17647
754,2007-02-04 10:02:50,9,zzaab,10,40749
755,1958-12-07 11:12:09,7,nsxir,3,40415
756,1900-12-07 09:12:56,1,kmopaxssj,2,36917
757,1966-12-30 07:12:47,9,bjgizzjx,9,27876
758,1967-10-07 04:10:03,6,fwdwznuti,2,41201
759,1963-10-23 12:10:32,3,hhaedzrrov,3,48721
760,2000-03-30 03:03:40,3,rpgurtul,8,15008
761,1948-06-14 05:06:33,1,jimgwukdl,8,22000
762,1951-04-16 01:04:56,10,azompbc,3,11660
763,1924-09-02 11:09:33,5,rxqybcuz,5,29438
764,2002-05-08 08:05:55,5,enmlnqdh,6,24105
765,2013-01-10 02:01:00,3,ttxfnfv,3,14794
766,2012-05-28 06:05:20,1,yppcgaxf,6,20373
767,2017-08-30 06:08:28,10,xecfpwc,5,36365
768,1938-06-17 03:06:55,1,tpzhk,10,33708
769,1957-06-11 12:06:05,7,goncuhwz,4,29608
770,2015-03-16 09:03:23,5,tnqqgig,4,39104
771,2002-10-02 03:10:48,4,ylsryhxn,6,12817
772,1967-09-14 01:09:19,10,umbpvvpsr,6,38981
773,1924-09-22 02:09:11,3,avdnnnvtb,2,26583
774,1978-02-18 12:02:05,5,mpcngql,7,24969
775,1969-11-07 08:11:17,9,xueyhx,3,39776
776,1947-03-28 04:03:01,4,rydbllx,6,49171
777,1947-11-21 07:11:07,7,yrkortrjmg,1,30251
778,1971-04-26 06:04:21,2,wyeibxgiz,7,38766
779,1988-07-09 12:07:41,7,hdsqbsx,6,45090
780,1982-09-16 02:09:23,9,srwsxpciv,9,49262
781,1986-11-15 08:11:18,4,skkcjqr,3,18317
782,1904-02-16 02:02:23,5,rprtkvsdn,4,38825
783,1915-07-09 01:07:03,7,nkxpjx,1,40658
784,1992-10-15 12:10:44,6,ywmvu,2,22324
785,1944-02-05 02:02:15,1,xssxqap,2,26788
786,2002-10-10 06:10:40,9,dsfhxpay,10,12270
787,1957-06-27 06:06:43,9,xslfcpxkji,8,16908
788,1929-06-14 05:06:28,5,bohlrxfln,9,35842
789,1944-04-25 02:04:48,10,izrtrxduu,4,36552
790,2000-09-09 10:09:51,8,xwxoxkejit,9,10897
791,1957-02-22 12:02:24,8,hkrmldtom,2,45615
792,1934-08-26 05:08:09,1,owcfaqx,1,10262
793,1971-06-30 08:06:02,1,zjprzg,4,42574
794,1974-04-01 12:04:44,8,tmawuitsxc,5,20571
795,1964-04-30 05:04:31,2,yhmmetapks,7,48999
796,1953-01-06 09:01:26,5,qqbly,8,35675
797,1927-01-05 03:01:18,1,whjusg,10,45764
798,1979-12-17 07:12:40,5,xusnbnuqkl,4,30106
799,1900-11-20 12:11:15,6,acksdnb,5,43958
800,1948-01-31 03:01:17,5,qvpvkxz,9,19751
801,1918-05-09 09:05:22,3,ttvonrs,2,40540
802,1985-02-03 09:02:01,4,ghajtr,1,10134
803,1905-10-30 09:10:37,4,jxxbatnn,2,19182
804,1968-02-05 02:02:35,5,idvoaxiuwg,4,26725
805,2014-05-23 05:05:57,10,aspyiydl,3,17823
806,1994-10-27 11:10:08,4,lywspziens,4,25928
807,1918-04-18 10:04:02,1,uathjuheg,7,19664
808,1935-10-07 05:10:18,6,cdxzyo,6,39767
809,1994-03-17 04:03:38,4,pnycsi,7,15137
810,1970-10-08 11:10:04,1,grhkc,2,33447
811,1913-11-12 10:11:22,1,vvykwgrubp,8,10893
812,2008-09-14 01:09:16,6,cltwdrn,4,21817
813,1959-10-25 10:10:20,3,gthlokvnx,9,37418
814,1959-12-12 11:12:28,7,pfscus,5,44367
815,1977-05-12 06:05:16,5,zburyaf,10,21407
816,1993-10-31 02:10:16,5,laikkbab,9,10507
817,1921-03-16 06:03:17,1,jzouk,4,43650
818,1954-03-10 08:03:53,3,ztycvwcrsn,8,19254
819,1927-03-10 01:03:53,5,igajtl,4,23203
820,1992-11-12 03:11:44,2,dyrckpr,7,46277
821,1939-12-23 07:12:53,1,qcletg,5,35796
822,1928-06-19 03:06:52,9,wobzpmy,8,18300
823,2001-01-28 09:01:15,1,iabwfq,4,34879
824,1985-04-16 04:04:00,9,lmwcejvho,1,21332
825,1926-04-27 10:04:14,2,cjapl,1,45131
826,2005-08-19 12:08:33,5,ecgeqngj,10,28449
827,1985-09-15 01:09:38,1,gfcqimbum,8,17992
828,1982-07-15 12:07:56,1,iniyh,1,14033
829,1911-04-22 07:04:48,1,rxiepo,1,29667
830,2003-04-08 06:04:44,2,odjcx,10,23300
831,1965-11-23 12:11:49,4,oieykpi,7,19595
832,1924-08-20 03:08:04,4,kjakint,1,17879
833,1969-02-18 08:02:42,5,gbhlucsizw,2,21496
834,1980-03-29 03:03:42,10,vacsdkbxr,10,37004
835,1971-09-13 09:09:29,3,sglhaf,3,26588
836,1940-03-22 11:03:36,5,zhhusqlg,3,27441
837,1983-12-26 07:12:09,3,zftxqumkt,7,47342
838,1957-06-12 01:06:17,6,vjghgf,10,23744
839,1940-04-05 03:04:55,4,qldrb,5,45064
840,1963-05-06 03:05:56,3,rzsfaro,2,31876
841,1960-09-23 10:09:27,10,ytvqir,2,27705
842,2002-01-25 05:01:39,1,vwdxo,10,33103
843,1951-07-04 05:07:26,6,eilnqf,6,43605
844,1942-03-08 11:03:28,7,hhevqdmwb,5,44851
845,2001-10-31 02:10:26,8,ronbkqkc,9,17121
846,1945-01-06 08:01:50,8,gpsehbnvhb,7,15391
847,1941-01-20 09:01:26,5,owdhq,5,15106
848,1935-09-03 10:09:55,2,atkisnior,7,45773
849,1953-05-13 11:05:15,3,nlmkwvyz,9,28250
850,1965-04-24 07:04:13,3,dchjdyym,10,38724
851,1959-01-02 06:01:29,2,zqmlgdflrd,1,21476
852,1988-08-22 01:08:27,7,odyxyrv,5,46379
853,1926-05-07 05:05:02,4,yfese,9,44110
854,1969-04-04 10:04:07,9,fecwvkj,5,32398
855,1929-05-20 02:05:24,1,qtnasiv,9,26491
856,1939-12-29 01:12:36,8,qvbluqkk,10,46236
857,2014-11-08 01:11:01,5,syfwymeo,2,22028
858,1937-02-28 08:02:21,1,wxgckszw,7,27769
859,1931-08-04 04:08:06,8,hiijk,8,19961
860,1937-11-01 01:11:12,7,xrvzht,2,47619
861,1995-09-06 11:09:50,6,urnotww,7,44694
862,2008-03-14 09:03:54,2,ltpijeof,6,49279
863,1901-09-26 09:09:16,5,asbchkfyxw,4,32397
864,1939-10-21 09:10:36,10,iqmrzt,4,24773
865,1918-11-29 04:11:48,7,ljeayhkzay,3,28450
866,1983-06-11 04:06:53,10,eojxfje,5,19829
867,1984-05-30 09:05:35,9,ywwdvx,9,21615
868,2006-04-10 06:04:28,6,dpswtstma,10,29196
869,1978-02-24 01:02:10,8,tehdxezce,4,30843
870,1920-01-19 01:01:51,7,renegc,9,42589
871,2010-08-24 02:08:42,1,wgsqhdar,1,41569
872,1911-06-08 02:06:12,2,ndtgoksg,4,10089
873,1984-07-26 03:07:37,4,dpqgcclwsj,8,35498
874,2003-09-15 02:09:19,7,bhiumqhcey,4,42961
875,1984-09-19 12:09:05,2,hkaofwojnc,3,40776
876,1902-12-30 07:12:09,10,whtffr,7,42926
877,2006-01-27 10:01:28,6,atnizgqpf,6,47679
878,1971-12-31 05:12:17,4,qroic,7,35687
879,1921-03-06 04:03:50,7,aljalj,1,26210
880,1957-07-17 01:07:23,1,mnfnu,3,14575
881,1900-12-02 05:12:56,10,ncpsrtyfjx,9,32049
882,1996-02-25 05:02:10,4,cdbesz,9,28582
883,1963-08-18 12:08:00,3,wtegj,1,30849
884,1994-08-07 05:08:36,10,lgtlxzoh,7,44426
885,1989-06-29 05:06:58,10,pbgyenbgu,4,48449
886,1905-08-30 01:08:16,6,sdfsozpf,4,13371
887,1908-07-16 01:07:16,3,ldsyvrrt,8,43270
888,1993-03-10 08:03:03,8,gkfqeh,10,32873
889,1954-05-21 10:05:25,2,oswpgizfe,2,28139
890,2018-09-03 05:09:43,3,npkxjgrbl,9,30691
891,1911-09-20 08:09:13,6,pgcakcrw,5,21787
892,2010-08-29 09:08:19,8,tsysbsgx,6,34037
893,1954-09-23 12:09:00,8,fsvanb,1,48366
894,2010-08-07 07:08:27,1,gmpskm,10,34321
895,1917-06-02 02:06:44,2,hxptcoyv,1,35642
896,1995-08-24 06:08:59,3,iabudhgac,2,19195
897,1931-05-16 03:05:10,7,dgdmorbr,6,33104
898,1901-05-02 02:05:34,1,qxlalnh,9,33899
899,1909-12-25 12:12:08,1,nvyae,6,34253
900,2001-11-02 05:11:46,10,igvozb,8,16915
901,1909-11-05 08:11:33,7,bvdqcpokbi,3,27351
902,1993-12-02 08:12:53,7,qhusuqs,2,45828
903,1924-06-24 09:06:13,2,lflhcjtk,8,20298
904,1929-03-25 11:03:35,1,vokysiv,5,35415
905,2012-01-21 11:01:02,4,zsjziqg,6,38593
906,1959-03-21 03:03:46,8,jijvqpjusf,10,46465
907,1936-12-17 04:12:44,8,jgpfgytg,9,35328
908,1956-08-21 12:08:17,10,gsrqvwudmo,3,44809
909,1936-04-25 09:04:54,9,ussdbrjizx,3,46869
910,1957-07-08 09:07:59,10,ouxvxw,1,27046
911,2002-10-23 09:10:52,1,wixjls,6,14715
912,1944-05-25 12:05:03,5,ddunue,7,24661
913,1991-12-01 02:12:17,2,nzsqj,10,11076
914,1914-01-31 08:01:52,5,stizhd,2,17328
915,2006-11-19 05:11:59,10,idcpimr,3,14777
916,2002-02-16 06:02:04,10,knasbs,7,41022
917,1996-07-15 02:07:18,2,gocsmme,6,10563
918,1990-03-02 11:03:41,2,qtdfi,4,32577
919,2000-07-17 07:07:53,6,ksdrdwesvg,2,24751
920,2019-06-29 10:06:52,5,ldpihoaffo,5,39251
921,1915-05-11 08:05:50,1,hicvi,5,31241
922,1946-05-18 07:05:30,3,qvwukbx,3,47163
923,1977-08-02 07:08:20,4,gabtkfdgx,2,47003
924,2017-07-07 11:07:55,5,cedjrdob,7,44631
925,1985-02-06 06:02:45,7,qwagg,4,42994
926,1901-09-23 06:09:20,8,mtwhmyord,1,45820
927,1925-02-24 11:02:33,9,gjetznf,7,29259
928,2008-06-29 09:06:50,7,vzjqvb,2,30236
929,1933-04-20 11:04:50,3,xwlxpgl,10,33101
930,1975-11-16 09:11:35,9,wjefg,8,37964
931,1932-01-23 06:01:29,1,gckdldh,3,33624
932,1982-04-02 07:04:38,8,uonjkmjhyf,7,49111
933,1928-08-09 02:08:52,1,fbpjx,8,26778
934,2015-11-24 02:11:48,8,xlzit,8,40555
935,1953-05-08 09:05:37,8,cnbbmepjmk,2,23388
936,2009-12-08 09:12:50,6,rmevldxtv,3,18217
937,1981-02-02 12:02:38,6,botkcuh,7,17289
938,1972-06-24 08:06:32,7,tycwacp,8,37456
939,1964-03-21 08:03:05,6,wwcrzatt,7,41770
940,1944-10-30 06:10:07,3,hfxdvwrb,5,11815
941,1967-11-09 10:11:45,2,rbkrpxsx,2,44386
942,1979-12-08 06:12:04,9,vgozimvtob,10,33249
943,1947-05-13 05:05:03,9,enfcidhcv,9,11575
944,1933-08-20 02:08:24,3,cyveck,2,30018
945,1961-12-26 07:12:38,9,tkuhyeggd,10,39920
946,2000-04-22 05:04:47,8,strwgqejd,5,38146
947,1999-11-07 02:11:50,3,atgavaru,9,18581
948,2013-07-10 08:07:51,3,rzjtsorqca,10,37612
949,1917-11-10 04:11:10,7,nvplz,8,47016
950,1944-11-02 09:11:41,4,tnfvbv,10,26377
951,2010-05-10 02:05:40,8,ycqvomwa,2,18879
952,2011-02-14 05:02:01,7,alifv,2,25652
953,2013-10-04 04:10:45,4,tqwqmiii,5,17788
954,1942-01-02 09:01:36,2,cetjbl,8,24936
955,1901-12-09 02:12:34,8,btggobhvpy,5,38589
956,1951-10-19 04:10:01,6,oieja,6,13431
957,2010-11-22 12:11:28,3,cscbgkr,4,40840
958,1991-07-14 05:07:12,6,slzblgg,10,44498
959,1986-06-26 05:06:59,1,eatstbcomh,6,15504
960,1932-03-15 07:03:55,6,fzjtejvqmt,1,11297
961,1934-06-17 05:06:25,1,gzaemojhl,5,28712
962,1981-08-26 12:08:35,9,ckvjq,3,46157
963,2018-03-17 03:03:02,9,dhakdeenj,10,30206
964,1920-12-14 12:12:25,1,cngrq,1,35843
965,2009-09-29 08:09:36,10,ndbwfjv,8,15992
966,2011-12-20 01:12:48,2,zcwgavshw,6,19653
967,1956-12-26 03:12:24,6,tpkrnbbafx,1,28257
968,1996-11-14 10:11:35,7,bqqutl,4,15837
969,1902-09-16 09:09:10,4,rpkheyljxd,3,32966
970,2004-06-04 02:06:15,1,ojzbxtehj,6,49370
971,1953-12-14 02:12:42,1,ywtsggyu,6,22443
972,1975-11-05 07:11:03,8,adkse,4,18692
973,1993-02-03 07:02:53,4,nocei,1,30820
974,1948-09-09 12:09:21,1,suetcx,4,32132
975,1920-08-20 07:08:53,4,tathftiizk,2,47186
976,1963-10-31 09:10:27,3,lptpqdg,8,40510
977,1974-08-23 01:08:44,1,fwgbx,6,12204
978,1959-06-19 08:06:27,6,zjshxjg,10,26904
979,1961-07-04 06:07:48,9,dwzxz,8,32053
980,1908-03-07 06:03:05,8,gmlkq,1,31692
981,1964-05-19 08:05:57,10,utlcjkeqt,4,41787
982,1925-02-17 12:02:24,8,eeauisgjgy,9,40237
983,1964-06-17 03:06:53,8,njwajmmyv,3,37008
984,1955-06-14 12:06:42,9,ffauxbeiht,5,42684
985,1937-11-26 06:11:30,7,dmwpxbbypb,4,13714
986,1950-12-14 01:12:07,4,pedemtc,8,11782
987,2009-03-01 01:03:15,10,mgcacfe,8,18120
988,1900-10-13 11:10:08,6,wjgplaun,2,29661
989,1988-05-02 10:05:38,9,kqvvdf,6,45829
990,1915-02-13 06:02:09,10,ycddxr,4,26674
991,1979-02-01 02:02:44,8,iewml,6,49383
992,1958-04-22 08:04:21,1,etkajrxwej,7,47263
993,1925-07-19 10:07:03,4,cinqo,3,45655
994,1921-04-14 06:04:46,8,phfvns,5,47840
995,1945-07-20 04:07:21,6,fogtnrmug,1,17897
996,1906-12-31 12:12:43,2,nikdlztze,3,12899
997,1977-08-25 08:08:36,1,hlasbijiu,8,15971
998,1917-02-13 11:02:42,10,notknha,6,41360
999,1945-07-13 10:07:51,3,nxyug,5,28331
1000,1919-12-26 08:12:03,2,iobnty,3,13308