transaction_id,timestamp,vehicle_model_id,price
1,2012-03-01 17:03:00,15,21816
2,2011-03-09 20:03:34,9,23400
3,2010-09-01 09:09:26,10,16691
4,2016-08-06 01:08:01,14,25290
5,2013-04-26 11:04:32,7,10258
6,2017-02-19 05:02:48,6,14421
7,2019-07-15 04:07:27,13,19293
8,2010-04-16 10:04:44,7,26917
9,2013-08-06 01:08:33,2,19082
10,2010-01-24 11:01:04,4,13083
11,2016-06-17 21:06:31,9,10931
12,2012-08-23 12:08:09,2,13440
13,2011-10-07 15:10:53,4,21632
14,2013-11-22 06:11:32,14,20125
15,2019-06-14 17:06:08,8,11921
16,2011-09-27 14:09:45,2,11213
17,2011-09-11 10:09:43,8,24039
18,2015-06-19 22:06:32,6,12936
19,2014-07-17 04:07:45,3,17329
20,2016-07-29 03:07:15,2,15177
21,2013-10-17 23:10:18,14,18181
22,2019-04-17 02:04:05,2,11870
23,2010-07-25 09:07:21,15,14781
24,2010-06-22 23:06:56,6,22391
25,2014-09-11 23:09:41,11,29494
26,2010-07-14 13:07:54,12,15470
27,2011-02-06 13:02:15,10,25281
28,2016-02-28 02:02:27,3,13904
29,2014-12-19 20:12:36,12,13746
30,2017-06-27 07:06:38,9,25492
31,2018-07-25 22:07:39,6,29368
32,2010-10-27 20:10:45,13,24900
33,2010-10-14 18:10:01,7,24373
34,2011-04-17 09:04:26,7,26483
35,2015-02-08 07:02:19,7,24093
36,2017-09-18 02:09:04,9,28833
37,2015-08-10 07:08:42,7,27800
38,2018-09-03 06:09:18,6,12452
39,2019-10-04 06:10:46,14,11511
40,2018-02-07 06:02:27,15,22524
41,2017-05-10 12:05:46,7,13224
42,2019-09-16 01:09:11,13,20222
43,2017-08-14 07:08:37,2,14288
44,2016-12-10 14:12:45,3,22848
45,2018-01-23 18:01:32,6,17381
46,2012-08-26 19:08:57,14,26915
47,2012-01-24 06:01:38,14,11945
48,2014-05-15 16:05:24,15,29134
49,2013-04-08 09:04:53,4,16864
50,2012-05-13 11:05:48,11,10370
51,2019-08-03 16:08:26,10,17772
52,2018-05-30 04:05:30,13,17043
53,2010-10-14 20:10:43,15,28257
54,2015-12-18 08:12:56,4,13744
55,2016-10-24 07:10:59,6,17460
56,2019-11-28 01:11:17,15,27805
57,2016-12-13 00:12:00,1,15403
58,2013-05-19 13:05:53,11,24389
59,2014-12-22 23:12:13,15,13689
60,2011-03-11 12:03:35,10,19826
61,2018-02-18 22:02:55,5,14365
62,2011-01-28 11:01:25,10,26480
63,2013-08-31 11:08:42,4,16365
64,2017-04-25 09:04:40,11,28503
65,2011-10-11 18:10:53,13,20574
66,2011-07-09 18:07:13,2,12640
67,2013-08-15 01:08:34,13,22123
68,2015-08-29 10:08:48,6,14310
69,2018-11-03 17:11:06,2,23313
70,2013-05-23 17:05:57,5,28286
71,2018-10-20 04:10:45,4,28159
72,2016-05-29 10:05:12,6,24613
73,2016-06-26 21:06:41,2,28429
74,2015-10-04 19:10:37,14,25412
75,2010-07-06 13:07:46,4,11863
76,2010-05-11 02:05:02,1,22981
77,2010-07-18 15:07:26,8,24356
78,2014-04-27 22:04:45,10,14620
79,2011-08-03 19:08:18,4,12129
80,2012-11-30 05:11:56,14,19599
81,2011-03-12 23:03:09,9,22104
82,2014-07-21 23:07:22,2,27645
83,2019-11-08 20:11:33,15,14446
84,2015-08-15 20:08:25,4,22334
85,2012-12-09 01:12:32,5,23032
86,2016-02-17 14:02:32,4,16847
87,2017-02-12 19:02:21,10,27554
88,2011-10-01 17:10:04,13,26874
89,2016-03-22 06:03:57,1,25421
90,2015-09-02 20:09:48,5,24212
91,2016-10-27 19:10:08,14,15763
92,2011-09-21 17:09:41,1,29096
93,2011-09-14 10:09:16,13,22553
94,2011-02-15 13:02:22,8,23763
95,2019-07-30 21:07:18,9,17534
96,2014-01-29 06:01:12,7,25282
97,2013-06-25 21:06:18,12,19290
98,2010-01-26 19:01:12,4,14984
99,2013-07-23 21:07:52,9,14210
100,2019-09-10 14:09:07,8,15569
101,2019-12-14 23:12:41,9,13079
102,2014-06-06 17:06:02,7,12377
103,2014-12-10 07:12:50,3,14816
104,2014-06-29 09:06:43,11,14432
105,2015-08-27 22:08:21,8,11634
106,2017-11-18 12:11:27,6,25153
107,2012-04-25 04:04:18,5,24259
108,2019-07-26 19:07:44,5,21874
109,2010-11-26 11:11:02,14,21281
110,2010-02-10 04:02:31,5,12198
111,2015-05-21 05:05:32,11,10575
112,2017-09-05 09:09:06,5,27016
113,2018-08-13 10:08:05,14,13465
114,2011-09-01 15:09:05,15,19002
115,2010-08-21 12:08:59,4,22822
116,2013-09-28 11:09:04,8,21653
117,2013-12-25 01:12:48,12,24134
118,2019-03-03 04:03:57,8,21182
119,2011-04-01 15:04:38,6,18658
120,2015-01-15 03:01:52,13,26770
121,2016-02-25 18:02:33,8,19198
122,2011-02-17 06:02:24,3,26642
123,2019-03-14 07:03:48,14,25132
124,2012-12-23 18:12:05,12,22217
125,2018-11-12 23:11:55,5,24476
126,2018-02-17 02:02:19,6,21081
127,2016-07-30 01:07:36,1,22961
128,2014-03-09 01:03:20,7,12002
129,2016-06-18 09:06:16,3,10643
130,2012-02-14 01:02:20,10,21417
131,2014-04-25 11:04:24,12,28241
132,2010-08-26 16:08:09,13,26569
133,2013-11-22 06:11:05,2,25768
134,2012-05-09 20:05:41,14,24831
135,2016-05-11 09:05:04,8,16610
136,2014-06-09 00:06:12,10,18396
137,2010-02-11 18:02:13,13,28987
138,2018-10-28 19:10:30,1,23388
139,2019-02-09 01:02:06,8,11592
140,2013-05-15 23:05:47,3,14553
141,2014-12-25 09:12:56,11,14643
142,2017-11-22 18:11:49,2,26261
143,2016-07-05 03:07:46,3,18912
144,2015-10-27 00:10:31,14,28834
145,2015-09-06 03:09:46,3,25049
146,2012-09-06 03:09:08,2,24962
147,2019-07-15 23:07:17,3,23455
148,2013-08-13 00:08:53,9,17668
149,2017-12-30 14:12:45,6,21369
150,2012-08-29 04:08:01,9,27669
151,2013-07-22 08:07:16,11,17668
152,2019-06-01 11:06:24,13,11414
153,2019-05-26 09:05:31,6,11289
154,2010-04-20 17:04:45,1,18470
155,2016-09-27 03:09:01,11,14074
156,2010-04-15 06:04:31,6,28459
157,2012-10-14 15:10:58,6,14212
158,2013-08-07 17:08:32,2,18809
159,2018-06-20 07:06:49,5,26330
160,2017-10-12 09:10:24,6,26317
161,2010-07-14 13:07:22,5,19070
162,2013-03-16 02:03:40,13,13598
163,2015-04-28 10:04:53,1,28076
164,2019-10-11 14:10:31,8,15762
165,2016-09-12 21:09:44,7,11094
166,2018-11-10 17:11:30,2,25447
167,2012-06-16 08:06:52,1,25338
168,2010-07-05 19:07:34,15,14916
169,2018-05-22 15:05:20,4,15402
170,2019-03-26 19:03:07,7,28820
171,2013-08-21 13:08:54,13,22088
172,2015-12-28 04:12:39,2,19178
173,2016-10-25 19:10:51,11,25613
174,2012-03-15 05:03:01,10,28876
175,2010-05-26 08:05:30,5,14433
176,2018-12-23 16:12:13,10,24322
177,2019-03-31 08:03:55,4,10977
178,2010-06-27 08:06:43,6,17627
179,2018-04-04 04:04:50,2,17858
180,2013-10-24 10:10:26,10,13082
181,2016-02-16 05:02:45,4,27475
182,2018-02-28 06:02:45,12,12351
183,2010-08-23 13:08:08,7,21035
184,2017-10-10 10:10:42,7,11684
185,2014-07-13 09:07:28,15,14892
186,2016-10-02 03:10:19,9,14452
187,2014-01-06 03:01:26,4,21302
188,2010-11-01 07:11:05,4,11602
189,2012-03-21 04:03:26,14,16067
190,2018-09-04 19:09:43,1,11502
191,2016-06-30 23:06:34,6,11463
192,2016-04-15 13:04:32,2,13062
193,2017-03-28 15:03:24,7,16781
194,2018-11-07 14:11:36,12,16505
195,2012-06-27 12:06:37,8,23025
196,2012-09-03 08:09:35,8,12400
197,2016-08-18 16:08:11,12,21170
198,2012-10-29 18:10:41,12,14597
199,2012-12-07 06:12:48,4,27696
200,2015-03-10 00:03:09,9,20059
201,2019-08-21 11:08:37,1,17285
202,2013-10-28 10:10:25,2,10548
203,2016-03-31 04:03:30,4,19138
204,2011-03-01 17:03:31,3,12080
205,2010-12-28 19:12:23,12,11577
206,2014-11-04 06:11:39,14,14375
207,2019-06-11 16:06:40,11,15235
208,2013-08-05 19:08:48,13,16543
209,2019-10-27 08:10:40,9,15556
210,2017-01-19 15:01:05,6,15118
211,2018-06-17 06:06:17,7,27863
212,2010-08-05 05:08:17,11,10274
213,2013-03-23 08:03:09,12,28262
214,2010-05-04 09:05:05,2,20796
215,2010-08-11 06:08:32,12,21783
216,2017-12-28 10:12:08,1,20835
217,2015-11-26 04:11:46,5,21470
218,2013-01-16 04:01:30,13,24865
219,2013-04-16 21:04:01,5,28415
220,2018-12-09 22:12:00,13,14452
221,2019-09-21 01:09:43,10,27034
222,2015-03-20 13:03:47,5,20070
223,2012-10-17 06:10:46,3,21286
224,2014-06-25 08:06:52,14,24483
225,2019-09-28 23:09:22,3,26307
226,2016-02-27 18:02:51,1,14973
227,2017-12-03 16:12:34,7,25270
228,2011-06-14 20:06:03,11,10791
229,2016-11-24 14:11:59,11,22003
230,2013-03-06 16:03:03,10,27427
231,2016-09-12 09:09:28,2,27980
232,2016-09-28 02:09:37,3,16334
233,2013-11-25 03:11:47,3,25707
234,2018-10-28 01:10:15,8,22831
235,2014-09-10 20:09:19,8,26038
236,2010-08-24 22:08:37,13,16073
237,2015-06-19 06:06:02,4,11426
238,2010-01-11 18:01:09,7,17783
239,2017-12-03 13:12:42,11,29519
240,2013-02-25 07:02:09,14,27588
241,2015-06-02 19:06:21,14,16595
242,2014-10-26 09:10:01,3,29461
243,2011-06-08 10:06:07,15,26641
244,2013-02-13 09:02:33,9,22701
245,2011-05-31 00:05:37,10,23196
246,2010-05-01 07:05:37,6,28711
247,2016-12-02 19:12:05,4,28256
248,2018-03-04 20:03:45,1,12797
249,2019-05-18 04:05:16,10,23509
250,2014-02-12 04:02:55,11,13040
251,2019-11-22 13:11:34,7,14845
252,2018-05-28 13:05:41,1,22931
253,2010-12-20 00:12:37,13,26298
254,2013-10-30 09:10:29,6,13788
255,2013-06-14 09:06:39,13,19124
256,2017-12-12 04:12:17,5,28950
257,2019-01-29 06:01:40,7,21348
258,2013-09-08 08:09:20,10,10299
259,2013-12-11 16:12:25,4,10306
260,2015-10-23 10:10:43,9,29817
261,2018-03-18 02:03:32,15,19719
262,2010-07-21 11:07:05,2,22615
263,2019-01-11 22:01:30,13,19492
264,2018-05-22 15:05:01,6,13346
265,2018-07-22 04:07:10,11,29867
266,2018-10-20 05:10:42,6,25679
267,2018-07-17 00:07:38,14,29723
268,2011-07-19 02:07:09,10,25703
269,2013-01-29 22:01:30,7,20257
270,2018-08-30 10:08:27,15,18962
271,2012-02-26 05:02:11,11,26692
272,2013-04-04 00:04:04,8,15784
273,2017-10-02 20:10:39,11,22322
274,2016-04-28 15:04:03,8,23894
275,2017-05-04 00:05:22,10,19765
276,2016-06-19 06:06:23,10,22769
277,2015-09-18 14:09:01,6,25370
278,2012-08-18 17:08:36,12,20792
279,2011-09-04 17:09:00,10,10415
280,2012-03-29 04:03:53,1,28673
281,2013-03-16 19:03:47,5,15876
282,2013-01-16 18:01:06,8,27445
283,2017-11-20 04:11:31,9,10743
284,2014-09-26 22:09:47,9,25509
285,2018-02-03 23:02:53,1,11480
286,2010-11-20 01:11:38,8,21812
287,2017-06-25 20:06:08,3,26939
288,2011-03-14 05:03:42,11,23139
289,2015-06-30 01:06:50,5,21065
290,2016-07-29 15:07:05,3,15440
291,2011-08-18 09:08:03,14,14377
292,2016-08-26 23:08:25,2,16694
293,2010-07-15 18:07:52,5,29346
294,2010-10-10 22:10:32,1,15990
295,2011-04-17 10:04:56,9,25821
296,2017-08-07 08:08:23,11,11362
297,2015-11-01 15:11:39,11,26211
298,2016-11-12 03:11:31,7,18988
299,2013-06-07 03:06:05,12,27628
300,2017-03-29 03:03:50,8,27004
301,2011-10-01 05:10:07,10,11265
302,2013-08-19 02:08:43,14,10064
303,2011-01-01 13:01:19,1,27046
304,2011-02-15 14:02:40,8,24053
305,2015-06-27 10:06:48,7,17170
306,2017-10-11 14:10:18,13,15847
307,2017-08-01 09:08:18,9,27694
308,2016-02-16 03:02:41,14,13655
309,2012-06-01 18:06:18,12,25078
310,2018-12-24 00:12:25,3,17159
311,2015-03-10 23:03:59,2,25886
312,2019-05-06 16:05:40,9,28827
313,2011-01-18 05:01:19,10,11015
314,2013-03-30 07:03:46,5,19293
315,2010-09-08 23:09:53,15,12130
316,2011-03-27 12:03:12,4,24877
317,2017-09-01 20:09:39,2,29876
318,2010-03-05 01:03:47,15,17662
319,2018-08-29 00:08:48,9,18957
320,2012-12-18 15:12:47,12,16636
321,2019-07-21 09:07:30,10,10860
322,2013-09-12 09:09:03,4,22151
323,2017-11-16 05:11:43,6,20393
324,2016-12-07 10:12:21,11,25708
325,2019-12-01 15:12:42,4,26617
326,2016-08-22 23:08:34,8,20780
327,2017-09-11 05:09:59,5,28498
328,2018-05-07 07:05:47,11,18430
329,2014-03-23 11:03:15,12,22354
330,2010-09-04 11:09:40,10,29867
331,2013-08-19 10:08:43,15,19878
332,2010-08-25 03:08:07,15,18485
333,2015-12-07 19:12:02,12,10551
334,2016-07-31 05:07:17,5,10404
335,2011-12-16 18:12:36,7,20134
336,2019-08-30 20:08:57,8,24495
337,2012-08-11 15:08:46,3,14422
338,2011-09-13 03:09:54,12,18592
339,2016-07-29 17:07:36,5,22140
340,2012-05-05 12:05:57,2,26251
341,2019-10-19 06:10:44,10,12845
342,2013-10-01 04:10:24,2,27039
343,2013-11-06 18:11:05,14,18840
344,2015-06-24 17:06:41,7,27874
345,2014-07-26 12:07:20,14,16927
346,2011-12-07 01:12:18,7,13680
347,2015-09-14 22:09:02,7,18327
348,2013-05-26 16:05:29,9,18469
349,2015-08-18 16:08:59,5,24465
350,2012-06-16 13:06:30,8,21722
351,2015-10-14 11:10:45,2,11888
352,2014-03-29 09:03:04,7,12116
353,2016-09-18 22:09:15,13,11009
354,2017-08-06 13:08:09,1,14121
355,2010-02-11 02:02:41,2,29923
356,2018-11-17 13:11:46,3,20461
357,2014-10-28 08:10:44,14,19017
358,2019-02-13 18:02:15,3,19232
359,2015-04-25 05:04:06,13,14539
360,2010-01-28 07:01:59,5,21163
361,2014-09-21 15:09:44,1,12616
362,2018-09-07 19:09:30,2,24917
363,2018-08-23 17:08:10,12,13640
364,2015-05-27 13:05:35,7,14715
365,2012-08-29 08:08:21,7,28983
366,2014-03-20 10:03:25,12,28088
367,2013-11-20 07:11:42,10,16556
368,2018-01-12 17:01:56,1,22738
369,2012-02-23 22:02:16,14,12675
370,2015-05-17 16:05:38,11,19910
371,2018-12-06 11:12:25,1,18438
372,2017-09-25 13:09:14,15,11165
373,2019-06-22 05:06:27,5,11742
374,2016-08-15 02:08:26,9,14757
375,2015-12-14 02:12:13,10,16647
376,2019-12-31 12:12:26,10,26276
377,2011-10-22 13:10:11,7,24737
378,2015-02-02 14:02:32,6,25850
379,2013-01-06 02:01:27,2,24666
380,2011-09-16 23:09:57,6,16912
381,2015-07-02 11:07:17,3,29704
382,2011-08-04 02:08:51,13,27623
383,2018-01-14 13:01:17,9,23795
384,2011-02-19 11:02:14,10,28255
385,2012-02-27 19:02:42,9,24838
386,2015-04-30 14:04:45,7,20189
387,2015-05-20 14:05:52,6,21096
388,2015-09-16 09:09:54,7,14542
389,2011-01-19 09:01:25,3,25468
390,2017-08-29 01:08:14,10,19554
391,2014-11-01 23:11:42,13,27825
392,2019-05-29 22:05:00,11,15970
393,2010-03-07 08:03:30,4,25088
394,2014-02-11 18:02:01,1,10887
395,2013-07-22 02:07:48,13,15070
396,2016-06-30 06:06:03,12,24107
397,2010-04-21 23:04:48,2,18616
398,2018-03-04 04:03:16,3,18779
399,2012-06-30 18:06:01,2,28550
400,2011-09-15 10:09:47,3,24622
401,2012-02-29 20:02:07,2,19493
402,2011-09-25 03:09:58,1,20279
403,2014-10-05 16:10:40,5,22729
404,2011-06-17 04:06:11,12,24632
405,2010-11-27 10:11:37,12,15573
406,2014-12-01 05:12:28,8,20614
407,2018-10-19 04:10:08,6,28943
408,2011-12-06 02:12:22,8,17959
409,2016-12-13 10:12:04,13,11365
410,2011-05-11 12:05:54,1,10464
411,2019-06-19 09:06:15,8,11864
412,2017-01-29 22:01:43,1,27340
413,2012-10-24 22:10:34,2,23075
414,2011-05-28 19:05:40,1,24290
415,2010-05-20 17:05:36,3,11378
416,2011-04-29 02:04:45,6,19126
417,2013-11-01 11:11:55,14,17851
418,2017-08-29 16:08:16,14,11044
419,2011-12-24 06:12:06,1,14556
420,2016-07-01 08:07:32,8,29309
421,2010-02-26 05:02:58,15,28132
422,2015-03-01 18:03:28,8,12377
423,2011-08-09 17:08:02,4,20558
424,2013-09-02 07:09:29,5,11757
425,2010-07-04 01:07:24,14,29174
426,2019-05-29 10:05:33,10,20054
427,2011-12-21 22:12:52,3,17197
428,2018-10-16 10:10:07,2,28763
429,2019-07-13 05:07:00,14,18906
430,2016-12-14 11:12:24,15,21279
431,2016-11-14 14:11:11,12,10046
432,2010-11-11 21:11:16,15,18951
433,2015-03-11 10:03:57,15,29381
434,2013-12-23 14:12:45,1,25189
435,2011-03-25 13:03:30,2,29696
436,2010-02-10 06:02:34,4,14110
437,2013-07-06 12:07:08,11,14853
438,2015-11-29 02:11:49,7,29881
439,2013-01-30 05:01:17,15,25905
440,2010-01-30 20:01:26,12,17132
441,2016-09-30 06:09:46,14,18874
442,2018-03-22 01:03:26,7,10759
443,2019-01-10 01:01:04,4,11880
444,2015-04-22 23:04:37,3,12498
445,2019-09-18 05:09:06,4,15066
446,2016-05-30 08:05:04,9,12517
447,2017-10-23 12:10:39,7,10189
448,2012-05-17 15:05:37,7,10204
449,2012-03-26 07:03:24,9,25502
450,2019-01-19 02:01:37,1,17307
451,2013-12-13 13:12:06,3,19226
452,2016-04-23 20:04:23,2,16458
453,2014-08-16 12:08:11,12,12590
454,2011-06-09 08:06:03,1,24487
455,2019-05-14 02:05:58,8,14879
456,2016-01-11 00:01:10,2,15724
457,2016-12-03 22:12:39,8,27189
458,2019-10-24 16:10:07,12,12823
459,2013-09-22 08:09:45,4,10627
460,2019-03-20 23:03:15,5,26026
461,2012-10-08 03:10:22,3,29050
462,2013-03-22 16:03:20,8,10894
463,2015-01-23 09:01:50,2,26398
464,2014-11-26 21:11:44,5,22264
465,2019-04-09 06:04:25,1,28177
466,2013-10-18 17:10:25,6,12095
467,2012-12-16 10:12:32,10,12712
468,2017-11-03 16:11:59,4,16374
469,2018-07-24 04:07:07,1,28434
470,2014-02-18 23:02:41,15,19913
471,2011-02-28 14:02:24,4,24541
472,2013-05-24 17:05:52,6,20311
473,2014-07-23 05:07:25,11,10287
474,2019-09-29 07:09:03,5,17063
475,2012-04-18 17:04:08,12,28990
476,2015-01-28 10:01:47,9,21556
477,2013-12-07 06:12:32,14,24087
478,2015-06-15 10:06:33,10,28603
479,2018-05-28 20:05:56,14,26818
480,2014-05-04 20:05:18,9,15283
481,2016-04-23 01:04:34,1,25646
482,2015-03-31 23:03:29,2,24849
483,2017-06-22 18:06:18,15,29659
484,2017-08-08 12:08:56,4,27833
485,2010-01-21 03:01:18,10,22858
486,2019-08-26 09:08:19,4,11895
487,2012-07-24 09:07:24,11,28547
488,2018-09-19 02:09:39,13,28091
489,2014-07-16 08:07:54,2,24136
490,2013-08-01 07:08:56,7,25518
491,2015-07-18 07:07:32,11,23199
492,2013-11-16 03:11:17,12,29008
493,2019-04-09 07:04:22,12,25571
494,2015-12-25 18:12:43,14,16013
495,2019-12-07 10:12:23,9,12560
496,2015-07-01 18:07:56,13,26301
497,2012-08-28 15:08:58,9,25880
498,2011-01-25 03:01:09,4,24428
499,2011-07-26 13:07:35,5,22597
500,2011-07-27 21:07:38,10,19110
501,2015-06-03 01:06:58,8,21581
502,2012-05-08 17:05:26,1,14836
503,2012-09-03 11:09:38,9,10436
504,2016-11-02 19:11:03,9,25002
505,2018-08-31 17:08:19,9,15238
506,2015-05-14 21:05:28,14,26480
507,2011-08-29 11:08:18,7,22696
508,2011-09-08 21:09:34,6,29598
509,2016-01-18 05:01:21,12,28960
510,2016-05-04 18:05:30,15,18488
511,2017-01-19 20:01:25,12,18019
512,2019-02-07 00:02:30,9,19156
513,2014-07-03 03:07:09,8,26049
514,2012-04-19 01:04:40,13,23091
515,2016-05-19 19:05:14,15,11693
516,2011-12-11 08:12:34,9,10024
517,2019-06-29 19:06:57,2,23884
518,2014-02-24 04:02:50,15,14089
519,2012-11-26 15:11:19,5,23701
520,2012-12-18 07:12:53,3,16303
521,2017-05-14 05:05:18,4,23092
522,2016-03-08 04:03:49,3,12524
523,2016-03-24 23:03:20,10,22947
524,2016-09-04 10:09:51,12,26354
525,2011-01-17 02:01:34,7,14707
526,2018-10-14 18:10:30,7,19005
527,2014-08-09 14:08:41,7,14169
528,2017-10-04 10:10:33,3,12343
529,2011-01-12 00:01:06,6,22229
530,2016-06-03 09:06:02,2,15658
531,2010-02-25 15:02:28,10,29149
532,2019-01-12 11:01:38,5,24092
533,2011-01-14 07:01:02,8,10275
534,2012-08-23 09:08:05,1,17226
535,2014-07-24 09:07:22,5,18474
536,2010-07-05 16:07:10,8,17603
537,2019-10-10 17:10:51,1,28022
538,2017-09-11 11:09:00,14,27048
539,2014-07-06 05:07:01,10,17527
540,2015-12-27 04:12:18,5,13385
541,2011-03-18 05:03:14,8,29564
542,2015-09-02 11:09:31,2,12029
543,2015-05-28 12:05:59,2,15425
544,2013-02-07 18:02:38,15,15868
545,2010-04-01 22:04:41,13,14190
546,2010-11-09 01:11:21,13,23285
547,2017-07-29 23:07:55,5,11670
548,2019-02-20 15:02:32,15,15352
549,2014-12-22 18:12:23,3,16458
550,2019-06-26 23:06:40,12,29607
551,2013-08-06 01:08:08,14,17106
552,2019-07-12 04:07:41,13,23729
553,2013-02-24 08:02:46,1,28483
554,2019-05-12 22:05:27,2,14879
555,2011-11-01 21:11:47,8,28009
556,2012-09-27 20:09:52,2,29649
557,2010-11-12 23:11:39,15,13247
558,2018-12-22 17:12:22,3,14959
559,2014-11-25 16:11:32,6,24839
560,2014-02-03 13:02:51,14,27155
561,2010-08-24 18:08:15,7,29934
562,2019-11-02 10:11:56,15,13795
563,2016-08-04 18:08:19,12,19805
564,2010-05-13 16:05:06,7,17486
565,2011-11-11 01:11:25,10,26448
566,2010-07-13 17:07:45,10,25265
567,2018-08-20 18:08:33,7,22751
568,2010-07-23 07:07:21,9,23932
569,2013-02-11 13:02:51,14,18066
570,2018-06-21 06:06:20,15,22409
571,2015-12-24 09:12:21,8,15162
572,2019-01-20 22:01:59,5,20860
573,2013-11-02 00:11:28,9,23906
574,2017-04-16 09:04:30,5,12992
575,2011-12-06 15:12:00,10,28411
576,2011-09-20 11:09:49,15,18329
577,2016-07-10 11:07:10,6,25951
578,2015-01-22 04:01:07,13,14171
579,2014-11-22 20:11:10,2,22750
580,2017-01-04 07:01:22,8,17704
581,2019-04-25 07:04:20,15,20522
582,2016-11-11 02:11:17,9,23613
583,2018-09-29 01:09:32,4,20346
584,2012-06-09 19:06:54,6,16806
585,2017-02-14 05:02:52,14,29735
586,2013-08-27 07:08:08,13,26669
587,2016-07-28 09:07:08,8,24905
588,2014-02-26 05:02:11,11,14466
589,2018-12-06 19:12:19,5,15085
590,2013-05-28 08:05:20,8,20245
591,2019-12-19 05:12:15,8,28901
592,2015-08-01 05:08:40,8,16572
593,2012-08-22 02:08:46,3,28069
594,2015-01-08 16:01:50,4,25112
595,2010-01-16 06:01:17,4,14905
596,2012-08-13 12:08:03,14,27920
597,2010-10-23 19:10:28,11,21549
598,2010-03-12 22:03:42,7,16294
599,2016-08-22 04:08:37,10,12053
600,2018-07-11 09:07:08,10,22334
601,2014-01-29 15:01:59,5,12068
602,2012-05-19 00:05:37,7,14868
603,2010-05-03 18:05:05,4,24885
604,2017-12-17 09:12:34,4,20939
605,2014-02-03 06:02:29,11,11183
606,2013-02-23 22:02:23,7,12649
607,2012-07-05 09:07:41,9,22838
608,2015-09-04 00:09:56,7,24030
609,2010-09-09 14:09:39,1,29425
610,2016-06-02 01:06:35,12,23830
611,2019-01-27 19:01:13,4,26720
612,2010-04-25 03:04:25,6,12627
613,2019-04-06 07:04:35,3,16518
614,2018-03-05 01:03:44,2,17861
615,2012-06-04 21:06:55,14,12587
616,2010-01-13 13:01:36,6,14122
617,2014-11-27 04:11:38,12,22182
618,2011-02-22 07:02:29,10,18647
619,2018-06-17 16:06:49,12,29326
620,2016-09-15 12:09:09,14,13417
621,2015-05-10 10:05:59,15,27920
622,2016-05-03 09:05:27,10,14630
623,2018-03-26 00:03:01,8,29088
624,2016-12-24 12:12:59,2,26442
625,2014-08-30 02:08:43,15,24916
626,2013-09-02 07:09:56,15,11988
627,2016-08-13 19:08:45,6,22343
628,2013-12-30 07:12:12,7,10099
629,2019-05-03 20:05:22,10,19277
630,2015-02-03 19:02:48,12,21872
631,2018-12-27 15:12:59,3,15129
632,2011-07-31 15:07:01,14,15041
633,2015-03-24 21:03:47,11,27791
634,2017-07-24 05:07:21,15,26937
635,2018-07-04 22:07:27,10,14531
636,2011-06-26 14:06:42,9,13974
637,2014-04-23 12:04:08,6,21663
638,2019-12-27 08:12:24,14,22610
639,2016-01-04 17:01:24,14,23113
640,2019-03-02 14:03:11,10,16433
641,2018-12-05 07:12:47,12,25913
642,2018-04-12 23:04:20,11,12083
643,2019-05-23 00:05:18,10,11941
644,2018-02-18 10:02:28,9,25573
645,2015-12-19 04:12:11,9,26758
646,2015-03-20 16:03:15,7,11943
647,2019-08-14 05:08:23,5,19699
648,2014-11-19 11:11:38,13,10584
649,2012-11-08 05:11:07,5,13883
650,2015-01-21 02:01:46,6,23814
651,2015-09-17 11:09:29,5,24023
652,2015-07-10 11:07:58,5,27405
653,2011-04-27 23:04:48,15,10127
654,2011-02-27 00:02:14,7,18609
655,2015-11-14 13:11:24,11,18394
656,2016-02-04 17:02:26,6,26861
657,2016-04-24 07:04:11,6,25137
658,2018-04-23 11:04:05,4,22456
659,2019-03-04 07:03:20,15,22028
660,2015-02-20 21:02:47,1,27032
661,2017-09-24 15:09:08,12,29686
662,2010-02-13 04:02:30,4,27066
663,2010-04-15 07:04:42,13,10321
664,2019-10-22 04:10:20,1,27348
665,2017-07-18 09:07:34,14,21788
666,2014-01-30 10:01:17,10,11012
667,2013-07-14 08:07:28,7,10152
668,2014-06-13 07:06:52,9,20412
669,2013-11-15 17:11:32,11,13151
670,2018-10-22 17:10:01,7,29002
671,2012-03-15 21:03:09,15,28797
672,2019-06-08 13:06:14,8,15977
673,2017-02-23 20:02:38,8,27321
674,2015-06-04 11:06:54,13,25811
675,2016-12-18 14:12:59,2,12831
676,2019-12-27 07:12:07,1,16831
677,2015-04-13 13:04:45,12,13078
678,2016-08-30 18:08:19,4,26551
679,2018-11-23 20:11:17,6,18071
680,2013-12-26 14:12:28,7,13008
681,2016-05-22 15:05:26,1,21111
682,2016-04-25 02:04:51,15,25807
683,2015-01-03 20:01:33,3,11938
684,2011-12-13 13:12:35,5,24403
685,2012-05-08 23:05:55,10,11820
686,2017-03-30 15:03:31,8,10519
687,2010-05-28 16:05:49,12,18898
688,2015-04-23 15:04:14,10,17452
689,2013-08-25 15:08:10,2,11545
690,2017-03-20 21:03:59,4,29024
691,2010-01-23 04:01:31,2,25186
692,2014-04-11 12:04:54,15,12025
693,2018-11-29 03:11:43,8,17723
694,2018-06-21 22:06:08,11,16068
695,2010-04-24 15:04:26,6,19518
696,2018-12-03 17:12:32,11,20945
697,2019-06-25 06:06:37,15,20177
698,2014-11-30 11:11:43,15,14932
699,2018-09-07 19:09:58,11,28766
700,2011-07-22 07:07:20,3,12644
701,2019-01-18 11:01:17,11,23049
702,2012-09-23 05:09:11,10,13523
703,2017-03-22 01:03:13,14,26673
704,2011-12-20 10:12:58,6,14570
705,2012-06-10 10:06:59,10,12232
706,2017-08-14 18:08:32,1,26249
707,2011-04-27 03:04:31,7,24969
708,2010-10-08 07:10:52,13,22052
709,2013-11-06 03:11:43,4,10275
710,2015-09-05 16:09:09,15,14839
711,2011-01-27 21:01:53,10,26075
712,2019-07-26 20:07:23,10,11090
713,2016-05-07 08:05:08,14,28529
714,2012-03-11 08:03:58,10,26632
715,2010-01-14 05:01:20,5,20262
716,2012-06-21 15:06:07,8,13120
717,2013-10-24 15:10:23,12,12040
718,2016-10-08 19:10:05,1,26287
719,2017-11-01 21:11:08,8,25611
720,2011-09-15 09:09:56,10,10069
721,2015-06-09 07:06:28,14,14606
722,2017-01-03 22:01:36,3,27355
723,2019-11-13 04:11:03,15,13239
724,2013-12-12 11:12:34,10,26598
725,2017-04-21 15:04:27,7,25335
726,2017-07-17 12:07:59,5,25202
727,2015-07-01 08:07:43,15,24918
728,2014-10-24 01:10:52,10,28353
729,2019-05-10 20:05:19,9,24117
730,2011-09-29 07:09:34,2,26009
731,2018-09-26 21:09:57,7,26159
732,2011-08-05 17:08:01,9,16328
733,2016-09-19 23:09:03,6,12360
734,2012-06-27 07:06:57,4,10186
735,2017-05-05 03:05:15,8,15156
736,2016-06-09 01:06:57,10,24173
737,2016-02-29 17:02:26,13,22577
738,2017-04-18 23:04:31,11,26438
739,2011-10-19 13:10:22,4,19961
740,2019-06-04 20:06:29,1,21011
741,2012-07-18 03:07:21,1,22101
742,2017-10-13 14:10:53,14,28404
743,2010-04-28 16:04:44,8,14718
744,2017-03-29 14:03:48,1,10809
745,2011-12-05 01:12:23,8,25649
746,2014-04-30 08:04:10,4,19958
747,2015-08-20 23:08:53,9,11496
748,2017-11-26 10:11:20,7,28607
749,2011-01-26 05:01:16,11,20063
750,2017-03-04 17:03:42,5,13610
751,2018-04-19 04:04:15,8,24395
752,2016-08-10 09:08:43,10,15642
753,2012-05-26 14:05:58,5,21371
754,2014-12-02 11:12:21,1,27330
755,2019-12-05 00:12:24,5,25557
756,2012-03-31 19:03:49,14,19653
757,2014-08-08 18:08:54,3,13908
758,2012-10-16 13:10:11,4,12341
759,2010-08-06 15:08:01,10,14505
760,2019-04-19 01:04:05,3,13491
761,2014-12-16 02:12:25,13,27140
762,2011-01-11 01:01:48,14,24976
763,2010-02-13 17:02:33,9,25452
764,2013-11-09 14:11:11,9,15385
765,2014-01-28 05:01:19,13,20643
766,2017-09-16 12:09:18,1,19577
767,2018-02-15 02:02:27,9,19417
768,2019-04-09 05:04:11,9,11472
769,2016-06-11 04:06:28,4,11858
770,2011-09-03 04:09:28,14,13449
771,2018-09-18 16:09:16,14,19412
772,2013-12-17 17:12:14,14,16364
773,2015-08-14 13:08:14,11,18937
774,2010-03-03 17:03:05,14,27096
775,2017-07-16 06:07:47,4,26914
776,2012-05-10 17:05:31,3,12426
777,2016-07-27 12:07:50,15,21892
778,2015-08-15 01:08:33,14,11122
779,2016-02-05 06:02:18,5,17191
780,2011-06-07 08:06:46,11,21179
781,2012-02-14 07:02:59,12,24315
782,2018-02-19 23:02:00,3,13855
783,2010-01-26 12:01:30,1,13480
784,2015-04-22 14:04:51,6,20148
785,2012-12-27 00:12:03,11,27621
786,2016-05-01 20:05:37,12,13052
787,2019-07-27 10:07:27,13,14007
788,2018-02-12 06:02:54,3,10189
789,2010-04-27 23:04:10,14,17808
790,2012-09-12 16:09:28,1,18271
791,2010-08-25 12:08:54,15,29256
792,2016-08-27 02:08:26,8,16632
793,2011-08-10 21:08:48,6,11565
794,2018-05-05 22:05:36,4,16725
795,2011-12-13 17:12:16,13,29106
796,2018-05-28 16:05:46,15,21708
797,2010-11-07 13:11:02,6,11669
798,2010-05-06 02:05:58,5,28069
799,2012-02-12 12:02:54,8,11151
800,2011-10-24 20:10:58,1,18534
801,2012-04-24 12:04:17,1,25305
802,2012-06-29 11:06:41,3,10787
803,2010-07-09 07:07:21,4,24749
804,2013-06-24 05:06:25,7,22096
805,2012-09-08 10:09:57,15,17634
806,2017-01-25 04:01:03,15,13665
807,2019-12-27 08:12:02,14,14061
808,2015-04-04 03:04:54,15,15836
809,2010-07-04 23:07:41,3,28683
810,2016-01-06 19:01:10,2,24566
811,2013-06-17 20:06:09,2,10700
812,2014-05-19 09:05:34,12,12574
813,2010-04-25 19:04:27,10,11668
814,2013-05-28 23:05:04,1,22975
815,2019-12-18 07:12:29,2,12898
816,2014-10-13 19:10:19,7,16628
817,2017-03-07 08:03:23,5,16008
818,2011-06-25 08:06:58,6,14342
819,2017-07-07 14:07:27,10,21289
820,2016-12-08 08:12:59,3,17296
821,2014-04-08 07:04:10,5,11152
822,2019-03-21 17:03:37,10,22762
823,2013-11-11 19:11:22,12,28381
824,2011-08-16 21:08:27,10,12878
825,2019-09-05 20:09:44,3,16569
826,2012-07-08 09:07:01,3,14629
827,2013-05-25 23:05:19,9,10797
828,2013-10-04 05:10:15,2,28919
829,2013-10-24 05:10:15,13,22095
830,2017-09-17 04:09:41,8,25653
831,2016-09-10 20:09:58,7,11859
832,2012-10-08 07:10:04,14,24092
833,2011-07-24 05:07:47,1,11358
834,2019-01-30 03:01:05,3,18910
835,2018-02-04 19:02:51,6,23071
836,2014-06-08 00:06:58,8,12593
837,2013-10-07 18:10:21,4,20078
838,2013-01-22 04:01:21,8,17234
839,2016-10-12 08:10:30,3,27231
840,2010-06-23 14:06:47,6,16052
841,2014-04-26 02:04:58,5,23253
842,2018-03-17 08:03:26,11,27742
843,2015-11-29 22:11:10,2,15653
844,2019-07-12 20:07:40,15,20796
845,2019-10-18 00:10:14,14,11700
846,2017-01-20 05:01:54,10,16473
847,2014-10-15 00:10:55,1,24263
848,2012-12-23 19:12:59,1,27316
849,2019-08-08 02:08:46,5,20040
850,2017-11-09 05:11:51,1,24143
851,2016-03-27 01:03:47,10,22112
852,2012-07-26 16:07:28,1,21443
853,2019-12-15 13:12:49,4,29516
854,2019-05-30 17:05:42,1,16669
855,2018-04-06 09:04:44,5,19823
856,2011-02-08 01:02:34,8,13654
857,2013-11-30 20:11:01,9,14768
858,2010-08-15 10:08:19,8,18060
859,2013-08-08 05:08:18,7,22794
860,2011-12-31 11:12:51,4,23809
861,2014-02-28 01:02:12,5,22160
862,2015-08-25 18:08:37,15,13048
863,2015-07-08 09:07:12,9,19680
864,2011-07-26 12:07:33,15,25526
865,2016-01-03 15:01:45,3,26981
866,2017-12-26 07:12:46,7,10476
867,2016-02-17 02:02:19,3,24241
868,2010-09-24 00:09:42,14,13480
869,2012-09-13 03:09:46,8,29649
870,2012-05-03 17:05:43,15,24614
871,2014-05-14 07:05:18,14,11204
872,2016-04-10 22:04:24,15,13322
873,2016-12-06 05:12:22,10,17878
874,2012-08-21 12:08:06,15,28281
875,2014-04-02 22:04:10,2,23398
876,2013-09-24 05:09:30,15,13294
877,2012-10-03 12:10:01,7,22377
878,2017-07-04 16:07:51,2,13462
879,2013-01-20 03:01:09,15,11833
880,2011-02-15 02:02:21,3,10034
881,2019-03-02 04:03:21,13,20887
882,2013-07-24 00:07:42,15,22262
883,2011-07-23 21:07:03,12,27719
884,2015-04-27 01:04:56,7,13045
885,2018-07-01 20:07:29,1,12204
886,2010-03-14 21:03:34,14,19036
887,2016-08-21 03:08:57,10,29024
888,2011-04-28 00:04:37,15,17650
889,2014-10-01 03:10:06,4,15584
890,2011-03-16 11:03:11,15,13532
891,2013-02-27 18:02:23,4,10598
892,2018-06-17 20:06:52,15,24954
893,2012-12-10 03:12:06,4,20943
894,2019-01-05 12:01:07,5,19129
895,2010-02-08 15:02:10,4,11858
896,2018-05-16 20:05:38,10,27359
897,2014-07-16 20:07:59,7,27535
898,2013-12-07 13:12:24,8,16462
899,2017-03-29 01:03:57,1,21787
900,2017-02-24 14:02:57,7,26041
901,2010-07-17 20:07:17,7,13600
902,2018-05-25 14:05:33,10,18100
903,2013-05-01 15:05:40,13,25735
904,2018-10-13 11:10:36,14,23808
905,2010-02-25 23:02:12,9,22785
906,2014-05-22 22:05:28,11,22065
907,2018-01-13 14:01:32,8,10306
908,2017-02-28 22:02:31,2,10923
909,2017-09-24 23:09:26,9,22496
910,2012-01-25 20:01:32,1,14089
911,2019-03-20 20:03:53,9,13200
912,2010-05-27 00:05:38,7,18780
913,2015-05-16 14:05:21,1,13812
914,2010-03-03 13:03:42,3,15212
915,2013-09-27 14:09:37,1,19652
916,2015-10-11 18:10:34,4,16639
917,2010-10-17 17:10:52,4,10105
918,2010-01-08 13:01:14,15,28363
919,2012-05-28 19:05:24,7,12550
920,2016-02-17 03:02:28,3,26046
921,2013-11-26 11:11:41,13,21886
922,2014-02-03 09:02:51,1,11594
923,2014-11-06 10:11:43,13,25608
924,2018-03-15 05:03:47,3,17270
925,2011-02-06 00:02:03,8,22944
926,2019-06-29 00:06:58,14,22501
927,2012-04-17 16:04:27,10,24689
928,2012-01-16 05:01:12,1,13636
929,2018-09-30 01:09:13,10,17236
930,2012-11-29 16:11:06,7,18143
931,2018-05-23 17:05:48,3,24347
932,2019-01-11 22:01:09,5,14907
933,2016-02-10 13:02:05,14,26248
934,2016-05-07 01:05:43,11,22297
935,2017-05-26 00:05:56,2,18498
936,2016-12-03 09:12:25,2,27785
937,2017-08-15 10:08:44,14,13480
938,2016-03-26 06:03:49,13,10749
939,2016-02-04 22:02:26,9,14950
940,2017-10-04 23:10:14,8,20707
941,2013-03-28 09:03:28,15,14796
942,2013-05-31 07:05:52,10,17347
943,2014-06-16 12:06:51,7,26693
944,2010-10-20 01:10:03,11,21936
945,2011-02-13 22:02:22,2,13107
946,2018-01-03 18:01:28,2,23355
947,2012-05-10 20:05:03,9,27260
948,2019-11-14 05:11:57,3,29181
949,2011-06-18 06:06:55,15,22168
950,2015-07-30 05:07:57,1,13464
951,2013-05-06 04:05:20,8,10333
952,2010-04-21 07:04:18,10,29137
953,2014-04-17 16:04:58,15,15020
954,2010-01-23 23:01:00,1,15018
955,2013-11-06 04:11:03,3,11100
956,2019-01-09 17:01:29,8,21300
957,2013-09-27 15:09:20,2,11638
958,2019-01-04 12:01:10,13,15657
959,2018-04-27 11:04:22,5,20632
960,2018-06-13 19:06:35,11,13694
961,2018-12-13 23:12:32,7,12710
962,2012-05-01 00:05:42,1,18177
963,2012-07-31 00:07:58,7,17180
964,2010-04-17 07:04:27,12,17959
965,2010-11-20 13:11:00,4,13995
966,2010-12-21 12:12:46,11,15579
967,2017-08-15 11:08:44,7,29501
968,2018-08-17 14:08:05,14,20036
969,2014-03-13 14:03:38,12,24554
970,2015-04-09 10:04:20,7,21399
971,2018-08-20 22:08:19,14,22936
972,2017-11-29 05:11:36,14,14427
973,2018-11-29 17:11:21,14,11199
974,2019-10-22 22:10:07,9,20656
975,2012-07-23 22:07:45,13,29235
976,2016-11-17 18:11:56,7,16069
977,2017-11-05 22:11:15,2,26585
978,2010-09-12 04:09:32,1,19524
979,2018-03-04 16:03:10,10,12791
980,2017-02-12 16:02:30,8,13903
981,2011-05-31 02:05:01,15,24141
982,2012-06-07 17:06:41,3,26759
983,2016-08-06 20:08:16,15,20947
984,2012-04-02 08:04:52,12,28154
985,2010-10-29 07:10:14,3,13635
986,2018-07-11 12:07:10,5,10439
987,2012-10-16 20:10:03,8,28823
988,2010-09-16 04:09:30,2,16178
989,2015-08-04 04:08:19,1,11483
990,2013-03-10 05:03:16,13,18021
991,2013-04-06 00:04:40,12,19167
992,2011-12-01 00:12:49,1,14137
993,2017-06-11 08:06:18,4,26519
994,2011-06-20 09:06:08,5,28933
995,2012-05-20 01:05:36,4,21478
996,2011-06-02 21:06:02,9,23338
997,2015-07-17 21:07:26,10,16561
998,2017-06-10 07:06:35,3,23863
999,2015-10-11 11:10:43,5,20186
1000,2015-10-18 11:10:20,1,20320