client_id,integration_id,metric,timestamp,value
1,11,aws.vpc.network_out,2017-02-20 0808:0202:2121,108
7,15,aws.vpc.network_mean,2019-06-16 0202:0606:4444,428
44,13,aws.vpc.network_rate,2015-02-14 1212:0202:1111,822
11,3,aws.vpc.network_in,2017-11-11 0606:1111:0707,102
47,7,aws.vpc.network_mean,2015-04-10 0505:0404:5555,288
48,8,aws.vpc.network_out,2017-02-18 0707:0202:4242,399
1,8,aws.vpc.network_rate,2018-10-18 0808:1010:0909,654
14,5,aws.vpc.network_in,2017-05-17 0202:0505:1414,378
17,9,aws.vpc.network_min,2018-07-17 0707:0707:3232,611
20,13,aws.vpc.network_out,2017-06-11 0505:0606:3232,401
43,16,aws.vpc.network_in,2015-11-21 0808:1111:4646,117
22,11,aws.vpc.network_in,2017-09-06 1212:0909:1111,126
24,17,aws.vpc.network_mean,2018-01-16 0202:0101:4646,745
17,4,aws.vpc.network_min,2018-12-23 0808:1212:2727,924
50,5,aws.vpc.network_min,2018-10-14 0808:1010:3838,565
27,17,aws.vpc.network_min,2018-10-28 0404:1010:2323,829
6,14,aws.vpc.network_out,2018-04-22 0303:0404:0505,460
23,6,aws.vpc.network_in,2017-08-07 0909:0808:5050,643
37,4,aws.vpc.network_min,2016-09-15 0101:0909:1717,343
7,6,aws.vpc.network_in,2016-11-24 1010:1111:0707,368
33,19,aws.vpc.network_mean,2017-03-10 1212:0303:1313,260
49,5,aws.vpc.network_in,2019-03-12 1010:0303:0707,711
41,11,aws.vpc.network_sum,2016-04-04 1111:0404:1919,274
9,12,aws.vpc.network_sum,2016-05-13 0303:0505:4141,372
20,16,aws.vpc.network_min,2015-01-28 0303:0101:1010,852
43,5,aws.vpc.network_min,2019-07-21 0101:0707:2424,140
5,14,aws.vpc.network_min,2015-05-04 0202:0505:5858,699
22,19,aws.vpc.network_mean,2019-03-15 0909:0303:3535,224
18,7,aws.vpc.network_mean,2017-10-12 0202:1010:1818,708
49,7,aws.vpc.network_mean,2016-05-25 0101:0505:5555,713
30,13,aws.vpc.network_rate,2016-12-16 0505:1212:4141,976
25,12,aws.vpc.network_rate,2015-02-28 0505:0202:4444,130
10,2,aws.vpc.network_min,2019-01-24 1212:0101:5454,990
15,8,aws.vpc.network_rate,2019-08-10 0303:0808:1616,393
38,20,aws.vpc.network_in,2017-09-28 1212:0909:0909,502
50,19,aws.vpc.network_rate,2018-01-03 0505:0101:1111,582
24,16,aws.vpc.network_min,2015-08-19 1212:0808:0202,981
11,2,aws.vpc.network_mean,2015-10-18 0303:1010:2626,883
5,1,aws.vpc.network_mean,2016-11-28 0101:1111:2727,430
13,20,aws.vpc.network_out,2018-10-09 0303:1010:4141,854
45,8,aws.vpc.network_in,2015-02-17 0101:0202:5757,105
49,18,aws.vpc.network_mean,2016-01-05 0606:0101:4242,367
35,7,aws.vpc.network_out,2015-10-10 0202:1010:3232,765
11,16,aws.vpc.network_in,2018-02-02 1010:0202:0000,843
48,6,aws.vpc.network_rate,2015-02-03 0909:0202:0101,550
19,9,aws.vpc.network_sum,2015-01-12 0303:0101:2525,227
40,4,aws.vpc.network_in,2017-09-05 0101:0909:0404,365
10,15,aws.vpc.network_out,2019-04-09 0707:0404:0707,969
4,18,aws.vpc.network_mean,2019-04-23 0404:0404:0505,625
9,9,aws.vpc.network_rate,2015-07-03 0101:0707:0606,792
12,18,aws.vpc.network_sum,2015-02-28 0404:0202:3838,255
17,19,aws.vpc.network_out,2019-09-21 0202:0909:3434,789
39,8,aws.vpc.network_mean,2016-10-17 0808:1010:1919,597
12,9,aws.vpc.network_rate,2018-09-30 0505:0909:1414,479
25,15,aws.vpc.network_min,2016-01-26 1010:0101:0505,318
45,2,aws.vpc.network_rate,2016-08-21 0303:0808:0000,441
47,18,aws.vpc.network_out,2015-04-21 0606:0404:0101,878
14,16,aws.vpc.network_rate,2017-09-06 1111:0909:0202,773
9,4,aws.vpc.network_mean,2018-05-08 0101:0505:5757,919
1,7,aws.vpc.network_rate,2016-06-15 0808:0606:0606,275
39,18,aws.vpc.network_sum,2016-01-16 1111:0101:3737,890
36,19,aws.vpc.network_mean,2017-02-20 0909:0202:4545,283
9,1,aws.vpc.network_out,2015-10-06 0505:1010:4949,688
45,10,aws.vpc.network_out,2016-03-12 1111:0303:4848,986
42,16,aws.vpc.network_in,2018-04-19 0101:0404:0202,527
19,16,aws.vpc.network_min,2016-12-13 0505:1212:4343,211
35,16,aws.vpc.network_in,2016-11-10 0707:1111:1515,793
23,20,aws.vpc.network_out,2017-11-25 0202:1111:4444,646
8,15,aws.vpc.network_rate,2016-06-14 1010:0606:5656,719
12,17,aws.vpc.network_mean,2018-05-21 1111:0505:1313,842
46,7,aws.vpc.network_min,2015-10-05 0707:1010:2020,146
28,4,aws.vpc.network_mean,2017-09-05 0505:0909:3434,936
33,6,aws.vpc.network_sum,2019-08-27 0101:0808:4545,180
6,6,aws.vpc.network_rate,2015-03-27 1111:0303:3030,700
28,15,aws.vpc.network_mean,2015-03-31 0707:0303:0000,173
40,12,aws.vpc.network_out,2019-06-01 0101:0606:4747,169
32,6,aws.vpc.network_rate,2019-10-19 0303:1010:3939,756
34,7,aws.vpc.network_in,2015-10-30 0808:1010:5050,317
44,1,aws.vpc.network_min,2019-04-27 1212:0404:0707,701
14,12,aws.vpc.network_in,2018-10-13 1212:1010:2727,519
44,18,aws.vpc.network_min,2017-05-06 0202:0505:0707,292
8,12,aws.vpc.network_rate,2016-04-30 0202:0404:1919,278
1,15,aws.vpc.network_in,2015-11-04 0707:1111:3535,488
22,4,aws.vpc.network_sum,2018-05-02 0101:0505:0707,603
50,7,aws.vpc.network_rate,2016-10-27 0606:1010:5757,161
14,1,aws.vpc.network_out,2016-10-22 0303:1010:0202,285
3,19,aws.vpc.network_mean,2016-06-26 1010:0606:5858,762
50,19,aws.vpc.network_sum,2016-02-06 0606:0202:0404,352
7,7,aws.vpc.network_out,2019-02-15 1010:0202:2424,756
10,2,aws.vpc.network_min,2017-06-09 0303:0606:4242,630
39,5,aws.vpc.network_min,2018-08-02 1212:0808:3434,173
14,4,aws.vpc.network_in,2018-05-06 0606:0505:5151,433
35,20,aws.vpc.network_min,2016-02-05 0101:0202:4242,280
19,5,aws.vpc.network_rate,2016-02-29 0606:0202:1616,429
42,19,aws.vpc.network_rate,2015-12-12 0404:1212:2121,921
44,11,aws.vpc.network_sum,2018-04-01 0505:0404:4343,349
20,16,aws.vpc.network_rate,2017-12-19 0404:1212:1212,230
20,7,aws.vpc.network_out,2018-03-31 0505:0303:5757,427
48,5,aws.vpc.network_min,2016-03-01 0707:0303:0303,658
11,19,aws.vpc.network_out,2015-05-07 0101:0505:4949,945
32,1,aws.vpc.network_rate,2019-08-02 1010:0808:4747,768
4,6,aws.vpc.network_mean,2018-03-08 0808:0303:5757,270
29,17,aws.vpc.network_min,2015-12-11 0505:1212:0202,543
50,3,aws.vpc.network_in,2017-01-05 0707:0101:5555,240
14,11,aws.vpc.network_min,2017-11-07 0707:1111:2020,959
47,5,aws.vpc.network_min,2018-06-27 1111:0606:1717,697
36,12,aws.vpc.network_mean,2016-01-05 0505:0101:4040,299
48,12,aws.vpc.network_in,2019-09-10 0909:0909:1717,965
34,8,aws.vpc.network_mean,2016-06-28 0202:0606:4343,479
15,13,aws.vpc.network_mean,2017-05-23 1010:0505:5959,845
30,17,aws.vpc.network_mean,2016-06-12 0606:0606:4141,443
2,15,aws.vpc.network_min,2018-05-07 1212:0505:5555,688
12,4,aws.vpc.network_mean,2018-03-09 1111:0303:1313,266
36,15,aws.vpc.network_min,2016-06-29 0202:0606:3333,177
45,8,aws.vpc.network_rate,2017-02-26 0606:0202:0606,772
42,2,aws.vpc.network_mean,2016-03-15 0404:0303:1515,433
37,8,aws.vpc.network_rate,2017-05-31 0404:0505:0404,706
38,11,aws.vpc.network_in,2016-06-29 0606:0606:4747,418
12,3,aws.vpc.network_out,2016-09-02 0606:0909:0505,875
10,10,aws.vpc.network_rate,2017-09-19 0707:0909:2424,323
25,14,aws.vpc.network_mean,2019-09-14 0202:0909:5959,707
26,18,aws.vpc.network_rate,2017-07-11 0101:0707:4545,937
39,10,aws.vpc.network_out,2018-08-15 1010:0808:0606,696
26,7,aws.vpc.network_out,2019-06-01 0606:0606:0404,150
3,3,aws.vpc.network_min,2019-05-23 0505:0505:1515,279
45,2,aws.vpc.network_min,2018-12-25 0505:1212:4545,811
28,3,aws.vpc.network_mean,2017-02-02 1010:0202:5858,990
47,2,aws.vpc.network_sum,2018-03-11 0505:0303:5353,780
28,12,aws.vpc.network_rate,2016-10-21 0505:1010:0808,723
2,1,aws.vpc.network_min,2018-12-16 1212:1212:1111,989
16,1,aws.vpc.network_min,2019-02-10 0303:0202:0404,914
25,18,aws.vpc.network_mean,2015-01-15 0303:0101:2828,373
20,11,aws.vpc.network_rate,2015-01-12 0202:0101:0707,821
40,12,aws.vpc.network_sum,2015-06-25 0505:0606:5353,569
19,14,aws.vpc.network_sum,2017-07-24 0808:0707:0808,543
9,4,aws.vpc.network_out,2019-11-20 0808:1111:2626,496
36,16,aws.vpc.network_sum,2016-06-23 1111:0606:2626,976
34,20,aws.vpc.network_in,2015-07-20 0707:0707:5353,402
34,14,aws.vpc.network_mean,2019-12-09 0202:1212:4040,382
45,3,aws.vpc.network_min,2017-05-26 0707:0505:3030,659
45,20,aws.vpc.network_rate,2018-02-11 0101:0202:3737,231
35,9,aws.vpc.network_out,2015-07-01 0505:0707:4848,589
33,19,aws.vpc.network_in,2018-07-21 1212:0707:3939,371
8,4,aws.vpc.network_out,2017-11-06 0606:1111:1515,356
17,15,aws.vpc.network_out,2017-02-12 0101:0202:5252,416
49,14,aws.vpc.network_mean,2015-03-04 1111:0303:3030,447
35,17,aws.vpc.network_out,2015-03-19 0202:0303:2727,883
42,10,aws.vpc.network_rate,2016-03-19 0909:0303:2525,957
43,5,aws.vpc.network_sum,2015-03-14 0808:0303:0000,950
1,6,aws.vpc.network_sum,2019-09-03 1010:0909:1818,153
3,19,aws.vpc.network_in,2016-08-29 1212:0808:2020,763
47,16,aws.vpc.network_sum,2017-06-14 0707:0606:5555,267
29,11,aws.vpc.network_min,2019-07-31 0202:0707:3535,264
42,15,aws.vpc.network_sum,2018-04-30 0404:0404:0000,243
10,4,aws.vpc.network_mean,2018-11-05 0707:1111:3030,143
9,5,aws.vpc.network_in,2019-03-26 0606:0303:5656,486
29,16,aws.vpc.network_rate,2018-06-19 0404:0606:3131,237
1,3,aws.vpc.network_mean,2019-09-30 0303:0909:4545,505
38,5,aws.vpc.network_min,2019-11-19 0606:1111:1717,249
30,4,aws.vpc.network_out,2019-06-26 0505:0606:3333,581
43,8,aws.vpc.network_rate,2015-06-04 0808:0606:3131,871
13,7,aws.vpc.network_min,2018-11-15 0606:1111:2525,136
4,5,aws.vpc.network_out,2015-05-09 1111:0505:2828,789
18,5,aws.vpc.network_mean,2019-11-28 1010:1111:5656,844
23,14,aws.vpc.network_in,2019-10-22 0606:1010:4646,278
6,3,aws.vpc.network_sum,2019-10-20 0303:1010:4949,430
24,16,aws.vpc.network_rate,2019-07-01 0404:0707:2020,836
35,17,aws.vpc.network_out,2016-01-27 0505:0101:2727,452
12,18,aws.vpc.network_out,2018-02-06 0303:0202:4040,421
18,7,aws.vpc.network_mean,2016-07-19 0606:0707:4545,619
21,13,aws.vpc.network_sum,2015-05-08 1212:0505:1414,929
44,12,aws.vpc.network_out,2019-11-07 0707:1111:1717,955
40,13,aws.vpc.network_rate,2018-01-12 0606:0101:5454,379
25,9,aws.vpc.network_sum,2018-06-10 0202:0606:4646,767
28,16,aws.vpc.network_in,2019-04-04 0707:0404:5656,757
23,17,aws.vpc.network_sum,2018-01-12 0505:0101:4646,793
17,9,aws.vpc.network_mean,2019-02-18 1111:0202:0101,485
48,14,aws.vpc.network_out,2017-10-22 0202:1010:1414,604
33,7,aws.vpc.network_min,2019-04-19 0606:0404:1414,733
7,13,aws.vpc.network_mean,2019-02-17 0101:0202:1313,575
5,6,aws.vpc.network_sum,2019-05-02 1111:0505:2828,675
44,12,aws.vpc.network_in,2016-12-07 1212:1212:5757,763
5,6,aws.vpc.network_rate,2019-01-21 0101:0101:5151,785
49,6,aws.vpc.network_in,2016-10-19 1111:1010:5353,223
12,20,aws.vpc.network_in,2017-09-12 0202:0909:1111,576
45,17,aws.vpc.network_out,2018-10-23 0606:1010:5656,994
23,19,aws.vpc.network_mean,2018-04-05 1111:0404:0303,449
50,15,aws.vpc.network_rate,2015-05-27 0909:0505:2121,116
37,7,aws.vpc.network_mean,2016-08-04 0303:0808:4949,162
8,16,aws.vpc.network_sum,2016-10-04 0909:1010:5656,842
11,18,aws.vpc.network_rate,2017-03-01 0303:0303:0505,807
45,6,aws.vpc.network_sum,2017-03-16 0707:0303:5151,135
20,6,aws.vpc.network_min,2016-05-13 0808:0505:2828,443
6,13,aws.vpc.network_sum,2019-05-18 0101:0505:0404,398
5,10,aws.vpc.network_sum,2019-04-24 1111:0404:3434,205
23,13,aws.vpc.network_min,2016-09-03 1212:0909:4545,173
35,17,aws.vpc.network_out,2018-10-25 0202:1010:5858,309
17,6,aws.vpc.network_min,2015-12-11 0303:1212:2929,333
42,7,aws.vpc.network_sum,2016-07-13 0909:0707:4444,109
8,14,aws.vpc.network_mean,2016-05-29 1111:0505:3838,156
2,20,aws.vpc.network_sum,2016-11-20 0101:1111:3838,638
35,9,aws.vpc.network_mean,2019-04-04 0909:0404:5555,370
38,6,aws.vpc.network_rate,2016-04-21 0101:0404:5757,436
7,4,aws.vpc.network_sum,2016-01-13 1212:0101:2222,810
50,7,aws.vpc.network_out,2018-06-02 1212:0606:5959,569
47,6,aws.vpc.network_in,2019-05-03 0404:0505:3232,488
20,14,aws.vpc.network_in,2016-08-09 0606:0808:0707,868
16,14,aws.vpc.network_mean,2018-01-28 0909:0101:3333,547
18,3,aws.vpc.network_sum,2019-04-29 0707:0404:2424,401
15,11,aws.vpc.network_rate,2017-09-29 0606:0909:2222,313
24,12,aws.vpc.network_mean,2016-06-09 0202:0606:1313,603
35,9,aws.vpc.network_sum,2015-04-30 0101:0404:2929,101
14,20,aws.vpc.network_in,2016-03-11 0404:0303:0000,804
16,19,aws.vpc.network_rate,2017-08-30 0303:0808:5959,638
32,20,aws.vpc.network_out,2015-03-11 0202:0303:0000,805
49,6,aws.vpc.network_mean,2016-03-23 0707:0303:4343,973
45,19,aws.vpc.network_in,2017-05-04 1111:0505:2828,998
37,16,aws.vpc.network_min,2019-10-22 0101:1010:2121,281
38,9,aws.vpc.network_in,2019-02-27 1010:0202:5353,443
50,10,aws.vpc.network_out,2017-05-17 0303:0505:0808,614
17,10,aws.vpc.network_min,2016-09-19 0101:0909:1919,195
19,15,aws.vpc.network_sum,2018-11-23 0707:1111:2424,671
13,11,aws.vpc.network_out,2017-01-01 0303:0101:2828,276
15,9,aws.vpc.network_in,2017-03-01 0808:0303:2222,756
20,18,aws.vpc.network_out,2018-06-27 1010:0606:1111,542
4,15,aws.vpc.network_out,2016-02-14 0303:0202:1818,517
46,12,aws.vpc.network_mean,2019-07-16 1010:0707:4444,705
4,2,aws.vpc.network_mean,2018-06-08 0909:0606:3232,512
25,6,aws.vpc.network_out,2017-01-11 0606:0101:0000,438
11,3,aws.vpc.network_mean,2018-03-30 0707:0303:3232,524
50,18,aws.vpc.network_mean,2019-06-04 0808:0606:4141,940
46,5,aws.vpc.network_sum,2016-08-20 1111:0808:0303,581
7,18,aws.vpc.network_min,2015-03-02 0303:0303:5858,850
23,14,aws.vpc.network_in,2018-01-08 1111:0101:3535,385
46,4,aws.vpc.network_rate,2018-02-04 0505:0202:0101,598
6,3,aws.vpc.network_out,2018-03-03 0909:0303:0606,886
6,10,aws.vpc.network_mean,2016-06-11 0505:0606:5757,635
33,11,aws.vpc.network_mean,2019-04-18 0606:0404:4141,492
38,16,aws.vpc.network_out,2016-10-05 0303:1010:4444,826
36,8,aws.vpc.network_min,2019-12-03 0505:1212:4040,301
6,4,aws.vpc.network_sum,2017-12-09 0505:1212:0505,773
31,6,aws.vpc.network_out,2017-02-21 0707:0202:1010,920
1,7,aws.vpc.network_in,2019-01-18 0505:0101:5656,291
14,8,aws.vpc.network_sum,2018-11-20 0606:1111:1010,558
42,6,aws.vpc.network_sum,2017-08-03 0404:0808:5757,960
16,12,aws.vpc.network_rate,2017-11-07 0303:1111:0909,367
6,1,aws.vpc.network_in,2019-03-01 0505:0303:4242,835
30,15,aws.vpc.network_min,2018-09-12 1212:0909:5656,514
39,17,aws.vpc.network_mean,2018-05-23 0909:0505:1313,721
10,20,aws.vpc.network_rate,2018-02-23 0606:0202:3939,663
31,17,aws.vpc.network_sum,2019-08-15 1212:0808:3434,931
29,6,aws.vpc.network_rate,2019-10-21 0505:1010:4545,360
1,6,aws.vpc.network_rate,2015-01-27 1212:0101:3333,115
12,5,aws.vpc.network_sum,2018-08-03 1212:0808:1010,301
35,1,aws.vpc.network_min,2018-04-12 0808:0404:5656,733
39,20,aws.vpc.network_in,2018-02-04 0202:0202:4242,501
9,16,aws.vpc.network_rate,2019-09-05 0808:0909:3737,301
40,12,aws.vpc.network_rate,2017-12-02 1010:1212:1919,296
46,12,aws.vpc.network_out,2018-02-25 0404:0202:0909,504
21,6,aws.vpc.network_sum,2018-11-29 0808:1111:2222,512
8,8,aws.vpc.network_in,2016-12-19 1010:1212:1717,906
29,14,aws.vpc.network_rate,2015-09-19 0101:0909:0404,237
8,6,aws.vpc.network_sum,2018-08-19 0404:0808:5252,619
7,8,aws.vpc.network_mean,2017-01-20 1111:0101:2525,298
36,17,aws.vpc.network_mean,2015-09-08 0303:0909:1212,934
46,4,aws.vpc.network_in,2016-04-19 1010:0404:0101,483
18,13,aws.vpc.network_rate,2019-12-17 0505:1212:0707,781
13,4,aws.vpc.network_rate,2019-10-04 0909:1010:4444,910
46,13,aws.vpc.network_rate,2015-09-20 1010:0909:0404,180
10,13,aws.vpc.network_in,2019-04-09 1111:0404:3030,907
33,16,aws.vpc.network_rate,2018-03-11 1111:0303:3535,634
16,20,aws.vpc.network_in,2015-03-30 0606:0303:2525,146
27,14,aws.vpc.network_min,2015-05-09 1212:0505:2525,699
17,18,aws.vpc.network_out,2018-11-23 1212:1111:0505,974
45,9,aws.vpc.network_min,2019-07-19 1010:0707:0202,721
35,1,aws.vpc.network_in,2019-03-08 0303:0303:0808,110
38,11,aws.vpc.network_sum,2015-02-19 0909:0202:4444,165
49,4,aws.vpc.network_sum,2015-09-24 1212:0909:5151,539
14,1,aws.vpc.network_in,2019-08-14 0101:0808:0909,719
39,20,aws.vpc.network_in,2019-11-03 0909:1111:1212,357
20,13,aws.vpc.network_out,2015-05-26 0707:0505:0202,726
49,16,aws.vpc.network_in,2018-04-30 0909:0404:4242,196
31,8,aws.vpc.network_rate,2015-03-30 0202:0303:5757,729
19,13,aws.vpc.network_rate,2016-11-11 0707:1111:3232,730
1,16,aws.vpc.network_rate,2018-07-06 0808:0707:2020,925
6,17,aws.vpc.network_out,2019-10-20 0404:1010:1616,880
22,16,aws.vpc.network_out,2016-05-26 0707:0505:4141,104
44,20,aws.vpc.network_out,2016-04-24 1010:0404:1111,910
26,7,aws.vpc.network_sum,2019-08-15 0505:0808:4141,674
13,19,aws.vpc.network_in,2015-03-23 0909:0303:2020,336
43,15,aws.vpc.network_sum,2019-04-22 0606:0404:0505,158
9,6,aws.vpc.network_mean,2019-07-03 0202:0707:0202,954
5,14,aws.vpc.network_sum,2019-05-10 1111:0505:2424,671
29,19,aws.vpc.network_rate,2018-09-26 1111:0909:0808,138
27,8,aws.vpc.network_min,2018-09-08 0808:0909:5555,952
50,18,aws.vpc.network_min,2015-11-22 0909:1111:1515,943
42,10,aws.vpc.network_sum,2015-12-16 1212:1212:4141,127
12,2,aws.vpc.network_sum,2018-04-01 1010:0404:5757,126
16,2,aws.vpc.network_rate,2017-03-14 1212:0303:1717,387
31,16,aws.vpc.network_rate,2019-10-17 0101:1010:1111,268
14,7,aws.vpc.network_min,2015-07-29 0808:0707:0707,588
39,4,aws.vpc.network_sum,2015-06-16 0505:0606:0606,498
47,15,aws.vpc.network_mean,2019-10-19 0707:1010:5050,765
45,4,aws.vpc.network_min,2015-12-14 0202:1212:1616,960
19,10,aws.vpc.network_min,2018-11-22 0505:1111:3333,554
21,3,aws.vpc.network_min,2015-09-17 0101:0909:2828,938
22,19,aws.vpc.network_in,2016-03-09 0808:0303:3737,119
38,3,aws.vpc.network_mean,2015-03-13 0404:0303:0404,688
49,3,aws.vpc.network_mean,2017-02-02 0505:0202:4545,519
14,15,aws.vpc.network_rate,2018-12-12 0707:1212:5959,986
39,11,aws.vpc.network_rate,2016-02-17 0707:0202:5353,117
41,2,aws.vpc.network_rate,2019-12-08 0505:1212:2828,293
50,12,aws.vpc.network_in,2016-08-24 0909:0808:0000,367
29,15,aws.vpc.network_sum,2015-01-07 1111:0101:2323,208
37,19,aws.vpc.network_sum,2016-03-20 0808:0303:3030,155
23,1,aws.vpc.network_in,2018-04-05 0404:0404:4040,466
12,10,aws.vpc.network_rate,2019-01-21 0202:0101:1818,593
26,7,aws.vpc.network_mean,2018-12-04 0505:1212:2828,149
49,16,aws.vpc.network_min,2015-02-04 0404:0202:1313,347
6,10,aws.vpc.network_out,2018-06-12 0303:0606:1616,104
13,4,aws.vpc.network_in,2018-08-06 0202:0808:0000,200
20,8,aws.vpc.network_in,2015-12-18 1010:1212:1111,183
48,4,aws.vpc.network_mean,2016-04-05 0606:0404:5858,150
29,11,aws.vpc.network_min,2019-09-28 0909:0909:5656,986
50,9,aws.vpc.network_mean,2019-10-06 0202:1010:0505,134
14,12,aws.vpc.network_in,2016-06-04 1010:0606:0707,815
15,11,aws.vpc.network_min,2016-07-25 0101:0707:3939,188
16,2,aws.vpc.network_mean,2017-05-15 0101:0505:2626,891
1,18,aws.vpc.network_mean,2019-02-03 0303:0202:5858,589
28,5,aws.vpc.network_in,2017-02-04 0101:0202:1212,860
36,6,aws.vpc.network_rate,2016-06-06 0808:0606:2323,333
7,14,aws.vpc.network_mean,2018-08-08 0707:0808:5252,251
10,14,aws.vpc.network_sum,2015-07-15 0909:0707:1313,799
28,1,aws.vpc.network_mean,2015-09-29 0202:0909:4747,442
10,11,aws.vpc.network_sum,2015-06-17 0202:0606:1010,183
23,17,aws.vpc.network_in,2018-06-01 0505:0606:0404,488
48,15,aws.vpc.network_rate,2015-10-26 1212:1010:2525,592
38,8,aws.vpc.network_mean,2017-09-23 0404:0909:2727,268
1,10,aws.vpc.network_in,2016-11-14 1212:1111:4242,360
9,19,aws.vpc.network_rate,2019-12-02 1010:1212:5252,365
16,20,aws.vpc.network_out,2015-12-01 0606:1212:3434,731
39,11,aws.vpc.network_sum,2015-06-08 1010:0606:0909,693
47,1,aws.vpc.network_mean,2016-11-01 1111:1111:5959,265
47,7,aws.vpc.network_mean,2018-03-31 1010:0303:4242,630
9,5,aws.vpc.network_sum,2015-08-07 0606:0808:2929,602
31,12,aws.vpc.network_out,2015-10-16 0303:1010:1515,560
4,13,aws.vpc.network_out,2019-09-20 0404:0909:4848,268
2,14,aws.vpc.network_sum,2018-04-16 0606:0404:4444,882
47,7,aws.vpc.network_min,2015-09-07 0404:0909:5151,806
2,1,aws.vpc.network_out,2018-03-21 0707:0303:2525,252
25,5,aws.vpc.network_out,2017-02-14 1010:0202:3939,969
10,7,aws.vpc.network_min,2019-09-09 0707:0909:4848,251
2,11,aws.vpc.network_min,2015-07-15 0909:0707:5959,283
33,19,aws.vpc.network_min,2017-02-04 0202:0202:3434,169
39,8,aws.vpc.network_in,2015-03-29 0808:0303:1515,550
10,19,aws.vpc.network_sum,2018-11-02 1111:1111:5656,398
48,7,aws.vpc.network_rate,2019-04-14 1010:0404:0101,802
15,16,aws.vpc.network_out,2015-09-27 0202:0909:2121,397
26,7,aws.vpc.network_sum,2015-12-31 1111:1212:2323,738
29,10,aws.vpc.network_out,2017-04-12 0101:0404:2727,441
13,11,aws.vpc.network_min,2016-08-05 0606:0808:4848,214
31,5,aws.vpc.network_min,2015-12-30 1010:1212:4141,280
13,11,aws.vpc.network_out,2015-02-14 1111:0202:4848,427
7,1,aws.vpc.network_sum,2015-06-05 1212:0606:0909,766
7,7,aws.vpc.network_sum,2017-07-22 0707:0707:2525,162
5,16,aws.vpc.network_mean,2019-03-08 0707:0303:0808,557
5,6,aws.vpc.network_in,2018-05-26 0606:0505:2222,373
33,15,aws.vpc.network_rate,2016-08-16 0808:0808:0606,778
13,6,aws.vpc.network_min,2018-05-29 0606:0505:3636,845
37,12,aws.vpc.network_min,2017-10-22 0101:1010:5858,502
3,18,aws.vpc.network_rate,2015-08-04 0808:0808:0404,716
49,17,aws.vpc.network_sum,2017-07-20 0909:0707:0000,929
13,8,aws.vpc.network_out,2016-06-14 0707:0606:4545,415
12,7,aws.vpc.network_mean,2016-03-26 1111:0303:4242,528
31,7,aws.vpc.network_in,2015-07-08 0606:0707:1212,419
46,20,aws.vpc.network_min,2015-03-13 0303:0303:2020,782
39,16,aws.vpc.network_out,2019-09-20 0505:0909:4242,204
19,9,aws.vpc.network_min,2015-10-22 0808:1010:2020,480
30,20,aws.vpc.network_rate,2016-07-14 1111:0707:4848,484
47,8,aws.vpc.network_in,2015-08-08 1212:0808:1212,562
50,12,aws.vpc.network_sum,2016-06-01 0505:0606:4747,403
5,8,aws.vpc.network_out,2017-05-07 0707:0505:1111,108
29,2,aws.vpc.network_out,2019-07-13 0707:0707:0404,435
2,1,aws.vpc.network_in,2016-08-31 1212:0808:1212,999
48,11,aws.vpc.network_in,2018-02-03 0505:0202:1313,337
31,6,aws.vpc.network_mean,2019-04-18 0404:0404:5555,140
34,18,aws.vpc.network_mean,2017-01-08 0505:0101:2424,632
4,10,aws.vpc.network_in,2016-07-19 0909:0707:0404,851
15,10,aws.vpc.network_in,2017-01-01 0808:0101:5454,966
20,11,aws.vpc.network_out,2016-06-13 0404:0606:5757,794
43,14,aws.vpc.network_out,2015-12-28 0606:1212:2828,395
48,12,aws.vpc.network_out,2018-11-07 1010:1111:1010,240
19,7,aws.vpc.network_mean,2019-11-27 0101:1111:2929,877
30,14,aws.vpc.network_out,2017-08-28 0808:0808:1212,286
34,1,aws.vpc.network_in,2016-12-21 0101:1212:2020,773
44,14,aws.vpc.network_in,2018-10-08 0808:1010:1515,538
21,3,aws.vpc.network_in,2018-04-12 1010:0404:2424,448
17,4,aws.vpc.network_out,2017-09-23 0606:0909:1010,449
45,15,aws.vpc.network_rate,2018-02-13 0404:0202:1212,942
12,19,aws.vpc.network_out,2017-07-09 1111:0707:2929,404
29,12,aws.vpc.network_mean,2019-04-17 0404:0404:1818,572
6,12,aws.vpc.network_min,2018-04-29 0303:0404:0202,920
22,18,aws.vpc.network_rate,2018-12-10 0404:1212:4545,432
33,20,aws.vpc.network_rate,2018-10-05 0909:1010:0000,656
26,18,aws.vpc.network_sum,2017-01-23 0505:0101:1515,280
48,11,aws.vpc.network_min,2019-08-10 0909:0808:0606,830
20,10,aws.vpc.network_out,2016-05-06 0303:0505:5757,190
21,12,aws.vpc.network_min,2017-05-30 1010:0505:5151,458
5,9,aws.vpc.network_mean,2016-12-02 0606:1212:2626,304
46,13,aws.vpc.network_sum,2016-03-28 0505:0303:1212,617
35,11,aws.vpc.network_out,2019-02-15 1111:0202:0000,243
38,13,aws.vpc.network_out,2018-01-31 0404:0101:2828,330
35,8,aws.vpc.network_sum,2017-04-06 0505:0404:3838,982
38,4,aws.vpc.network_rate,2015-08-02 1212:0808:5656,367
12,18,aws.vpc.network_out,2015-04-30 1111:0404:1313,743
17,16,aws.vpc.network_in,2017-05-10 0202:0505:1313,460
30,3,aws.vpc.network_rate,2018-10-07 0202:1010:5959,973
21,19,aws.vpc.network_mean,2018-10-28 0909:1010:5454,269
8,12,aws.vpc.network_min,2019-07-23 0404:0707:3737,209
27,14,aws.vpc.network_min,2018-05-01 0303:0505:2424,200
10,1,aws.vpc.network_sum,2019-06-23 0404:0606:4040,104
17,9,aws.vpc.network_mean,2016-09-19 0606:0909:2828,400
34,11,aws.vpc.network_in,2016-05-07 0909:0505:3737,573
1,14,aws.vpc.network_out,2019-09-10 0909:0909:1313,310
9,16,aws.vpc.network_min,2015-10-20 0707:1010:2626,469
14,13,aws.vpc.network_rate,2016-08-14 0707:0808:0303,697
36,15,aws.vpc.network_rate,2018-11-17 1212:1111:5959,546
41,4,aws.vpc.network_out,2017-05-10 0909:0505:3737,295
4,19,aws.vpc.network_sum,2016-01-11 0505:0101:1010,301
4,10,aws.vpc.network_in,2015-01-20 0707:0101:0808,105
49,20,aws.vpc.network_mean,2018-09-11 1111:0909:4444,647
32,12,aws.vpc.network_in,2016-03-16 0505:0303:1717,947
11,2,aws.vpc.network_rate,2018-09-05 0303:0909:5656,720
19,4,aws.vpc.network_rate,2017-03-07 0808:0303:5050,804
37,8,aws.vpc.network_min,2017-07-04 1212:0707:1212,638
12,16,aws.vpc.network_in,2019-11-28 1212:1111:5858,613
22,7,aws.vpc.network_in,2017-03-26 0101:0303:2121,870
40,2,aws.vpc.network_rate,2018-07-03 0707:0707:4040,718
40,16,aws.vpc.network_mean,2016-01-18 0202:0101:4949,987
42,15,aws.vpc.network_out,2016-08-19 0303:0808:2525,990
1,6,aws.vpc.network_mean,2016-04-24 1111:0404:1111,575
19,11,aws.vpc.network_min,2017-09-16 0101:0909:0101,597
30,6,aws.vpc.network_mean,2018-09-23 0707:0909:0808,878
16,9,aws.vpc.network_out,2015-09-15 0303:0909:4545,923
37,19,aws.vpc.network_in,2017-04-04 0707:0404:0909,988
12,1,aws.vpc.network_mean,2015-12-26 1010:1212:4141,841
20,2,aws.vpc.network_out,2017-10-12 0505:1010:3434,183
1,5,aws.vpc.network_in,2016-08-27 0303:0808:0505,467
5,12,aws.vpc.network_mean,2015-06-13 1212:0606:3939,745
26,16,aws.vpc.network_rate,2018-03-08 0707:0303:2828,214
26,10,aws.vpc.network_in,2019-08-02 0303:0808:0909,439
21,6,aws.vpc.network_sum,2019-01-26 0101:0101:1111,634
23,2,aws.vpc.network_sum,2018-09-13 0101:0909:4444,625
38,9,aws.vpc.network_sum,2019-01-18 0606:0101:2626,459
14,16,aws.vpc.network_sum,2019-10-02 1212:1010:4545,460
18,2,aws.vpc.network_sum,2015-03-19 0606:0303:1212,531
31,8,aws.vpc.network_mean,2016-04-26 0101:0404:1111,838
33,8,aws.vpc.network_in,2018-12-03 0606:1212:5858,314
5,3,aws.vpc.network_sum,2016-05-19 1111:0505:1717,171
22,18,aws.vpc.network_rate,2019-01-16 0606:0101:0000,626
43,13,aws.vpc.network_mean,2019-11-02 0303:1111:1515,163
13,12,aws.vpc.network_rate,2015-06-16 0202:0606:2727,598
11,3,aws.vpc.network_min,2017-05-20 1010:0505:3333,785
34,5,aws.vpc.network_sum,2016-02-28 0202:0202:5656,887
31,2,aws.vpc.network_sum,2016-06-21 1111:0606:3535,483
25,10,aws.vpc.network_mean,2018-03-11 0909:0303:5151,866
44,6,aws.vpc.network_mean,2017-08-26 1111:0808:5555,312
17,9,aws.vpc.network_min,2019-01-20 0303:0101:1313,525
34,9,aws.vpc.network_sum,2018-07-14 0101:0707:3939,589
6,19,aws.vpc.network_in,2016-05-02 0808:0505:3636,357
11,1,aws.vpc.network_sum,2017-05-25 0101:0505:1010,203
31,15,aws.vpc.network_min,2016-11-25 1010:1111:1717,727
48,18,aws.vpc.network_min,2016-08-10 1111:0808:3030,906
5,9,aws.vpc.network_rate,2015-02-12 0101:0202:4343,159
34,11,aws.vpc.network_min,2015-11-17 0505:1111:4848,614
11,2,aws.vpc.network_mean,2017-09-07 0909:0909:5050,234
45,17,aws.vpc.network_mean,2019-08-13 0303:0808:2727,821
24,2,aws.vpc.network_min,2019-06-24 1010:0606:5454,555
1,17,aws.vpc.network_in,2018-06-01 0303:0606:5959,388
6,12,aws.vpc.network_in,2016-05-06 0303:0505:4141,579
17,17,aws.vpc.network_mean,2015-09-08 0909:0909:5555,298
5,17,aws.vpc.network_sum,2015-02-06 0707:0202:4747,477
29,1,aws.vpc.network_sum,2016-01-14 0606:0101:0000,704
30,1,aws.vpc.network_in,2016-10-30 0808:1010:3030,196
38,12,aws.vpc.network_mean,2017-05-10 0101:0505:0808,165
7,10,aws.vpc.network_in,2015-08-07 0202:0808:3939,411
46,13,aws.vpc.network_min,2019-02-27 0909:0202:3131,461
41,3,aws.vpc.network_out,2015-09-27 1111:0909:3030,109
9,13,aws.vpc.network_sum,2015-07-10 0707:0707:3636,358
7,10,aws.vpc.network_mean,2015-07-21 0808:0707:5959,659
19,14,aws.vpc.network_sum,2016-10-17 1010:1010:1414,231
2,8,aws.vpc.network_mean,2017-12-18 1010:1212:3030,655
26,8,aws.vpc.network_out,2019-12-17 0303:1212:0909,384
12,8,aws.vpc.network_in,2017-08-31 0909:0808:2020,415
23,5,aws.vpc.network_min,2015-01-08 0707:0101:1919,811
28,16,aws.vpc.network_in,2016-08-30 0606:0808:3636,676
7,13,aws.vpc.network_rate,2016-10-16 0101:1010:0909,573
31,18,aws.vpc.network_sum,2017-12-04 1010:1212:4141,917
27,3,aws.vpc.network_out,2016-06-25 1111:0606:1717,394
23,19,aws.vpc.network_min,2017-05-14 0606:0505:4949,240
45,12,aws.vpc.network_out,2017-05-23 0909:0505:2222,525
33,12,aws.vpc.network_min,2018-11-30 0808:1111:5757,314
47,11,aws.vpc.network_out,2018-05-12 0404:0505:4949,735
42,17,aws.vpc.network_in,2015-04-07 0808:0404:0202,739
18,1,aws.vpc.network_sum,2018-11-10 0303:1111:3636,268
13,19,aws.vpc.network_mean,2019-10-30 0404:1010:5353,340
45,11,aws.vpc.network_out,2018-03-20 0909:0303:2323,866
16,19,aws.vpc.network_mean,2019-12-29 1111:1212:2929,463
48,5,aws.vpc.network_min,2016-09-15 1111:0909:4141,341
7,4,aws.vpc.network_mean,2017-01-12 0808:0101:2727,344
37,18,aws.vpc.network_mean,2019-10-05 1111:1010:1818,296
44,12,aws.vpc.network_rate,2017-04-21 0606:0404:1212,230
35,3,aws.vpc.network_min,2016-11-21 0404:1111:0303,823
45,20,aws.vpc.network_sum,2018-03-24 0505:0303:2727,346
23,17,aws.vpc.network_out,2018-12-11 1010:1212:1313,939
48,7,aws.vpc.network_sum,2015-11-16 0303:1111:1212,695
7,11,aws.vpc.network_rate,2019-07-17 1111:0707:4040,723
2,12,aws.vpc.network_out,2019-08-02 1212:0808:4747,200
31,9,aws.vpc.network_mean,2016-12-05 0808:1212:1010,453
44,15,aws.vpc.network_in,2019-12-04 1010:1212:3535,970
21,17,aws.vpc.network_out,2018-04-29 0303:0404:1919,708
40,4,aws.vpc.network_min,2017-09-02 0808:0909:3030,114
45,11,aws.vpc.network_in,2016-07-15 0707:0707:0909,539
28,8,aws.vpc.network_in,2019-11-30 1111:1111:2525,986
25,2,aws.vpc.network_out,2019-06-28 0909:0606:4545,621
48,11,aws.vpc.network_in,2015-05-03 0202:0505:0808,647
41,11,aws.vpc.network_rate,2015-11-11 0606:1111:0808,944
18,8,aws.vpc.network_out,2017-01-10 0202:0101:4848,428
49,13,aws.vpc.network_mean,2017-01-27 1010:0101:1111,738
13,7,aws.vpc.network_sum,2019-12-27 0606:1212:2020,318
16,10,aws.vpc.network_mean,2016-04-18 0303:0404:3838,223
11,11,aws.vpc.network_min,2017-09-28 0101:0909:3434,436
43,18,aws.vpc.network_min,2017-12-27 1212:1212:2929,466
14,10,aws.vpc.network_out,2016-09-25 0101:0909:2525,896
42,10,aws.vpc.network_rate,2016-06-19 0202:0606:4848,702
7,16,aws.vpc.network_min,2019-06-18 0808:0606:4242,845
9,20,aws.vpc.network_min,2017-01-02 1212:0101:0606,997
9,4,aws.vpc.network_sum,2015-05-09 0707:0505:5151,877
14,17,aws.vpc.network_in,2018-08-30 1010:0808:0404,430
2,19,aws.vpc.network_rate,2016-01-31 0909:0101:5353,345
37,8,aws.vpc.network_min,2018-05-23 0707:0505:0909,223
21,2,aws.vpc.network_in,2017-07-18 0808:0707:3131,711
46,8,aws.vpc.network_sum,2015-11-14 0101:1111:3232,845
43,6,aws.vpc.network_mean,2019-09-14 1010:0909:5757,854
30,16,aws.vpc.network_rate,2018-01-04 0606:0101:5454,773
42,12,aws.vpc.network_min,2018-11-20 0808:1111:2828,301
22,10,aws.vpc.network_min,2015-07-05 1010:0707:1313,793
33,12,aws.vpc.network_rate,2016-08-13 0404:0808:1515,856
28,7,aws.vpc.network_mean,2015-05-03 0808:0505:3434,808
15,2,aws.vpc.network_in,2015-02-24 0606:0202:2525,443
6,19,aws.vpc.network_in,2018-03-20 0404:0303:3232,299
42,8,aws.vpc.network_min,2015-12-26 0303:1212:2727,378
39,16,aws.vpc.network_mean,2017-01-25 0707:0101:4646,191
31,14,aws.vpc.network_mean,2018-07-03 0505:0707:2222,541
32,13,aws.vpc.network_mean,2015-05-03 0808:0505:1313,119
47,15,aws.vpc.network_mean,2019-07-09 0505:0707:5858,459
46,4,aws.vpc.network_rate,2017-08-24 1111:0808:2424,734
7,18,aws.vpc.network_rate,2018-09-06 0707:0909:5757,417
4,19,aws.vpc.network_min,2015-09-24 0303:0909:2222,496
14,9,aws.vpc.network_mean,2016-10-21 0404:1010:5252,442
36,12,aws.vpc.network_min,2015-10-29 0404:1010:3939,804
32,1,aws.vpc.network_in,2018-12-05 0909:1212:5959,513
33,7,aws.vpc.network_in,2015-08-29 0808:0808:5252,450
17,2,aws.vpc.network_rate,2017-12-26 0505:1212:1717,924
38,15,aws.vpc.network_in,2018-04-04 0505:0404:4949,113
35,19,aws.vpc.network_in,2016-07-25 1010:0707:0202,420
43,3,aws.vpc.network_sum,2017-04-14 0101:0404:3939,121
34,8,aws.vpc.network_out,2019-01-31 1111:0101:3535,341
17,20,aws.vpc.network_in,2019-04-02 1212:0404:0505,286
47,5,aws.vpc.network_out,2018-10-29 1212:1010:3232,385
15,10,aws.vpc.network_mean,2015-09-01 0909:0909:0404,207
24,2,aws.vpc.network_mean,2018-05-31 0505:0505:4141,734
25,4,aws.vpc.network_out,2016-01-17 0909:0101:1616,277
43,12,aws.vpc.network_out,2015-04-04 0101:0404:4141,493
20,8,aws.vpc.network_in,2018-12-11 0101:1212:5555,326
7,12,aws.vpc.network_min,2015-09-19 0202:0909:1414,891
7,3,aws.vpc.network_sum,2017-06-18 1010:0606:3838,353
12,2,aws.vpc.network_min,2015-11-05 0505:1111:1919,534
31,9,aws.vpc.network_rate,2017-07-21 0606:0707:3939,297
11,2,aws.vpc.network_min,2019-05-16 0606:0505:2828,830
2,20,aws.vpc.network_sum,2016-02-25 1111:0202:4343,695
30,17,aws.vpc.network_mean,2016-01-17 0202:0101:3131,738
17,3,aws.vpc.network_rate,2019-03-26 0303:0303:4444,496
21,20,aws.vpc.network_rate,2019-05-22 0202:0505:2424,607
32,19,aws.vpc.network_in,2018-12-20 0808:1212:3333,214
5,3,aws.vpc.network_out,2015-01-03 1212:0101:1010,205
18,4,aws.vpc.network_min,2017-10-12 1111:1010:3232,888
32,14,aws.vpc.network_sum,2019-03-08 0303:0303:3434,593
29,9,aws.vpc.network_in,2017-11-23 0606:1111:5757,450
27,15,aws.vpc.network_mean,2017-03-01 1212:0303:1010,178
39,19,aws.vpc.network_rate,2015-07-24 0404:0707:4343,653
20,1,aws.vpc.network_min,2016-10-26 1212:1010:0808,456
7,20,aws.vpc.network_min,2019-08-25 0707:0808:5959,131
13,9,aws.vpc.network_in,2019-08-15 1212:0808:1212,292
17,7,aws.vpc.network_in,2018-05-17 0101:0505:3333,429
40,10,aws.vpc.network_min,2015-11-23 0808:1111:5050,248
50,19,aws.vpc.network_in,2018-05-12 0909:0505:4343,248
49,19,aws.vpc.network_rate,2017-01-19 0303:0101:3030,533
37,2,aws.vpc.network_out,2018-07-25 0303:0707:4040,635
35,4,aws.vpc.network_min,2017-11-22 0202:1111:4949,402
36,4,aws.vpc.network_in,2019-03-16 0606:0303:3232,242
30,10,aws.vpc.network_min,2017-02-19 1010:0202:4343,487
41,13,aws.vpc.network_rate,2015-02-08 0303:0202:1414,502
1,9,aws.vpc.network_min,2015-03-31 0202:0303:5050,115
37,17,aws.vpc.network_min,2015-01-15 0909:0101:4545,786
10,10,aws.vpc.network_sum,2017-12-20 0606:1212:4747,496
17,8,aws.vpc.network_rate,2018-11-08 0303:1111:2626,480
45,5,aws.vpc.network_min,2016-04-20 0202:0404:1919,441
50,7,aws.vpc.network_rate,2018-02-01 0101:0202:3131,186
8,10,aws.vpc.network_out,2018-03-14 0505:0303:5656,946
22,2,aws.vpc.network_in,2017-12-17 0101:1212:1717,132
20,5,aws.vpc.network_min,2017-07-11 0404:0707:4040,448
16,15,aws.vpc.network_rate,2018-01-14 0606:0101:0000,794
38,19,aws.vpc.network_mean,2019-07-21 0404:0707:1919,160
23,13,aws.vpc.network_mean,2017-03-22 1212:0303:1919,700
1,9,aws.vpc.network_rate,2017-08-28 0808:0808:3434,563
20,13,aws.vpc.network_mean,2016-10-03 0707:1010:4545,964
6,3,aws.vpc.network_sum,2016-06-11 0606:0606:3838,953
24,9,aws.vpc.network_rate,2016-11-24 1212:1111:1010,1000
39,20,aws.vpc.network_sum,2018-03-21 0808:0303:0707,220
37,15,aws.vpc.network_rate,2015-07-25 0303:0707:0909,408
40,1,aws.vpc.network_out,2019-01-01 0606:0101:0404,439
24,20,aws.vpc.network_min,2015-08-25 1212:0808:1111,827
40,12,aws.vpc.network_out,2016-07-16 0101:0707:4646,578
18,2,aws.vpc.network_rate,2018-11-10 0101:1111:2222,847
29,20,aws.vpc.network_in,2015-02-19 0909:0202:5454,515
30,15,aws.vpc.network_rate,2019-02-08 0707:0202:3333,869
19,7,aws.vpc.network_rate,2019-07-01 0606:0707:4848,404
41,12,aws.vpc.network_rate,2018-09-20 1111:0909:2323,783
13,1,aws.vpc.network_sum,2017-09-15 0101:0909:5656,552
24,20,aws.vpc.network_min,2019-10-20 0404:1010:3737,351
44,15,aws.vpc.network_mean,2017-02-24 0808:0202:5555,610
31,9,aws.vpc.network_in,2016-09-08 0606:0909:4747,862
4,20,aws.vpc.network_min,2018-07-04 0202:0707:5858,380
16,2,aws.vpc.network_sum,2016-02-10 0101:0202:0505,508
20,5,aws.vpc.network_sum,2016-01-16 0505:0101:1515,401
24,2,aws.vpc.network_sum,2018-10-02 1010:1010:0808,142
15,13,aws.vpc.network_sum,2015-07-09 0909:0707:0606,528
43,13,aws.vpc.network_rate,2015-04-29 0202:0404:3737,559
19,1,aws.vpc.network_out,2016-02-12 0202:0202:4545,589
2,6,aws.vpc.network_sum,2015-01-17 0303:0101:5050,904
36,14,aws.vpc.network_sum,2016-04-01 0707:0404:2929,143
20,6,aws.vpc.network_rate,2016-02-09 0101:0202:3939,872
4,17,aws.vpc.network_mean,2019-04-02 0505:0404:0101,655
14,12,aws.vpc.network_mean,2015-08-19 0303:0808:4747,988
5,13,aws.vpc.network_sum,2018-03-26 0303:0303:1212,489
47,7,aws.vpc.network_rate,2015-10-24 0505:1010:0000,840
5,18,aws.vpc.network_rate,2017-10-12 1212:1010:3030,653
6,6,aws.vpc.network_out,2015-08-22 0303:0808:2424,908
18,10,aws.vpc.network_sum,2018-08-05 1212:0808:5656,881
17,6,aws.vpc.network_sum,2018-07-04 0202:0707:4545,323
1,15,aws.vpc.network_rate,2016-08-27 0606:0808:0202,344
15,6,aws.vpc.network_min,2019-12-07 0808:1212:4848,335
15,11,aws.vpc.network_sum,2018-02-19 0303:0202:0909,664
14,19,aws.vpc.network_min,2017-03-23 0202:0303:5353,616
2,17,aws.vpc.network_in,2015-11-19 0808:1111:2525,548
31,1,aws.vpc.network_sum,2016-12-15 1111:1212:3838,911
43,3,aws.vpc.network_out,2018-01-17 0101:0101:4747,245
48,4,aws.vpc.network_mean,2018-01-05 0303:0101:2727,418
1,11,aws.vpc.network_out,2019-11-02 1111:1111:1717,165
32,8,aws.vpc.network_in,2015-11-03 0909:1111:3434,362
37,1,aws.vpc.network_rate,2016-01-21 0505:0101:1616,977
43,13,aws.vpc.network_in,2016-08-22 0505:0808:5858,620
30,17,aws.vpc.network_min,2017-04-04 1111:0404:1111,974
33,5,aws.vpc.network_rate,2017-07-06 0202:0707:0606,698
6,4,aws.vpc.network_in,2019-01-16 0707:0101:4444,444
19,17,aws.vpc.network_in,2015-05-08 1010:0505:0303,332
40,2,aws.vpc.network_in,2015-05-28 1212:0505:2424,104
8,20,aws.vpc.network_mean,2019-02-16 1212:0202:3030,241
8,18,aws.vpc.network_rate,2019-05-03 0707:0505:1515,472
37,18,aws.vpc.network_rate,2017-01-10 0909:0101:5252,143
43,9,aws.vpc.network_mean,2017-07-02 0707:0707:1313,809
15,19,aws.vpc.network_out,2017-12-08 0404:1212:4545,319
38,6,aws.vpc.network_mean,2018-05-26 0707:0505:1414,741
3,6,aws.vpc.network_out,2017-12-31 0707:1212:5151,336
45,13,aws.vpc.network_sum,2019-09-07 0808:0909:0101,748
44,12,aws.vpc.network_min,2015-08-06 1212:0808:0707,758
47,7,aws.vpc.network_rate,2018-05-16 1010:0505:4343,328
42,16,aws.vpc.network_in,2015-09-26 0404:0909:1818,679
19,16,aws.vpc.network_in,2016-05-04 1111:0505:2828,197
48,18,aws.vpc.network_min,2018-07-01 0606:0707:2424,525
20,5,aws.vpc.network_sum,2018-12-27 0808:1212:2424,292
4,7,aws.vpc.network_in,2019-11-09 0707:1111:5757,495
13,20,aws.vpc.network_sum,2017-02-07 0808:0202:5353,509
20,4,aws.vpc.network_rate,2018-09-24 0909:0909:4949,911
17,5,aws.vpc.network_in,2019-03-10 0808:0303:4444,899
39,13,aws.vpc.network_mean,2017-11-16 0202:1111:3838,382
31,10,aws.vpc.network_in,2017-05-11 1010:0505:1010,584
48,10,aws.vpc.network_sum,2018-08-31 0202:0808:1515,694
20,13,aws.vpc.network_out,2017-12-22 0707:1212:2222,714
18,5,aws.vpc.network_out,2017-11-25 0505:1111:2121,110
50,4,aws.vpc.network_rate,2017-01-30 1111:0101:3232,608
19,10,aws.vpc.network_mean,2018-07-27 0101:0707:0303,896
48,18,aws.vpc.network_sum,2016-11-18 1010:1111:3939,580
17,19,aws.vpc.network_in,2019-09-04 0404:0909:1414,161
13,16,aws.vpc.network_sum,2018-10-19 0808:1010:3737,545
49,1,aws.vpc.network_sum,2017-11-27 0303:1111:4848,124
6,17,aws.vpc.network_in,2016-07-24 0707:0707:4343,321
8,20,aws.vpc.network_mean,2019-09-27 0909:0909:4747,258
10,18,aws.vpc.network_sum,2017-02-24 0404:0202:0101,452
25,7,aws.vpc.network_mean,2019-12-10 1010:1212:1717,925
28,17,aws.vpc.network_min,2015-04-24 1111:0404:5555,953
20,18,aws.vpc.network_sum,2018-08-22 0202:0808:2525,603
50,15,aws.vpc.network_sum,2015-12-07 0505:1212:0202,849
35,18,aws.vpc.network_rate,2015-02-10 1111:0202:0404,502
12,5,aws.vpc.network_mean,2017-07-21 0505:0707:3030,199
48,6,aws.vpc.network_sum,2017-08-28 0404:0808:5959,482
31,4,aws.vpc.network_out,2019-06-22 0808:0606:2525,176
17,6,aws.vpc.network_mean,2017-02-08 0606:0202:2929,160
6,18,aws.vpc.network_out,2018-12-17 0101:1212:4747,961
49,19,aws.vpc.network_in,2019-01-28 0707:0101:0505,749
22,17,aws.vpc.network_mean,2017-08-20 1010:0808:4747,258
2,9,aws.vpc.network_rate,2017-03-11 0606:0303:0909,107
26,20,aws.vpc.network_in,2018-09-23 1111:0909:1717,438
35,5,aws.vpc.network_min,2016-01-25 1111:0101:3333,585
20,12,aws.vpc.network_out,2015-09-06 1111:0909:3838,394
19,6,aws.vpc.network_min,2018-01-22 0404:0101:3636,963
31,1,aws.vpc.network_rate,2017-09-27 0303:0909:0202,950
16,9,aws.vpc.network_min,2016-05-24 0404:0505:2525,843
46,19,aws.vpc.network_min,2017-03-07 0202:0303:0505,863
45,7,aws.vpc.network_out,2016-11-03 0404:1111:4343,308
30,8,aws.vpc.network_out,2015-07-01 0303:0707:0606,829
29,15,aws.vpc.network_out,2016-06-28 0707:0606:1616,585
23,4,aws.vpc.network_mean,2017-07-10 0101:0707:1313,261
43,12,aws.vpc.network_in,2019-04-13 0202:0404:2323,449
48,5,aws.vpc.network_mean,2015-12-22 0202:1212:1515,993
33,12,aws.vpc.network_min,2018-10-22 0505:1010:1616,925
44,5,aws.vpc.network_mean,2017-01-30 0707:0101:1111,452
7,8,aws.vpc.network_out,2018-08-02 1111:0808:5252,226
45,5,aws.vpc.network_in,2018-11-15 1111:1111:0404,550
26,7,aws.vpc.network_in,2019-03-23 0909:0303:2727,114
41,20,aws.vpc.network_out,2019-08-20 0606:0808:1515,600
35,1,aws.vpc.network_mean,2016-04-25 1010:0404:4040,1000
46,6,aws.vpc.network_sum,2015-10-31 0202:1010:1313,987
24,16,aws.vpc.network_min,2015-12-23 0303:1212:3030,572
23,3,aws.vpc.network_sum,2018-08-23 1111:0808:3030,585
44,14,aws.vpc.network_rate,2019-04-30 0303:0404:2727,685
2,20,aws.vpc.network_sum,2017-02-07 0505:0202:2929,471
29,9,aws.vpc.network_out,2016-09-08 0707:0909:1111,649
6,6,aws.vpc.network_in,2018-02-24 0303:0202:3333,517
17,4,aws.vpc.network_sum,2018-02-11 0202:0202:3434,355
33,3,aws.vpc.network_sum,2016-02-07 1111:0202:2323,420
21,16,aws.vpc.network_out,2017-01-13 0707:0101:1616,468
23,3,aws.vpc.network_mean,2017-07-27 1010:0707:0404,902
4,11,aws.vpc.network_in,2016-11-03 0606:1111:2727,254
30,4,aws.vpc.network_out,2019-09-06 1010:0909:5757,998
34,18,aws.vpc.network_sum,2018-12-28 1010:1212:2424,978
40,16,aws.vpc.network_out,2016-09-14 0505:0909:3030,829
48,11,aws.vpc.network_out,2017-10-24 1010:1010:1515,255
36,14,aws.vpc.network_min,2015-11-19 0303:1111:3939,313
32,20,aws.vpc.network_rate,2017-01-06 0808:0101:5555,392
29,2,aws.vpc.network_mean,2016-09-28 0909:0909:4747,785
44,5,aws.vpc.network_rate,2016-09-14 0808:0909:4444,785
16,18,aws.vpc.network_out,2017-07-05 0909:0707:4747,900
17,11,aws.vpc.network_sum,2019-09-15 0808:0909:5454,351
49,8,aws.vpc.network_sum,2016-01-03 0808:0101:4848,285
24,19,aws.vpc.network_mean,2016-01-30 0303:0101:2828,278
29,1,aws.vpc.network_mean,2016-10-09 0101:1010:3030,925
34,8,aws.vpc.network_out,2017-04-21 1111:0404:2222,480
7,2,aws.vpc.network_in,2016-12-08 0202:1212:1818,183
29,18,aws.vpc.network_mean,2016-02-11 0303:0202:0808,746
35,19,aws.vpc.network_in,2018-08-28 0404:0808:2121,159
46,12,aws.vpc.network_sum,2018-11-28 0303:1111:1919,924
34,20,aws.vpc.network_in,2016-03-13 0101:0303:1818,793
34,17,aws.vpc.network_in,2016-12-14 0505:1212:3232,266
42,12,aws.vpc.network_mean,2019-05-13 0505:0505:2626,858
49,8,aws.vpc.network_mean,2015-11-15 0303:1111:2727,917
41,14,aws.vpc.network_sum,2017-04-30 1010:0404:0404,934
18,16,aws.vpc.network_in,2018-03-30 0202:0303:1818,171
47,16,aws.vpc.network_mean,2019-02-06 1212:0202:3636,913
44,19,aws.vpc.network_sum,2019-10-14 1111:1010:3333,194
46,3,aws.vpc.network_sum,2019-05-25 0202:0505:4646,332
25,2,aws.vpc.network_sum,2016-01-12 0303:0101:2828,248
34,20,aws.vpc.network_sum,2019-05-15 0707:0505:3535,618
44,7,aws.vpc.network_mean,2015-10-26 1212:1010:0505,416
22,7,aws.vpc.network_in,2017-11-29 1212:1111:0606,215
37,3,aws.vpc.network_sum,2018-05-22 0303:0505:1212,121
21,16,aws.vpc.network_min,2018-02-14 1212:0202:4949,927
31,11,aws.vpc.network_rate,2017-08-08 1212:0808:1818,910
25,13,aws.vpc.network_sum,2015-11-04 0808:1111:4949,510
17,4,aws.vpc.network_min,2018-08-12 0808:0808:4545,398
27,9,aws.vpc.network_rate,2019-10-09 0909:1010:0707,347
28,17,aws.vpc.network_rate,2018-08-23 1010:0808:3232,793
12,12,aws.vpc.network_in,2019-07-11 0808:0707:0404,688
14,19,aws.vpc.network_in,2015-10-06 0101:1010:3131,980
10,6,aws.vpc.network_in,2017-12-22 0909:1212:0202,206
23,9,aws.vpc.network_sum,2018-06-22 0404:0606:1818,965
48,15,aws.vpc.network_rate,2019-07-04 0606:0707:4040,165
22,6,aws.vpc.network_in,2015-03-09 0303:0303:1010,785
38,18,aws.vpc.network_mean,2017-05-16 0505:0505:1515,575
21,16,aws.vpc.network_in,2018-10-10 0808:1010:0707,809
8,11,aws.vpc.network_rate,2016-03-19 0808:0303:0101,471
40,20,aws.vpc.network_out,2015-06-28 0606:0606:2828,930
27,11,aws.vpc.network_min,2018-05-13 1111:0505:1919,191
42,18,aws.vpc.network_mean,2018-02-21 0101:0202:3737,131
29,16,aws.vpc.network_rate,2016-12-07 0909:1212:1313,805
29,16,aws.vpc.network_mean,2016-03-04 0808:0303:1111,832
15,10,aws.vpc.network_rate,2018-10-07 0808:1010:0808,388
19,14,aws.vpc.network_min,2016-08-05 0404:0808:2525,265
18,18,aws.vpc.network_sum,2018-02-08 0606:0202:4545,831
30,17,aws.vpc.network_sum,2018-12-19 0202:1212:3939,412
33,3,aws.vpc.network_min,2015-12-31 0606:1212:2828,911
28,13,aws.vpc.network_mean,2017-11-04 0303:1111:5757,961
13,11,aws.vpc.network_in,2019-09-30 0505:0909:0303,906
48,9,aws.vpc.network_sum,2019-04-17 0101:0404:3636,568
21,1,aws.vpc.network_mean,2017-10-03 0707:1010:0303,307
48,14,aws.vpc.network_out,2019-03-03 0909:0303:5454,643
17,11,aws.vpc.network_in,2018-06-05 0404:0606:1111,262
40,18,aws.vpc.network_rate,2019-05-26 0404:0505:4646,320
26,3,aws.vpc.network_in,2019-10-15 1111:1010:4949,987
28,18,aws.vpc.network_mean,2016-12-15 0202:1212:2929,298
35,4,aws.vpc.network_in,2017-07-18 0808:0707:1414,832
25,20,aws.vpc.network_sum,2019-07-26 0505:0707:2727,645
39,19,aws.vpc.network_in,2017-05-29 0707:0505:0303,756
6,8,aws.vpc.network_in,2017-05-20 1212:0505:4646,806
41,16,aws.vpc.network_rate,2019-09-23 1212:0909:3434,802
30,9,aws.vpc.network_mean,2019-09-03 1111:0909:4141,422
11,9,aws.vpc.network_rate,2019-01-11 1111:0101:3636,983
25,11,aws.vpc.network_rate,2016-01-20 0404:0101:2323,259
38,10,aws.vpc.network_rate,2018-11-15 0202:1111:4141,387
28,17,aws.vpc.network_mean,2019-08-01 0707:0808:0000,448
1,11,aws.vpc.network_mean,2019-07-29 0606:0707:5858,321
12,1,aws.vpc.network_rate,2019-06-20 0808:0606:4242,560
35,11,aws.vpc.network_out,2015-07-22 1212:0707:4040,504
48,18,aws.vpc.network_mean,2017-11-29 0101:1111:0909,607
19,20,aws.vpc.network_mean,2019-04-03 0202:0404:1616,781
7,15,aws.vpc.network_sum,2016-09-02 0101:0909:4747,706
40,7,aws.vpc.network_mean,2016-01-24 0707:0101:0000,487
17,18,aws.vpc.network_rate,2018-06-05 0606:0606:3030,971
18,6,aws.vpc.network_rate,2016-02-24 0808:0202:2828,180
7,3,aws.vpc.network_mean,2018-05-14 1111:0505:4747,214
28,14,aws.vpc.network_mean,2015-05-26 0606:0505:0808,397
38,8,aws.vpc.network_sum,2015-01-19 0505:0101:4848,468
45,5,aws.vpc.network_out,2017-04-21 1212:0404:3737,465
48,4,aws.vpc.network_mean,2016-08-05 0909:0808:3434,535
38,6,aws.vpc.network_mean,2017-05-19 1212:0505:1313,564
40,20,aws.vpc.network_min,2018-07-28 0101:0707:0202,646
10,8,aws.vpc.network_in,2018-01-15 0303:0101:2424,174
2,12,aws.vpc.network_sum,2015-12-20 0202:1212:2828,456
15,2,aws.vpc.network_out,2018-07-09 1010:0707:0707,757
49,1,aws.vpc.network_min,2017-06-10 0909:0606:2727,487
6,13,aws.vpc.network_rate,2016-08-04 0606:0808:1515,667
27,8,aws.vpc.network_sum,2015-08-31 1212:0808:2121,732
41,1,aws.vpc.network_mean,2018-06-02 1111:0606:2323,362
33,2,aws.vpc.network_in,2016-06-16 0303:0606:5959,781
28,4,aws.vpc.network_min,2017-12-15 0303:1212:0707,499
21,4,aws.vpc.network_in,2017-05-19 0303:0505:5454,534
41,2,aws.vpc.network_min,2016-01-27 0404:0101:0909,681
43,3,aws.vpc.network_rate,2017-06-17 0404:0606:5858,895
41,7,aws.vpc.network_rate,2016-08-30 0606:0808:3737,429
18,13,aws.vpc.network_rate,2017-10-03 0505:1010:0101,898
17,1,aws.vpc.network_mean,2019-09-27 0707:0909:5858,528
21,7,aws.vpc.network_out,2016-06-16 0404:0606:5353,718
41,6,aws.vpc.network_rate,2017-09-17 1111:0909:4343,514
29,4,aws.vpc.network_out,2019-10-18 0707:1010:0808,938
9,11,aws.vpc.network_sum,2018-06-19 0808:0606:3636,825
5,20,aws.vpc.network_in,2019-11-11 0404:1111:4242,332
44,7,aws.vpc.network_min,2019-06-06 0808:0606:0404,215
20,18,aws.vpc.network_in,2017-04-16 0303:0404:2929,993
44,6,aws.vpc.network_in,2018-05-07 1111:0505:2424,998
16,8,aws.vpc.network_mean,2017-02-15 0606:0202:3131,779
49,2,aws.vpc.network_sum,2017-08-08 0303:0808:5555,444
26,3,aws.vpc.network_rate,2015-07-03 0909:0707:3131,353
16,9,aws.vpc.network_sum,2016-03-08 0505:0303:3434,720
16,9,aws.vpc.network_sum,2017-08-02 1010:0808:5858,689
39,3,aws.vpc.network_in,2016-01-12 0202:0101:4141,580
5,6,aws.vpc.network_mean,2019-07-25 1111:0707:5757,779
37,14,aws.vpc.network_rate,2018-05-10 0505:0505:1010,624
25,12,aws.vpc.network_sum,2018-08-11 0707:0808:4343,188
10,8,aws.vpc.network_out,2017-10-24 0606:1010:1313,504
17,10,aws.vpc.network_rate,2019-12-14 0909:1212:1818,111
44,9,aws.vpc.network_rate,2015-03-21 1010:0303:2020,211
30,3,aws.vpc.network_rate,2016-05-07 0202:0505:5555,336
5,15,aws.vpc.network_sum,2016-05-08 0707:0505:3333,490
3,11,aws.vpc.network_mean,2017-08-25 1212:0808:4343,173
14,3,aws.vpc.network_min,2018-01-29 0202:0101:4949,120
6,5,aws.vpc.network_mean,2018-11-27 0707:1111:4141,799
50,18,aws.vpc.network_sum,2016-09-03 0303:0909:3434,996
35,6,aws.vpc.network_min,2019-03-05 0505:0303:0808,263
36,20,aws.vpc.network_min,2016-06-02 0303:0606:1313,878
8,10,aws.vpc.network_min,2019-10-28 0707:1010:2020,958
29,3,aws.vpc.network_min,2015-08-27 1212:0808:2626,106
1,17,aws.vpc.network_rate,2016-09-23 0404:0909:0000,495
23,2,aws.vpc.network_mean,2019-11-30 0808:1111:5050,771
46,6,aws.vpc.network_out,2018-12-08 1212:1212:3737,521
40,2,aws.vpc.network_out,2018-10-25 0505:1010:4141,604
37,14,aws.vpc.network_sum,2019-11-19 1111:1111:5252,976
14,13,aws.vpc.network_rate,2015-04-10 0303:0404:0202,133
38,19,aws.vpc.network_out,2018-02-12 1212:0202:2929,395
9,17,aws.vpc.network_rate,2018-08-10 0404:0808:0404,442
34,2,aws.vpc.network_sum,2019-12-13 1212:1212:3232,386
19,10,aws.vpc.network_in,2016-11-27 0505:1111:2323,553
6,18,aws.vpc.network_mean,2019-10-21 0505:1010:0000,272
4,2,aws.vpc.network_min,2017-06-18 0707:0606:2929,844
37,14,aws.vpc.network_out,2017-08-06 0606:0808:3535,684
1,1,aws.vpc.network_rate,2018-04-19 0707:0404:5353,766
39,7,aws.vpc.network_mean,2016-03-19 0808:0303:1616,270
25,6,aws.vpc.network_out,2017-03-16 1010:0303:5353,768
6,10,aws.vpc.network_mean,2015-04-14 0808:0404:2323,159
6,15,aws.vpc.network_sum,2017-05-20 0101:0505:3636,307
21,17,aws.vpc.network_mean,2019-05-20 0505:0505:3535,495
8,10,aws.vpc.network_out,2015-03-03 0808:0303:1818,717
47,9,aws.vpc.network_mean,2015-11-08 0909:1111:2424,328
12,10,aws.vpc.network_min,2019-11-14 0101:1111:4949,849
48,15,aws.vpc.network_rate,2018-12-28 1010:1212:2424,499
18,8,aws.vpc.network_sum,2019-01-18 0404:0101:5959,724
45,1,aws.vpc.network_sum,2018-12-20 0606:1212:5555,502
10,13,aws.vpc.network_min,2015-11-22 0808:1111:3333,324
42,17,aws.vpc.network_out,2017-02-13 0101:0202:5050,634
4,17,aws.vpc.network_in,2018-02-27 0606:0202:4949,252
48,10,aws.vpc.network_in,2015-10-30 0808:1010:3434,256
35,20,aws.vpc.network_out,2017-08-10 0808:0808:4848,1000
27,11,aws.vpc.network_out,2015-11-22 1212:1111:2020,484
9,19,aws.vpc.network_out,2017-06-16 0707:0606:4343,439
31,15,aws.vpc.network_mean,2018-07-18 0505:0707:5555,123
6,12,aws.vpc.network_rate,2015-08-05 0606:0808:2424,520
46,1,aws.vpc.network_in,2016-10-02 0101:1010:5858,803
34,8,aws.vpc.network_mean,2019-11-12 0303:1111:5252,575
45,15,aws.vpc.network_rate,2015-11-14 0909:1111:0202,873
9,13,aws.vpc.network_in,2016-11-16 1111:1111:2626,153
39,15,aws.vpc.network_mean,2015-09-18 0909:0909:3737,643
23,1,aws.vpc.network_min,2018-10-01 0202:1010:4646,920
31,9,aws.vpc.network_min,2017-01-01 1212:0101:3939,935
45,7,aws.vpc.network_min,2015-12-27 0707:1212:1717,439
9,6,aws.vpc.network_in,2019-06-08 0303:0606:3434,998
49,1,aws.vpc.network_in,2015-06-01 0808:0606:4444,111
4,6,aws.vpc.network_mean,2017-09-17 0101:0909:5757,373
7,12,aws.vpc.network_mean,2019-05-23 0303:0505:5050,515
32,6,aws.vpc.network_mean,2017-05-08 0606:0505:1111,431
7,14,aws.vpc.network_min,2018-03-25 1111:0303:1010,533
49,14,aws.vpc.network_mean,2015-03-18 0202:0303:1919,562
3,10,aws.vpc.network_rate,2018-09-30 1010:0909:5454,811
33,8,aws.vpc.network_sum,2019-11-09 0202:1111:1919,517
21,1,aws.vpc.network_min,2015-04-25 0808:0404:4444,834
35,20,aws.vpc.network_out,2018-10-06 1212:1010:4848,527
12,2,aws.vpc.network_out,2015-10-29 0505:1010:5353,666
36,11,aws.vpc.network_mean,2019-01-20 0808:0101:1818,352
25,1,aws.vpc.network_min,2015-09-29 1212:0909:1111,579
27,17,aws.vpc.network_out,2017-05-18 1010:0505:2121,593
37,6,aws.vpc.network_min,2018-09-21 0303:0909:0909,716
28,4,aws.vpc.network_out,2016-01-21 0707:0101:1616,558
18,4,aws.vpc.network_in,2018-10-25 0606:1010:4040,142
8,15,aws.vpc.network_mean,2019-01-14 1212:0101:2525,829
37,11,aws.vpc.network_rate,2017-11-30 0101:1111:3434,972
7,15,aws.vpc.network_out,2019-04-16 0606:0404:5757,209
49,1,aws.vpc.network_out,2017-01-04 0202:0101:5252,286
13,2,aws.vpc.network_rate,2016-11-16 0505:1111:0404,987
19,11,aws.vpc.network_in,2019-12-27 0808:1212:3434,524
41,8,aws.vpc.network_mean,2018-08-23 1111:0808:0505,701
19,7,aws.vpc.network_sum,2019-01-06 0202:0101:4646,438
5,6,aws.vpc.network_out,2017-05-23 0202:0505:1919,716
42,13,aws.vpc.network_mean,2015-11-15 0909:1111:0000,126
27,12,aws.vpc.network_mean,2017-06-19 0404:0606:2929,949
49,10,aws.vpc.network_mean,2018-02-03 0505:0202:1313,755
20,9,aws.vpc.network_mean,2017-10-17 0404:1010:4242,136
34,13,aws.vpc.network_in,2015-06-15 1212:0606:4444,467
10,5,aws.vpc.network_rate,2016-11-11 1111:1111:4949,479
25,9,aws.vpc.network_rate,2015-09-24 0404:0909:0606,684
21,15,aws.vpc.network_in,2018-01-25 1111:0101:0202,549
39,14,aws.vpc.network_in,2015-06-10 0101:0606:1111,438
7,14,aws.vpc.network_rate,2015-11-18 1010:1111:4545,681
1,6,aws.vpc.network_sum,2018-10-31 0303:1010:2424,966
30,3,aws.vpc.network_in,2017-10-11 0909:1010:1717,465
5,20,aws.vpc.network_sum,2019-04-28 0909:0404:5858,304
35,6,aws.vpc.network_in,2018-04-05 0404:0404:3939,130
13,20,aws.vpc.network_mean,2016-09-15 1212:0909:3737,913
10,15,aws.vpc.network_rate,2019-03-27 0606:0303:1919,659
13,6,aws.vpc.network_out,2015-11-30 0202:1111:2828,425
29,16,aws.vpc.network_rate,2015-12-18 1111:1212:0808,556
5,8,aws.vpc.network_out,2017-02-05 0606:0202:2626,918
16,15,aws.vpc.network_in,2017-07-17 0303:0707:0404,431
29,10,aws.vpc.network_in,2015-10-18 1212:1010:0808,820
38,5,aws.vpc.network_min,2015-05-23 0808:0505:2222,660
22,8,aws.vpc.network_in,2016-04-10 0404:0404:0909,282
46,5,aws.vpc.network_min,2019-10-25 1010:1010:4343,990
29,5,aws.vpc.network_in,2018-10-17 0202:1010:1919,290
32,14,aws.vpc.network_rate,2019-04-28 1212:0404:4646,594
42,6,aws.vpc.network_out,2017-07-16 0909:0707:1414,708
2,1,aws.vpc.network_mean,2017-06-22 0202:0606:3131,613
8,3,aws.vpc.network_sum,2017-11-26 0303:1111:1919,364
46,7,aws.vpc.network_sum,2016-06-07 1111:0606:2121,817
5,11,aws.vpc.network_out,2019-10-16 0404:1010:1111,550
5,2,aws.vpc.network_rate,2015-01-06 0909:0101:0101,130
5,16,aws.vpc.network_in,2018-10-07 1212:1010:4040,106
25,13,aws.vpc.network_out,2019-04-14 0707:0404:2626,826
38,17,aws.vpc.network_in,2016-07-22 0909:0707:3333,632
8,19,aws.vpc.network_out,2019-02-08 0808:0202:3535,676
35,11,aws.vpc.network_sum,2015-12-29 0303:1212:4141,976
48,9,aws.vpc.network_rate,2016-12-20 0101:1212:4646,399
21,16,aws.vpc.network_min,2018-02-01 1111:0202:4040,428
22,9,aws.vpc.network_sum,2018-02-12 0404:0202:3333,533
5,13,aws.vpc.network_out,2017-09-09 0505:0909:4242,817
20,3,aws.vpc.network_rate,2016-11-04 0202:1111:0202,278
13,19,aws.vpc.network_in,2016-12-10 0808:1212:0909,995
4,17,aws.vpc.network_min,2017-12-15 0707:1212:1515,453
48,11,aws.vpc.network_mean,2017-07-02 1111:0707:0303,863
30,9,aws.vpc.network_mean,2018-09-07 1111:0909:2222,747
19,1,aws.vpc.network_rate,2019-04-20 0707:0404:3333,421
3,13,aws.vpc.network_out,2019-12-15 1010:1212:1212,588
43,6,aws.vpc.network_sum,2018-07-17 0202:0707:2525,613