timestamp,source,vehicle_model_id,price
2016-12-14 07:12:10,4,9,28781
2016-02-15 03:02:18,6,16,28834
2014-08-20 03:08:09,3,12,20474
2018-07-31 09:07:51,10,2,27830
2016-09-24 01:09:42,8,14,18893
2019-09-26 11:09:56,10,20,10808
2018-09-08 14:09:58,6,11,19015
2019-09-25 12:09:42,3,11,22933
2016-06-14 10:06:01,5,19,28071
2015-03-12 05:03:28,1,6,11467
2012-07-17 08:07:36,5,18,20222
2014-04-20 04:04:40,2,7,16138
2013-01-13 07:01:17,10,6,14095
2019-08-16 01:08:14,1,11,10591
2012-04-13 19:04:29,5,6,28402
2011-04-18 03:04:29,3,10,13883
2012-06-26 13:06:41,6,7,15862
2014-12-12 12:12:33,2,16,21701
2015-04-10 20:04:58,6,10,10350
2019-10-30 17:10:07,1,8,11355
2016-01-22 20:01:13,1,18,17039
2014-06-09 22:06:26,9,15,14597
2016-07-16 03:07:44,5,3,19530
2017-04-03 16:04:49,9,5,18681
2018-03-29 08:03:45,8,8,14351
2013-01-20 09:01:17,9,3,25080
2016-04-09 01:04:51,4,19,13784
2010-12-03 11:12:25,10,19,12615
2012-05-28 00:05:07,1,19,10275
2014-09-10 12:09:31,2,19,17832
2011-08-27 18:08:58,3,3,13260
2015-01-29 16:01:38,7,18,13995
2018-07-20 02:07:04,8,3,22628
2010-01-30 16:01:08,9,2,23513
2019-09-07 21:09:14,4,15,26122
2012-10-27 18:10:04,10,20,26604
2011-09-16 08:09:42,7,12,11698
2014-09-02 03:09:43,3,10,22604
2019-09-28 04:09:37,10,3,13096
2018-05-07 03:05:36,4,17,20005
2012-07-16 19:07:48,8,16,17418
2012-08-12 04:08:36,3,16,17388
2017-05-02 23:05:17,5,4,12156
2011-06-22 23:06:22,1,2,19673
2012-04-05 21:04:18,1,6,27238
2018-12-21 03:12:57,7,8,21207
2012-10-15 11:10:09,9,12,28600
2017-05-08 07:05:12,3,13,14445
2015-07-17 03:07:34,7,8,14042
2013-04-11 19:04:49,8,6,29877
2014-02-11 14:02:41,2,10,14095
2017-04-11 11:04:04,2,7,17164
2015-09-20 00:09:18,6,12,28945
2013-07-27 19:07:41,8,19,24642
2011-03-10 04:03:13,2,5,11880
2012-10-25 11:10:11,9,7,26167
2019-08-24 04:08:53,10,7,18996
2012-10-24 10:10:21,1,20,15084
2018-03-10 03:03:58,1,13,13593
2017-08-04 19:08:12,3,11,13199
2016-06-26 17:06:27,8,14,18481
2018-04-07 03:04:15,6,6,26995
2012-10-07 12:10:58,4,7,25701
2012-08-28 15:08:49,4,1,24506
2017-05-30 14:05:19,7,11,18244
2014-05-08 10:05:19,1,18,12465
2014-07-09 12:07:39,2,5,15518
2013-10-09 06:10:32,7,10,29190
2013-06-30 20:06:44,8,20,26071
2013-12-27 11:12:04,7,12,20949
2017-08-29 09:08:45,7,13,13339
2012-02-06 08:02:49,10,7,13759
2010-05-28 17:05:23,9,13,14729
2011-09-18 02:09:58,7,2,24757
2011-06-01 18:06:55,6,12,28929
2015-02-21 21:02:19,6,9,13301
2012-12-12 08:12:05,1,3,26617
2016-10-20 06:10:56,5,12,13842
2011-04-03 03:04:54,5,13,19407
2010-07-15 07:07:26,5,2,12161
2016-09-03 05:09:57,1,4,20251
2018-12-25 14:12:46,2,11,28405
2012-11-07 06:11:07,3,10,19703
2016-11-18 15:11:23,3,19,22656
2013-01-25 15:01:53,3,6,26023
2016-03-06 23:03:40,7,13,15989
2018-02-14 16:02:39,2,16,29184
2013-09-09 18:09:51,8,17,20252
2010-05-23 09:05:54,6,6,28823
2019-10-18 05:10:20,3,19,27785
2011-08-27 22:08:25,10,4,11438
2018-01-31 17:01:37,7,11,29479
2010-03-02 00:03:26,2,10,26641
2013-07-22 20:07:22,9,7,14272
2011-11-22 02:11:17,8,8,13103
2012-01-29 07:01:26,1,10,28696
2010-12-26 01:12:03,6,3,13192
2015-09-12 02:09:10,3,1,10188
2010-03-23 13:03:07,9,10,14638
2018-05-09 20:05:33,4,13,25850
2015-12-27 08:12:04,9,16,29489
2017-03-06 14:03:41,1,14,10824
2012-03-04 06:03:26,3,15,24063
2017-07-06 09:07:58,5,16,14061
2012-03-11 20:03:09,2,11,28664
2016-06-29 00:06:36,10,15,18004
2016-10-13 03:10:27,1,18,11449
2015-04-27 09:04:14,2,6,28337
2013-08-29 20:08:48,5,5,22987
2017-05-15 09:05:49,3,15,25554
2011-07-08 10:07:41,3,17,26204
2015-01-18 00:01:17,9,17,22745
2017-03-06 07:03:42,9,20,24492
2015-01-10 03:01:23,3,5,21049
2015-10-09 23:10:46,5,19,26040
2019-05-29 02:05:22,6,9,26152
2010-08-31 01:08:59,2,1,13116
2012-03-14 12:03:36,1,5,18295
2011-01-31 08:01:25,3,13,18992
2010-08-14 00:08:47,10,11,15285
2016-03-01 04:03:07,9,16,29531
2011-06-12 08:06:55,2,1,11249
2012-08-08 18:08:42,5,18,18612
2016-09-21 01:09:25,7,7,11334
2015-06-06 04:06:15,3,15,17831
2014-01-15 11:01:26,4,6,14581
2014-08-12 02:08:04,1,18,18541
2018-12-18 01:12:05,7,16,11519
2012-01-28 22:01:13,3,17,15572
2016-04-09 00:04:49,7,12,16693
2016-01-17 04:01:36,3,6,14281
2014-07-08 19:07:40,4,13,18357
2017-02-05 12:02:24,3,16,27914
2016-01-10 20:01:06,7,19,11994
2019-09-23 00:09:11,5,12,12610
2018-09-14 23:09:45,8,10,20619
2019-10-22 12:10:32,7,2,26756
2011-01-17 10:01:25,5,18,28170
2017-01-22 04:01:44,6,18,12149
2010-02-15 08:02:39,2,17,11246
2019-06-18 23:06:39,2,7,13496
2016-03-13 06:03:29,6,9,16681
2012-08-18 23:08:04,8,20,23535
2018-08-08 02:08:18,9,11,22904
2012-03-20 15:03:20,7,12,28465
2014-10-20 07:10:39,1,16,12696
2011-06-08 05:06:26,5,6,26150
2014-07-29 00:07:43,7,7,19614
2010-09-17 21:09:27,7,14,10594
2015-10-10 03:10:55,2,12,19296
2016-10-31 18:10:27,5,16,16579
2017-10-21 08:10:56,5,5,24442
2013-06-17 07:06:09,5,1,22219
2010-02-21 00:02:42,6,16,25460
2010-04-26 14:04:34,4,1,24717
2017-12-16 08:12:43,8,7,15116
2015-04-17 17:04:25,9,6,24831
2013-08-17 08:08:30,8,8,11540
2014-04-22 23:04:05,6,6,26178
2017-10-30 07:10:57,2,3,28205
2017-12-02 02:12:40,8,10,25212
2013-07-30 20:07:42,4,7,16307
2019-11-15 02:11:33,10,19,22232
2017-10-02 20:10:14,3,19,22629
2014-12-18 18:12:00,5,12,25802
2016-02-26 20:02:16,8,1,25310
2011-06-19 14:06:37,10,15,23085
2012-07-20 18:07:24,1,17,10138
2018-08-29 16:08:48,1,8,22052
2019-06-27 06:06:09,1,6,25318
2010-05-08 16:05:36,5,6,17436
2012-04-24 01:04:04,6,6,19834
2013-08-02 04:08:56,8,9,14080
2013-02-04 08:02:23,8,19,23381
2019-07-19 22:07:55,10,16,15763
2018-08-19 08:08:56,1,14,20684
2013-06-27 12:06:19,3,15,17328
2019-04-21 03:04:57,5,3,27330
2013-06-25 04:06:50,10,4,21630
2013-04-15 08:04:05,10,5,14680
2010-07-26 10:07:51,3,9,21309
2013-08-01 15:08:18,2,14,16620
2018-10-31 06:10:15,8,13,10115
2016-10-18 07:10:27,7,15,16695
2010-08-24 17:08:04,10,3,14832
2016-06-30 23:06:35,6,20,19414
2016-03-17 14:03:05,4,9,26653
2017-08-04 15:08:17,9,10,13437
2013-12-13 14:12:47,7,10,18878
2019-03-17 23:03:20,7,14,17004
2011-01-06 03:01:21,7,11,27090
2019-10-28 06:10:15,1,7,29180
2014-07-30 15:07:10,7,20,28848
2018-06-15 20:06:18,6,11,23528
2013-07-21 19:07:10,1,8,16883
2011-03-11 01:03:53,1,19,16712
2013-10-03 05:10:49,2,18,12886
2019-10-27 07:10:22,6,2,11426
2012-01-02 01:01:24,8,13,24841
2017-09-23 15:09:51,1,2,20017
2016-02-22 03:02:30,6,6,18205
2011-06-17 18:06:07,10,1,10271
2013-11-26 02:11:05,1,17,25572
2014-05-08 02:05:03,5,20,26815
2012-07-14 17:07:41,5,18,26585
2017-01-22 04:01:52,8,7,26749
2016-04-01 21:04:28,7,14,28366
2013-08-07 07:08:32,8,14,10281
2014-10-28 13:10:11,1,4,29669
2011-09-18 09:09:20,10,12,27802
2014-03-23 04:03:30,8,3,13612
2014-10-06 13:10:13,2,11,24191
2011-01-15 15:01:44,1,2,17488
2010-09-05 06:09:59,3,3,23729
2011-12-07 22:12:01,8,2,27654
2017-07-22 23:07:38,2,9,28329
2019-02-02 19:02:57,5,15,18217
2016-10-04 20:10:45,1,6,18475
2017-11-16 00:11:42,6,2,12704
2016-07-26 01:07:37,6,1,27972
2018-12-08 20:12:39,1,5,17761
2012-01-14 15:01:58,4,14,10209
2017-10-03 09:10:56,3,20,28307
2011-08-29 23:08:54,5,16,11710
2011-09-19 06:09:59,7,18,28952
2014-04-01 22:04:19,10,1,14677
2016-11-04 22:11:30,9,12,18254
2015-03-02 08:03:19,7,4,12035
2017-12-23 09:12:43,6,3,15227
2011-09-01 14:09:12,1,17,15453
2015-09-19 11:09:32,7,1,24181
2013-12-17 07:12:02,5,5,20204
2013-06-13 08:06:58,8,5,22571
2013-05-24 12:05:07,7,14,26750
2018-04-18 17:04:23,5,2,16302
2014-07-29 16:07:44,1,3,26483
2013-03-12 11:03:39,4,3,15622
2016-08-11 02:08:58,7,6,12088
2019-04-20 11:04:08,4,3,10870
2015-07-29 20:07:10,3,11,16643
2013-10-29 18:10:36,9,11,23236
2017-08-06 11:08:52,10,16,15252
2018-07-19 12:07:37,3,16,25612
2012-09-11 15:09:06,6,9,21390
2010-12-26 19:12:23,4,4,16243
2013-03-11 14:03:02,4,19,13686
2012-01-13 18:01:56,3,17,28001
2015-11-07 17:11:12,7,18,14599
2015-08-03 13:08:14,6,13,16158
2010-05-28 12:05:14,2,10,20278
2014-03-12 07:03:44,3,10,25146
2017-12-31 17:12:58,3,19,23404
2012-03-22 18:03:06,4,15,22840
2011-10-26 12:10:24,5,5,23853
2015-03-13 19:03:53,7,19,14763
2011-09-10 14:09:32,5,4,27581
2018-07-02 07:07:31,1,2,17493
2015-09-08 08:09:03,9,18,28414
2019-09-02 07:09:38,8,6,12263
2016-05-04 03:05:58,4,7,11816
2017-05-06 00:05:13,8,2,25236
2018-10-01 17:10:21,6,19,16507
2015-07-21 21:07:21,5,5,12551
2015-07-17 11:07:58,3,17,13459
2012-01-21 15:01:02,3,2,15770
2011-09-07 14:09:12,2,12,18467
2014-09-27 02:09:29,1,3,19604
2014-08-30 02:08:35,5,2,16418
2015-12-15 15:12:35,7,3,21872
2016-09-29 13:09:57,10,15,29445
2015-01-01 06:01:00,3,19,14190
2011-06-14 01:06:25,9,7,20638
2017-11-16 14:11:14,9,4,15273
2013-08-13 21:08:04,8,11,15071
2016-10-06 11:10:18,2,13,14740
2015-07-29 22:07:21,8,1,22227
2016-06-17 13:06:19,4,9,23997
2016-05-18 15:05:00,4,14,27262
2017-05-14 21:05:18,4,3,28192
2016-05-01 03:05:16,2,3,29879
2016-07-18 10:07:40,10,20,13955
2018-02-06 17:02:04,3,16,19425
2012-01-14 15:01:53,8,2,19057
2019-03-07 12:03:46,1,17,29787
2013-08-15 11:08:53,1,10,17999
2017-09-04 10:09:48,10,6,12743
2017-01-01 02:01:40,6,19,16681
2011-05-07 04:05:14,8,11,23284
2015-02-13 07:02:41,3,16,19392
2014-07-31 19:07:25,5,13,25329
2015-06-18 16:06:06,2,9,24253
2011-01-03 11:01:36,6,11,17522
2013-02-22 19:02:56,1,10,27425
2015-06-25 20:06:54,7,2,14511
2019-07-01 02:07:51,10,13,23855
2013-05-20 23:05:19,9,4,28189
2013-07-20 10:07:32,4,18,17315
2013-07-04 14:07:53,9,11,19563
2013-08-13 01:08:39,3,17,11187
2016-06-05 10:06:25,5,2,10074
2012-07-07 18:07:35,5,7,14016
2016-11-23 11:11:15,6,13,25054
2010-07-15 12:07:42,9,2,22399
2011-05-17 20:05:32,8,13,19846
2016-11-15 06:11:25,9,3,29204
2017-03-16 21:03:06,10,10,29381
2014-09-06 00:09:25,9,14,25348
2018-02-16 03:02:40,9,3,23913
2018-06-18 06:06:43,4,12,23566
2011-06-17 01:06:07,7,18,24322
2010-01-28 00:01:01,7,1,23754
2011-06-23 01:06:48,8,3,14747
2016-05-07 14:05:55,9,5,21908
2010-09-04 00:09:35,4,3,10713
2013-12-25 15:12:17,9,11,20175
2012-03-29 06:03:36,3,9,23552
2015-11-29 13:11:33,4,10,20019
2016-05-07 16:05:01,7,15,28669
2014-09-26 11:09:26,5,8,20813
2011-09-27 08:09:03,5,18,21195
2016-11-04 21:11:42,6,11,13295
2013-06-29 09:06:49,4,1,27581
2010-09-23 01:09:54,5,15,14680
2016-12-28 13:12:39,2,5,12176
2014-02-22 19:02:17,2,5,16174
2014-08-17 15:08:30,2,18,17640
2018-12-23 03:12:19,3,6,10952
2013-07-07 05:07:22,3,15,26660
2013-07-28 04:07:56,7,10,27591
2014-02-07 02:02:22,1,15,28299
2019-11-28 21:11:05,10,18,24763
2012-07-30 09:07:01,2,20,24069
2012-03-28 09:03:55,2,14,14583
2010-04-09 19:04:23,10,11,10912
2018-04-05 06:04:01,7,18,27658
2011-01-24 00:01:54,9,6,11023
2010-12-20 11:12:32,10,17,18813
2011-05-05 14:05:14,1,20,27720
2012-08-06 19:08:36,7,19,24893
2019-05-06 15:05:49,10,18,12067
2018-09-18 23:09:28,1,19,19202
2014-06-15 23:06:11,8,6,22775
2011-07-09 01:07:54,1,2,13952
2013-12-22 19:12:24,8,4,20552
2013-12-28 19:12:53,3,1,15217
2013-12-09 23:12:16,5,4,14983
2019-11-08 20:11:51,1,3,11696
2015-02-16 15:02:22,9,6,27355
2014-03-03 02:03:37,6,19,20035
2019-07-23 02:07:15,6,3,13621
2014-05-24 11:05:09,9,12,13190
2018-05-16 17:05:01,1,13,18255
2018-12-12 18:12:27,5,9,28668
2016-02-17 12:02:25,8,8,24095
2018-01-10 02:01:30,10,8,27341
2011-12-15 03:12:52,1,13,11968
2019-12-10 11:12:31,6,20,24273
2014-05-16 11:05:57,10,3,18347
2019-10-24 00:10:17,6,12,13901
2018-11-16 19:11:14,8,6,13001
2019-12-10 01:12:17,5,17,20379
2017-12-16 11:12:37,6,9,15203
2013-04-03 09:04:03,6,5,15365
2011-08-09 07:08:13,7,14,22470
2010-04-16 01:04:45,4,9,17763
2012-12-17 00:12:20,2,10,24288
2010-09-22 21:09:56,10,7,15467
2013-12-10 16:12:08,7,3,12917
2012-10-18 04:10:47,6,1,28987
2018-09-27 20:09:53,5,19,16549
2012-10-29 17:10:52,2,8,23127
2019-11-27 17:11:39,8,16,16328
2011-04-04 08:04:16,9,8,28405
2017-03-04 10:03:04,1,9,17181
2015-08-10 22:08:47,2,11,10559
2013-07-28 05:07:48,5,9,17924
2014-09-01 06:09:32,7,11,13188
2011-04-17 18:04:36,5,4,13100
2012-03-28 20:03:38,6,12,13546
2010-06-13 06:06:23,4,3,15620
2015-05-06 15:05:24,4,18,24557
2016-03-12 02:03:25,4,14,20546
2019-02-26 05:02:59,10,3,14844
2016-03-22 16:03:13,4,11,17140
2017-11-08 14:11:23,2,20,25919
2010-06-21 12:06:34,9,4,26740
2019-07-26 19:07:22,10,5,10151
2012-01-22 15:01:42,8,9,23134
2019-10-14 22:10:55,4,8,28973
2018-04-26 06:04:03,10,8,29121
2010-05-20 09:05:34,8,10,27302
2019-05-28 00:05:13,9,9,21855
2014-06-17 00:06:06,4,3,14713
2011-08-15 12:08:15,10,5,25136
2014-03-02 02:03:48,9,19,26415
2013-05-28 11:05:25,10,13,28756
2018-11-23 18:11:21,2,20,22630
2010-05-09 03:05:50,10,12,28869
2016-09-03 02:09:12,8,13,17449
2013-07-26 21:07:40,2,13,16212
2014-12-11 04:12:46,10,8,16024
2013-07-31 01:07:37,9,4,11206
2012-08-26 04:08:00,7,16,25255
2016-10-07 15:10:14,8,8,21061
2014-05-20 08:05:18,9,4,22268
2011-08-29 18:08:39,3,5,12135
2013-06-12 12:06:52,6,2,23413
2014-07-12 06:07:02,8,5,22716
2017-02-23 16:02:16,4,9,24138
2011-08-29 18:08:51,1,7,23942
2015-06-01 08:06:31,2,17,15723
2014-08-31 13:08:48,3,16,25969
2016-05-08 03:05:26,2,11,19909
2014-05-03 08:05:48,9,19,27934
2014-11-06 13:11:19,8,8,16803
2011-11-07 00:11:18,9,13,14266
2015-04-12 06:04:14,1,12,11455
2014-12-11 15:12:26,1,19,15886
2014-11-27 14:11:11,8,11,14622
2013-01-24 01:01:25,6,2,26708
2016-07-10 12:07:55,5,5,11199
2013-03-18 11:03:00,10,9,25779
2019-03-10 08:03:09,9,20,18540
2014-07-17 13:07:23,2,1,13545
2015-07-05 18:07:48,7,9,16480
2012-08-09 14:08:46,2,20,12649
2013-12-27 13:12:52,10,5,10361
2012-12-29 22:12:28,9,13,17897
2011-10-11 01:10:17,8,6,26345
2013-05-15 15:05:14,5,14,29315
2016-12-14 13:12:42,8,3,17212
2012-10-04 03:10:21,8,15,15217
2014-03-27 23:03:45,4,15,27503
2019-05-26 20:05:23,2,2,18936
2013-11-23 06:11:16,8,11,19701
2016-12-14 13:12:40,9,12,13566
2010-09-21 22:09:57,7,12,19159
2012-06-15 06:06:11,3,14,26488
2010-03-22 01:03:50,3,9,14800
2012-07-30 07:07:49,4,3,20987
2014-04-25 18:04:41,3,7,21052
2016-06-13 21:06:27,6,13,20418
2013-07-27 05:07:41,3,19,26089
2013-05-13 06:05:10,10,19,26149
2016-10-07 01:10:20,2,8,16581
2010-06-30 21:06:00,4,8,12157
2019-02-19 07:02:27,9,1,16725
2014-01-25 20:01:59,3,15,26381
2018-12-08 22:12:33,5,18,24544
2016-06-12 20:06:46,5,15,15091
2016-04-03 22:04:07,7,6,12344
2012-11-06 15:11:02,5,16,26312
2018-07-29 13:07:15,1,11,15988
2012-05-02 20:05:13,1,17,22249
2010-03-19 01:03:04,7,2,10697
2016-11-16 17:11:43,8,19,12510
2019-04-29 17:04:18,7,9,27127
2012-08-23 22:08:42,9,17,18392
2012-06-24 23:06:11,7,13,14386
2011-11-04 23:11:21,9,19,12544
2017-11-17 02:11:41,4,1,25949
2017-02-13 06:02:57,4,9,21845
2015-04-20 04:04:31,8,17,24966
2012-10-13 20:10:21,1,20,24861
2013-07-06 12:07:13,7,20,24639
2016-03-21 17:03:53,5,7,16846
2013-05-09 13:05:53,6,3,10520
2015-07-17 06:07:01,10,5,29805
2010-11-28 03:11:55,5,18,17898
2016-12-03 23:12:56,3,15,11781
2018-06-26 01:06:30,9,13,28700
2011-09-15 11:09:46,10,2,24113
2019-10-14 21:10:41,7,15,17054
2011-12-09 14:12:26,5,15,16807
2016-10-15 19:10:02,2,11,20827
2012-10-13 10:10:13,3,20,22816
2019-06-27 05:06:29,9,5,25899
2016-02-22 16:02:49,7,16,28852
2013-03-25 05:03:01,5,7,15187
2019-06-29 04:06:24,7,8,13785
2010-12-17 09:12:17,10,14,21789
2017-09-30 19:09:35,9,4,21464
2014-10-13 23:10:28,8,5,18427
2017-04-29 20:04:32,3,17,21284
2017-06-27 02:06:35,5,1,16653
2013-03-17 21:03:31,9,8,13776
2018-08-25 00:08:08,3,18,12966
2012-11-23 01:11:57,5,18,23778
2010-07-04 04:07:41,7,20,19729
2015-06-23 07:06:57,1,10,10858
2012-07-25 12:07:26,4,16,29969
2013-11-13 06:11:54,8,1,20007
2013-06-27 09:06:09,7,13,15536
2019-05-03 19:05:12,1,9,29269
2019-06-12 20:06:11,10,14,19786
2010-01-21 04:01:33,10,20,22617
2010-10-26 15:10:26,3,11,24489
2012-07-02 18:07:00,10,15,21923
2019-07-26 18:07:48,5,20,10305
2012-03-15 00:03:51,8,14,23279
2015-04-11 19:04:33,6,14,20431
2017-12-04 20:12:10,1,12,24433
2011-06-07 17:06:55,8,11,13583
2016-11-07 15:11:25,4,13,15638
2016-04-20 19:04:08,6,14,10306
2010-07-22 08:07:58,5,4,14373
2017-07-23 20:07:08,2,11,29425
2016-01-26 09:01:38,5,8,23342
2016-02-19 05:02:15,6,18,28546
2016-03-28 19:03:46,10,16,27531
2012-11-25 16:11:25,3,15,17924
2011-10-09 22:10:51,9,10,20587
2010-11-10 05:11:30,8,19,17967
2016-10-17 08:10:57,6,6,10904
2010-04-23 15:04:24,8,3,11825
2013-05-02 18:05:54,6,6,24310
2012-06-20 06:06:11,2,16,27367
2018-08-10 18:08:09,2,1,15732
2018-06-13 09:06:58,1,1,14565
2013-06-30 07:06:01,2,9,16892
2014-02-28 15:02:57,3,8,22359
2010-02-05 06:02:39,8,14,23865
2014-05-26 15:05:10,8,7,21141
2015-04-03 06:04:25,7,11,25230
2019-03-17 07:03:53,8,14,15740
2017-01-18 01:01:18,6,3,11018
2011-01-06 02:01:43,8,9,12228
2017-10-08 13:10:06,8,10,29791
2013-03-10 01:03:45,1,4,19570
2017-05-18 23:05:35,4,3,11016
2019-07-06 19:07:55,4,9,17800
2019-05-08 16:05:35,9,13,27019
2018-11-13 23:11:26,4,9,28770
2010-02-16 10:02:27,5,6,25908
2018-10-27 22:10:10,2,9,11906
2019-04-11 05:04:27,8,18,25642
2017-01-23 07:01:49,9,5,19990
2017-10-27 04:10:57,5,6,18111
2015-02-22 00:02:34,9,11,11545
2018-04-02 08:04:08,7,14,26654
2012-03-29 18:03:56,9,6,13543
2012-11-20 15:11:42,5,8,28557
2016-02-26 19:02:11,6,14,22766
2019-01-02 03:01:22,5,20,19377
2013-07-10 11:07:30,10,11,23102
2016-06-16 19:06:39,3,19,16290
2010-09-24 15:09:45,3,6,28069
2018-07-26 12:07:43,6,3,12041
2015-04-06 11:04:37,9,11,19218
2011-12-24 00:12:37,5,6,17116
2019-04-10 06:04:14,8,19,26756
2017-02-14 04:02:04,5,5,27132
2012-03-02 16:03:46,10,2,13834
2014-07-25 23:07:23,3,4,28408
2010-12-22 21:12:57,3,17,28408
2012-03-16 23:03:55,7,13,23330
2019-07-02 13:07:03,1,19,24358
2015-03-18 19:03:40,6,5,25567
2017-07-28 09:07:12,1,12,15330
2014-03-21 08:03:59,1,9,18231
2019-11-13 08:11:24,6,15,15477
2018-05-04 02:05:46,6,17,21064
2018-03-15 15:03:51,1,12,27492
2018-08-07 09:08:56,5,2,23844
2013-12-22 22:12:23,8,2,19377
2019-04-12 06:04:52,7,6,14525
2018-05-12 17:05:44,9,9,24112
2017-01-19 23:01:49,6,12,10308
2019-03-29 02:03:54,4,8,24629
2010-04-06 12:04:54,1,12,15819
2014-11-13 04:11:31,8,11,19618
2016-09-12 01:09:27,7,5,10633
2016-03-14 08:03:32,2,1,24917
2013-04-26 18:04:39,6,9,22796
2017-01-10 02:01:37,4,6,19869
2014-03-22 17:03:28,7,6,11330
2013-02-03 16:02:30,3,18,26193
2017-10-17 06:10:34,8,19,13742
2015-09-20 10:09:26,6,7,29550
2011-07-12 07:07:29,1,6,25864
2014-10-28 04:10:33,4,10,11223
2015-12-09 00:12:16,6,3,15727
2010-03-06 05:03:58,10,13,15064
2010-11-11 18:11:09,4,2,12446
2015-08-11 16:08:09,6,12,11380
2015-01-07 23:01:12,4,5,13159
2012-12-01 10:12:25,2,13,12947
2016-10-24 16:10:25,5,19,23226
2010-11-05 22:11:41,4,4,17249
2015-07-17 23:07:22,7,12,15491
2019-01-03 18:01:31,7,7,25009
2018-01-13 08:01:51,7,8,20372
2012-03-02 05:03:48,7,1,13576
2011-01-17 22:01:56,2,20,11151
2010-03-09 12:03:17,2,9,23830
2010-12-07 03:12:35,3,15,11502
2010-12-28 05:12:05,8,14,27669
2014-05-16 04:05:43,5,19,11903
2010-07-29 21:07:59,1,7,13653
2010-10-07 05:10:23,9,4,18344
2012-11-18 03:11:48,10,8,19115
2014-08-03 20:08:36,7,12,10545
2017-01-02 23:01:45,2,20,28150
2011-09-06 11:09:59,5,6,29481
2015-01-28 17:01:10,8,3,24492
2011-04-07 09:04:03,1,14,23840
2015-05-08 13:05:43,8,18,10597
2016-01-20 20:01:06,5,9,24856
2014-02-06 11:02:38,6,10,22471
2017-06-27 10:06:59,4,15,19398
2019-06-03 05:06:02,2,8,17641
2015-05-10 04:05:20,2,2,21849
2016-11-09 05:11:18,2,20,28662
2019-04-21 17:04:05,2,8,23682
2010-01-29 15:01:15,7,12,28248
2018-04-21 08:04:48,3,5,13235
2015-12-20 06:12:55,4,18,29138
2010-03-14 19:03:16,1,8,12554
2017-11-25 16:11:35,2,13,17372
2017-09-22 01:09:02,5,5,12133
2013-06-12 06:06:11,6,17,18732
2014-06-08 20:06:33,2,3,20652
2011-06-07 11:06:55,9,18,29356
2011-11-24 07:11:22,3,18,19509
2015-01-31 22:01:57,2,20,20296
2012-02-25 22:02:35,2,18,25043
2018-10-21 12:10:57,9,10,18996
2014-03-10 06:03:35,6,10,21850
2011-07-09 03:07:52,3,14,18693
2010-11-22 02:11:36,1,16,18845
2016-08-29 10:08:24,6,18,28914
2011-02-24 01:02:06,9,3,14426
2016-03-10 02:03:41,2,18,18939
2018-02-26 05:02:32,1,12,13479
2018-12-07 05:12:09,5,10,28099
2014-01-17 10:01:17,1,16,18397
2018-08-03 02:08:24,1,20,10200
2019-11-25 19:11:38,1,10,10559
2017-08-19 03:08:15,2,9,25271
2010-05-15 14:05:16,2,9,26508
2013-01-25 05:01:30,3,6,23193
2018-12-13 21:12:23,10,20,19487
2012-01-22 02:01:28,5,5,25433
2019-04-24 05:04:57,3,19,10004
2019-04-08 09:04:05,9,2,14035
2016-12-19 13:12:04,8,8,11688
2016-01-26 01:01:27,10,5,27520
2019-03-29 15:03:53,6,14,27255
2016-08-19 08:08:25,3,1,16233
2017-02-05 02:02:00,5,17,22875
2016-02-23 10:02:58,9,8,11916
2017-06-12 12:06:22,10,20,26978
2013-12-16 09:12:02,7,13,14098
2014-09-21 22:09:34,4,17,10898
2016-05-18 13:05:39,10,12,15402
2019-03-19 00:03:40,9,4,14984
2013-12-15 20:12:40,5,17,23482
2013-08-23 21:08:51,1,2,25166
2016-04-26 17:04:50,7,19,26799
2016-02-01 02:02:19,9,13,12252
2010-10-08 14:10:25,3,1,19074
2018-04-16 09:04:41,9,9,24938
2016-04-26 12:04:19,3,18,10157
2015-01-14 13:01:03,9,5,29482
2016-11-28 01:11:47,8,15,10565
2011-08-19 07:08:05,6,8,17310
2014-01-29 07:01:10,2,18,16440
2010-10-06 19:10:16,6,3,22872
2010-02-12 22:02:59,3,4,27532
2011-05-02 20:05:25,7,19,13613
2010-12-04 06:12:19,9,15,28514
2017-12-10 01:12:02,8,7,14547
2016-07-26 02:07:44,8,4,26381
2014-11-10 01:11:58,3,15,20485
2017-04-05 00:04:42,2,7,10053
2019-10-23 19:10:52,8,16,11427
2013-11-20 11:11:55,2,9,27067
2011-11-22 04:11:24,5,1,18072
2017-06-13 04:06:30,8,10,12995
2013-01-27 21:01:04,1,10,16525
2018-10-15 17:10:08,3,13,11371
2013-04-27 08:04:52,6,9,22077
2011-05-17 14:05:35,6,11,18490
2019-09-09 06:09:54,2,11,18720
2013-12-23 12:12:04,3,18,15536
2014-04-18 06:04:21,7,12,11306
2016-11-07 06:11:58,8,5,29742
2019-10-15 09:10:09,4,1,13083
2014-06-18 07:06:59,5,16,21173
2018-05-27 09:05:12,10,19,24187
2013-07-08 19:07:39,3,13,14042
2015-11-24 12:11:10,8,20,12158
2014-10-28 06:10:39,3,10,23787
2013-05-02 01:05:03,8,9,28390
2010-12-23 11:12:52,4,3,29878
2010-06-25 08:06:15,3,17,16929
2018-01-17 13:01:15,2,6,21714
2015-03-16 16:03:14,2,11,22080
2016-04-23 21:04:02,10,10,14975
2016-04-10 22:04:02,1,20,26614
2014-09-03 21:09:26,8,5,16205
2014-09-18 08:09:46,10,20,26386
2015-03-07 17:03:18,7,18,16293
2015-05-01 17:05:36,2,20,17984
2010-08-01 06:08:50,3,20,12137
2017-11-20 05:11:51,9,5,17454
2018-04-18 13:04:19,5,12,28203
2012-05-28 06:05:59,9,14,23847
2012-01-08 01:01:16,1,10,28300
2019-05-25 12:05:06,9,17,18760
2013-12-16 13:12:10,10,15,27644
2014-01-14 15:01:48,10,6,11513
2016-01-23 06:01:24,3,14,16693
2018-06-13 04:06:11,6,17,20759
2011-02-20 14:02:14,3,19,20827
2012-04-03 04:04:29,2,14,29443
2016-08-07 19:08:41,7,16,18751
2018-08-08 00:08:54,5,1,23936
2018-03-25 13:03:35,9,17,14381
2016-01-27 15:01:16,9,3,12518
2015-06-07 19:06:10,9,16,27984
2018-04-09 01:04:15,7,7,10442
2013-10-05 14:10:46,7,3,25343
2015-02-26 06:02:57,7,3,12814
2014-04-10 16:04:21,7,12,11600
2018-06-28 00:06:14,9,6,26796
2015-07-14 21:07:26,9,1,17828
2011-11-12 04:11:30,9,5,24921
2018-12-18 01:12:40,2,5,22356
2010-09-17 23:09:25,9,2,23179
2012-08-10 11:08:40,2,3,14788
2011-10-15 17:10:13,4,16,25022
2018-06-15 06:06:26,9,4,15678
2017-09-19 08:09:42,6,18,29338
2015-01-29 06:01:04,6,7,27686
2014-04-17 05:04:22,9,4,22338
2019-06-17 10:06:00,9,17,22428
2013-06-01 23:06:43,4,1,18976
2016-08-13 15:08:40,8,2,13994
2013-09-06 15:09:37,10,2,13409
2016-03-24 14:03:34,3,9,13460
2012-05-11 09:05:49,9,7,10038
2010-08-23 04:08:35,5,5,22732
2010-07-25 03:07:21,3,14,22428
2016-01-09 10:01:39,1,15,12847
2018-03-04 02:03:09,10,10,14663
2018-11-27 21:11:45,7,13,28790
2010-03-03 10:03:23,7,5,26686
2019-02-26 00:02:02,5,5,28710
2011-05-02 00:05:54,3,8,10428
2015-11-20 12:11:35,4,9,29884
2013-09-16 16:09:38,5,16,22854
2011-11-02 17:11:41,8,6,23344
2011-06-20 14:06:44,4,16,22722
2014-02-06 19:02:31,9,7,19784
2015-10-18 14:10:21,4,14,22386
2010-12-10 16:12:02,7,7,26943
2016-03-30 07:03:08,4,2,16047
2019-08-01 19:08:40,5,5,22892
2010-03-30 16:03:40,6,17,16815
2015-08-14 00:08:18,8,3,24462
2011-09-01 18:09:14,1,1,10196
2010-10-26 04:10:15,8,19,14361
2011-09-14 22:09:07,3,18,21937
2013-04-01 09:04:24,3,12,23030
2012-11-14 02:11:49,2,7,24198
2015-09-30 15:09:14,8,18,16351
2010-04-18 17:04:02,3,14,21976
2017-11-19 16:11:00,8,9,25205
2010-01-15 07:01:22,2,20,23333
2017-11-17 15:11:10,8,2,19913
2019-10-20 14:10:37,6,6,29276
2014-01-16 08:01:06,7,11,20333
2014-03-07 19:03:06,3,3,15552
2019-11-27 14:11:22,3,2,17846
2017-02-09 00:02:08,2,4,15371
2019-10-07 07:10:34,9,6,20189
2018-12-21 08:12:50,4,20,25779
2013-11-20 03:11:00,6,3,12371
2010-03-15 05:03:26,1,14,17728
2016-11-04 16:11:24,2,13,24762
2016-01-02 07:01:40,8,3,25287
2013-04-12 06:04:38,7,12,10737
2015-02-16 14:02:23,9,5,20798
2012-05-30 10:05:56,3,7,20924
2014-09-16 10:09:58,9,9,26351
2016-06-27 07:06:07,6,10,22287
2017-12-18 15:12:37,5,7,13530
2014-12-18 05:12:53,10,11,26236
2010-09-07 16:09:36,3,16,19810
2015-06-06 19:06:22,1,9,24479
2014-02-04 10:02:05,3,18,24918
2016-09-29 23:09:12,5,5,14584
2013-10-03 15:10:13,3,20,18600
2016-03-08 14:03:43,5,9,12915
2015-03-31 22:03:16,7,10,28963
2017-01-29 03:01:49,4,9,16787
2019-07-28 01:07:35,9,6,11769
2019-04-22 09:04:52,7,7,26245
2011-06-27 18:06:13,9,16,11606
2014-09-03 10:09:06,5,16,21515
2018-05-20 20:05:49,3,17,28419
2016-10-30 05:10:07,8,5,13075
2010-07-20 12:07:14,5,14,14177
2016-01-14 17:01:20,9,3,10160
2013-08-14 19:08:58,10,16,10619
2019-01-28 10:01:04,3,13,14585
2019-03-24 05:03:03,4,1,23991
2010-07-02 03:07:58,6,10,27180
2018-12-18 07:12:47,7,16,13561
2016-01-03 20:01:15,7,14,12973
2018-08-11 22:08:47,2,18,16049
2014-10-29 01:10:21,8,1,29710
2016-06-27 11:06:29,3,3,24178
2017-12-20 18:12:45,3,9,24937
2016-09-22 01:09:56,10,8,11075
2017-09-05 20:09:39,5,20,23632
2010-01-20 02:01:17,5,5,25336
2011-12-14 13:12:26,3,14,19505
2010-11-29 14:11:28,3,5,17368
2010-06-15 08:06:00,8,10,25364
2019-07-12 16:07:08,10,16,20049
2010-12-10 17:12:33,10,14,11096
2015-07-05 04:07:45,3,11,15527
2016-05-26 00:05:27,9,18,23713
2013-07-20 18:07:35,4,9,14254
2011-09-10 14:09:05,6,16,15755
2015-10-22 08:10:51,3,13,16836
2018-05-29 16:05:03,4,8,23282
2011-12-12 04:12:50,3,13,17391
2015-10-26 05:10:02,9,2,16537
2015-07-27 08:07:54,7,4,21815
2014-08-06 23:08:59,2,8,16875
2015-06-14 10:06:45,3,15,21472
2012-03-15 16:03:27,6,6,20743
2011-12-05 07:12:08,8,18,27186
2018-05-03 12:05:27,2,20,25680
2012-05-21 01:05:31,2,4,20226
2016-01-10 04:01:07,2,16,24322
2010-08-01 21:08:22,1,17,25948
2012-11-16 10:11:32,9,4,14209
2017-07-14 20:07:40,7,16,16186
2014-08-04 04:08:41,5,19,15548
2017-09-30 19:09:56,9,2,22174
2019-02-05 10:02:44,1,5,11676
2013-12-12 23:12:22,7,18,26349
2015-02-16 12:02:48,3,15,10562
2016-09-29 17:09:21,7,12,24872
2017-07-05 06:07:02,8,11,22590
2017-08-06 04:08:21,4,6,24983
2014-10-10 10:10:14,4,3,29104
2011-03-21 08:03:07,10,7,19850
2017-10-07 00:10:50,10,10,12249
2013-02-05 07:02:55,6,8,12020
2011-05-04 13:05:24,6,12,10376
2011-10-08 08:10:40,4,5,17062
2018-01-06 09:01:08,3,11,17121
2019-10-30 15:10:14,6,16,23065
2019-12-15 18:12:32,9,12,29283
2015-08-19 08:08:27,1,7,15864
2010-10-31 16:10:58,3,15,15789
2016-05-01 13:05:33,8,13,14955
2019-05-14 19:05:55,8,1,17381
2014-01-15 03:01:46,2,9,18386
2013-10-27 11:10:23,8,5,19684
2018-05-17 00:05:03,5,15,10429
2013-06-01 14:06:00,1,4,21750
2018-03-04 06:03:44,7,9,18379
2010-09-06 22:09:06,5,17,17811
2011-06-14 06:06:21,10,2,16521
2010-07-26 19:07:41,10,1,14722
2015-09-16 13:09:08,6,15,13721
2013-10-26 10:10:26,5,11,15518
2015-01-20 19:01:10,2,1,24104
2010-08-22 22:08:58,4,4,14681
2019-08-24 21:08:44,3,15,23508
2019-02-02 12:02:14,3,19,21434
2013-02-01 11:02:54,1,9,29333
2016-02-21 03:02:54,10,16,11076
2016-04-12 08:04:33,5,14,28949
2010-08-13 20:08:00,3,19,17087
2014-01-09 01:01:20,7,11,22559
2010-08-19 22:08:09,3,5,16476
2011-02-04 05:02:08,7,3,22636
2019-10-21 13:10:20,6,15,18820
2017-11-27 06:11:06,5,5,29041
2013-12-23 20:12:52,4,19,15997
2013-03-12 08:03:49,1,15,27114
2019-02-17 04:02:32,4,6,26569
2015-04-19 12:04:32,8,9,19836
2015-05-25 17:05:22,1,6,29895
2017-12-31 04:12:08,10,17,23329
2019-07-10 20:07:30,1,4,16111
2016-10-23 13:10:22,4,14,11486
2017-05-12 14:05:35,8,15,17718
2011-02-14 05:02:44,7,20,26317
2016-01-03 02:01:38,9,11,22521
2013-05-31 16:05:50,8,3,17974
2015-02-10 05:02:16,5,7,27117
2012-01-18 18:01:19,2,9,20475
2011-08-11 06:08:53,1,16,27458
2017-08-29 14:08:40,6,12,10844
2012-01-10 20:01:46,2,7,14396
2012-09-26 19:09:19,6,3,29168
2014-01-12 06:01:04,8,15,25805
2017-01-14 08:01:57,8,10,28694
2017-09-30 16:09:07,4,17,28297
2015-03-17 06:03:14,1,11,25790
2010-06-29 21:06:28,3,8,29002
2012-06-21 22:06:33,3,17,17678
2011-02-24 18:02:06,2,10,24875
2012-03-27 00:03:58,2,4,10427
2015-05-27 21:05:10,9,14,16220
2018-06-06 06:06:37,6,16,24665
2016-07-24 19:07:51,7,8,20116
2016-05-30 17:05:18,6,10,15386
2018-07-26 11:07:12,5,19,11642
2018-07-11 01:07:36,1,9,15167
2019-03-22 03:03:02,9,4,15653
2017-10-20 05:10:28,2,3,24212
2013-12-08 14:12:12,1,9,29100
2010-03-09 05:03:58,1,7,23735
2012-09-04 16:09:21,8,13,21565
2016-07-19 06:07:17,9,5,21307
2013-07-17 22:07:19,9,17,20812
2013-01-04 20:01:29,10,8,28092
2017-10-31 07:10:05,4,3,17265
2011-02-06 21:02:23,1,19,22522
2011-02-18 08:02:20,7,10,24605
2015-08-06 02:08:32,7,20,10660
2015-07-24 13:07:10,9,12,28883
2018-01-28 12:01:36,5,12,14918
2011-03-25 20:03:01,1,19,10149
2018-12-14 15:12:23,6,17,12959
2014-06-20 03:06:35,5,6,17652
2014-11-05 19:11:11,1,12,19577
2015-10-25 16:10:59,6,14,14189
2014-10-22 18:10:08,5,6,12776
2015-12-03 01:12:32,8,3,28802
2011-08-23 18:08:57,1,6,13103
2012-05-25 18:05:16,7,2,13732
2010-04-22 19:04:32,8,14,22368
2019-10-12 16:10:13,10,14,25350
2012-12-13 12:12:33,4,1,16904
2011-05-21 11:05:07,6,10,10518
2012-10-19 04:10:21,9,3,12035
2012-10-10 13:10:39,5,19,22861
2019-05-07 16:05:03,6,16,10229
2011-10-31 05:10:34,2,2,11711
2018-11-18 20:11:07,5,15,27296
2019-12-26 12:12:46,1,4,28026
2017-03-28 19:03:09,4,20,28694
2017-08-11 00:08:10,9,11,21410
2016-05-09 19:05:05,10,2,11061
2015-12-09 21:12:31,5,12,25684
2011-08-22 15:08:21,2,16,19447
2019-03-03 13:03:01,7,15,19061
2015-10-14 20:10:05,8,6,23044
2013-09-04 12:09:28,7,3,14260
2018-02-24 20:02:09,10,11,21122
2011-09-23 00:09:47,3,5,19030
2014-01-12 08:01:30,6,1,11100
2014-02-08 20:02:58,6,2,26892
2016-10-02 10:10:14,6,1,25223
2015-04-20 11:04:05,5,13,11813
2013-06-04 02:06:48,7,9,19770
2011-01-04 03:01:55,8,10,22232
2017-01-20 14:01:00,1,12,26123
2011-09-11 20:09:36,7,16,29226
2019-03-29 08:03:45,8,2,16575
2018-03-28 07:03:41,7,4,19107
2015-11-27 16:11:20,1,2,24921
2017-10-26 04:10:53,5,20,12013
2012-09-03 10:09:57,4,15,24322
2017-08-22 07:08:04,2,8,16000
2015-06-20 10:06:51,2,17,16322
2018-10-30 01:10:58,5,3,26256
2015-05-16 22:05:51,5,1,29530
2010-07-30 15:07:37,5,15,17391
2016-05-12 11:05:33,9,1,20831
2012-01-09 06:01:37,8,10,14463
2016-11-06 17:11:36,3,3,15008
2015-03-03 01:03:23,4,18,15331
2012-02-23 07:02:09,4,15,14223
2019-08-24 12:08:55,9,5,15629
2011-03-16 18:03:49,10,7,28555
2015-04-26 22:04:11,6,4,13011
2013-07-15 17:07:13,7,9,13264
2015-08-29 06:08:41,2,19,27033
2012-02-20 16:02:25,9,20,11885
2017-05-17 11:05:54,8,5,21818
2017-01-31 13:01:55,3,2,27888
2012-08-08 02:08:41,5,3,27765
2017-11-17 14:11:13,3,13,18440
2012-11-05 04:11:18,6,4,10973
2017-07-07 19:07:04,7,18,22316
2011-08-03 00:08:38,1,19,23593
2016-11-22 10:11:47,6,20,21765
2010-01-15 05:01:01,7,4,21153
2010-06-09 04:06:50,6,11,15735