1,AAR,2019-01-20,16:07:22,2019-08-16,01:10:23,activo
2,EA,2019-03-27,23:03:47,2019-11-27,16:08:39,activo
3,JA,2019-07-15,13:05:02,2019-01-21,08:04:17,cancelado
4,AAR,2019-01-08,15:02:22,2019-03-30,00:07:16,cancelado
5,EA,2019-01-08,20:08:58,2019-12-29,13:08:42,pospuesto
6,JA,2019-06-27,15:06:19,2019-08-12,05:10:10,activo
7,EA,2019-12-24,02:11:30,2019-09-27,18:04:08,pospuesto
8,JA,2019-02-10,05:11:24,2019-06-16,07:12:12,activo
9,JA,2019-08-10,11:06:22,2019-09-23,17:01:32,cancelado
10,BA,2019-11-12,17:02:22,2019-12-04,06:02:03,activo
11,AA,2019-06-11,02:12:57,2019-02-27,18:02:31,pospuesto
12,AAR,2019-06-15,11:05:02,2019-08-20,22:01:09,cancelado
13,AA,2019-03-03,11:11:52,2019-02-15,17:01:43,pospuesto
14,AA,2019-10-06,23:03:30,2019-08-10,01:04:46,pospuesto
15,JA,2019-09-24,11:12:03,2019-12-30,18:05:22,activo
16,JA,2019-12-30,14:05:45,2019-09-08,01:06:31,cancelado
17,EA,2019-07-23,17:09:04,2019-05-29,12:04:07,activo
18,EA,2019-12-08,00:02:04,2019-01-15,14:01:38,pospuesto
19,AA,2019-11-09,09:12:09,2019-08-05,01:02:15,pospuesto
20,JA,2019-06-29,09:09:35,2019-01-29,01:03:51,activo
21,EA,2019-11-25,08:09:47,2019-08-13,08:07:58,cancelado
22,AA,2019-09-12,02:04:40,2019-08-28,03:11:17,activo
23,AAR,2019-06-28,10:01:09,2019-04-27,17:12:38,cancelado
24,AAR,2019-12-02,01:02:31,2019-08-28,12:09:28,pospuesto
25,BA,2019-12-01,04:12:59,2019-11-27,03:10:50,activo
26,AAR,2019-06-24,09:06:18,2019-12-01,11:11:56,cancelado
27,BA,2019-04-25,01:10:29,2019-10-22,02:02:41,activo
28,BA,2019-11-12,03:01:15,2019-09-27,08:04:43,pospuesto
29,AA,2019-10-27,02:05:58,2019-11-05,21:03:04,activo
30,AAR,2019-11-12,18:01:08,2019-06-16,12:07:33,cancelado
31,EA,2019-12-29,13:09:55,2019-09-30,17:07:58,activo
32,AA,2019-08-11,18:09:02,2019-09-13,15:08:49,cancelado
33,JA,2019-08-22,21:12:50,2019-11-12,12:06:32,pospuesto
34,JA,2019-03-11,16:07:21,2019-05-20,16:11:40,cancelado
35,JA,2019-03-22,22:11:19,2019-04-23,00:09:24,pospuesto
36,EA,2019-04-11,19:10:59,2019-04-03,20:06:01,pospuesto
37,JA,2019-04-02,15:07:39,2019-09-29,13:09:38,cancelado
38,AA,2019-05-05,16:09:08,2019-11-24,17:03:32,cancelado
39,AAR,2019-06-30,16:08:08,2019-03-25,10:10:02,pospuesto
40,AA,2019-02-11,08:09:12,2019-08-26,21:05:50,pospuesto
41,AA,2019-05-05,11:07:34,2019-06-09,13:01:17,activo
42,AA,2019-03-08,12:09:03,2019-05-05,12:05:45,pospuesto
43,BA,2019-02-08,18:05:25,2019-03-08,22:12:10,pospuesto
44,AA,2019-07-13,22:12:26,2019-07-19,06:10:05,activo
45,AAR,2019-01-31,23:02:46,2019-02-02,21:06:21,cancelado
46,BA,2019-12-30,13:02:57,2019-08-09,23:03:19,activo
47,AAR,2019-08-27,00:01:26,2019-09-24,02:04:22,activo
48,AA,2019-06-28,07:03:26,2019-01-20,02:03:05,cancelado
49,AAR,2019-09-01,23:01:34,2019-12-26,12:04:37,pospuesto
50,BA,2019-01-27,08:04:16,2019-04-08,17:09:29,cancelado
51,AA,2019-11-28,16:10:36,2019-04-25,05:12:44,cancelado
52,EA,2019-02-13,03:03:28,2019-07-14,17:02:52,cancelado
53,AA,2019-03-01,18:01:19,2019-08-26,14:10:55,cancelado
54,AA,2019-01-09,23:12:30,2019-02-15,11:03:53,cancelado
55,BA,2019-08-22,06:12:35,2019-11-06,07:12:36,pospuesto
56,EA,2019-09-22,02:06:37,2019-10-29,08:08:46,pospuesto
57,AAR,2019-09-05,07:03:59,2019-04-26,23:12:01,pospuesto
58,JA,2019-12-30,05:10:38,2019-06-17,20:11:57,pospuesto
59,BA,2019-07-01,20:08:10,2019-03-28,05:12:45,pospuesto
60,AAR,2019-02-16,07:07:49,2019-10-20,00:07:17,cancelado
61,AAR,2019-05-21,14:03:02,2019-09-23,21:03:48,pospuesto
62,AA,2019-08-29,14:08:50,2019-03-25,07:06:11,activo
63,AAR,2019-01-01,09:06:30,2019-07-16,00:05:14,cancelado
64,AA,2019-02-26,11:09:14,2019-06-03,23:10:52,cancelado
65,JA,2019-07-27,04:04:12,2019-03-14,05:01:39,pospuesto
66,EA,2019-02-11,18:11:00,2019-02-22,18:06:26,activo
67,EA,2019-01-03,17:09:06,2019-03-06,11:11:43,pospuesto
68,AA,2019-03-28,01:11:45,2019-08-09,08:05:00,cancelado
69,AA,2019-12-26,03:04:38,2019-08-08,12:08:17,pospuesto
70,EA,2019-04-11,01:11:04,2019-11-22,07:06:49,activo
71,JA,2019-10-04,02:04:20,2019-01-06,08:09:27,cancelado
72,AA,2019-06-11,12:02:33,2019-11-02,20:09:42,cancelado
73,BA,2019-02-21,11:08:45,2019-07-21,04:07:59,activo
74,AA,2019-10-21,19:12:19,2019-12-22,13:10:45,activo
75,AA,2019-08-15,08:01:44,2019-04-26,20:01:02,pospuesto
76,EA,2019-06-14,10:06:48,2019-01-24,13:04:45,pospuesto
77,BA,2019-01-08,15:04:35,2019-12-12,05:09:24,activo
78,EA,2019-05-23,05:11:52,2019-08-19,01:11:39,activo
79,JA,2019-09-21,05:08:10,2019-10-11,17:12:47,pospuesto
80,AA,2019-11-17,00:06:25,2019-11-24,01:04:35,pospuesto
81,EA,2019-11-04,23:03:17,2019-09-24,12:06:12,activo
82,JA,2019-08-20,23:11:28,2019-07-11,05:10:39,pospuesto
83,BA,2019-08-22,08:08:12,2019-11-15,21:09:07,cancelado
84,EA,2019-12-22,11:12:42,2019-01-02,08:04:32,pospuesto
85,AA,2019-03-29,09:06:04,2019-02-26,02:09:19,pospuesto
86,AA,2019-04-17,08:12:47,2019-06-26,14:10:42,activo
87,BA,2019-08-15,09:05:25,2019-07-20,14:06:26,cancelado
88,BA,2019-03-07,07:04:14,2019-02-02,23:01:28,cancelado
89,JA,2019-04-01,15:06:52,2019-06-05,21:03:16,activo
90,JA,2019-01-05,23:11:43,2019-12-23,09:11:23,cancelado
91,EA,2019-05-06,22:01:27,2019-12-28,06:11:08,activo
92,BA,2019-01-25,21:02:46,2019-08-12,11:03:08,cancelado
93,BA,2019-12-06,01:01:02,2019-08-16,21:07:36,cancelado
94,JA,2019-08-28,09:06:08,2019-04-11,05:05:44,cancelado
95,BA,2019-11-30,03:10:22,2019-01-21,04:05:47,activo
96,AAR,2019-09-25,10:02:14,2019-06-20,05:04:19,pospuesto
97,EA,2019-10-29,11:01:33,2019-10-31,17:08:38,cancelado
98,AA,2019-01-21,23:08:16,2019-06-10,12:08:58,activo
99,AA,2019-09-29,20:04:00,2019-07-06,12:03:12,cancelado
100,AA,2019-07-22,12:10:39,2019-07-30,15:02:52,cancelado
101,JA,2019-07-21,08:12:05,2019-03-25,10:11:19,cancelado
102,JA,2019-01-23,16:06:45,2019-07-26,22:07:10,pospuesto
103,EA,2019-02-14,18:07:52,2019-04-16,17:03:20,activo
104,EA,2019-12-08,10:12:14,2019-03-11,18:07:52,cancelado
105,AAR,2019-04-27,15:03:51,2019-04-24,12:11:37,activo
106,EA,2019-10-11,02:01:31,2019-12-16,02:09:42,activo
107,JA,2019-12-11,01:01:21,2019-01-27,14:07:23,activo
108,EA,2019-12-21,07:11:16,2019-12-07,09:10:22,pospuesto
109,JA,2019-06-29,05:09:45,2019-12-12,18:05:23,activo
110,EA,2019-03-12,22:04:04,2019-07-31,20:09:42,cancelado
111,JA,2019-12-02,09:02:11,2019-02-22,21:12:00,activo
112,BA,2019-07-26,06:01:18,2019-11-21,08:08:45,pospuesto
113,AAR,2019-01-21,08:11:29,2019-03-24,23:09:17,cancelado
114,JA,2019-07-05,04:07:03,2019-12-29,10:11:41,pospuesto
115,BA,2019-04-03,16:01:20,2019-09-28,20:10:03,cancelado
116,BA,2019-01-21,10:11:58,2019-07-22,02:09:28,cancelado
117,JA,2019-04-30,10:11:19,2019-04-27,16:04:51,activo
118,BA,2019-02-12,11:03:39,2019-09-26,00:03:52,pospuesto
119,BA,2019-05-01,07:08:53,2019-11-28,23:02:37,cancelado
120,JA,2019-01-01,05:08:50,2019-07-01,19:07:38,activo
121,JA,2019-03-30,04:10:43,2019-02-26,14:07:24,cancelado
122,AA,2019-10-08,18:03:12,2019-11-27,14:08:26,activo
123,BA,2019-05-15,08:01:23,2019-09-25,18:10:26,activo
124,EA,2019-01-16,22:09:47,2019-10-31,09:02:33,cancelado
125,EA,2019-03-11,11:05:04,2019-12-06,04:05:29,activo
126,AAR,2019-01-22,02:02:01,2019-07-05,22:12:02,cancelado
127,AAR,2019-01-19,14:09:16,2019-05-18,04:06:58,activo
128,EA,2019-08-13,01:03:52,2019-06-28,21:08:20,activo
129,EA,2019-11-16,03:09:20,2019-12-10,19:11:16,cancelado
130,AAR,2019-09-22,08:02:42,2019-07-17,14:06:58,pospuesto
131,JA,2019-06-11,14:05:00,2019-04-14,01:03:34,activo
132,AAR,2019-03-25,07:05:32,2019-01-29,05:03:24,activo
133,EA,2019-11-29,06:11:21,2019-09-04,00:09:55,cancelado
134,EA,2019-09-09,04:09:03,2019-12-29,14:07:16,activo
135,EA,2019-04-01,08:12:09,2019-02-23,00:10:21,activo
136,AAR,2019-04-18,00:09:13,2019-02-27,03:10:08,activo
137,JA,2019-04-23,11:05:04,2019-07-26,11:05:36,activo
138,AA,2019-05-21,04:02:39,2019-07-24,19:05:23,pospuesto
139,AAR,2019-09-14,18:04:49,2019-05-03,19:03:33,pospuesto
140,AA,2019-07-03,05:06:11,2019-11-02,05:08:40,pospuesto
141,AAR,2019-01-11,22:09:02,2019-12-05,04:01:49,activo
142,JA,2019-06-06,14:11:42,2019-01-09,16:02:31,cancelado
143,AAR,2019-02-11,08:06:41,2019-01-11,22:04:22,cancelado
144,EA,2019-04-22,14:10:31,2019-03-22,20:10:39,pospuesto
145,BA,2019-01-15,01:04:20,2019-06-16,12:11:53,activo
146,EA,2019-02-20,20:02:58,2019-03-27,12:06:35,activo
147,AA,2019-03-11,19:04:49,2019-03-10,08:03:03,cancelado
148,BA,2019-12-28,09:12:42,2019-09-16,00:10:15,pospuesto
149,AA,2019-05-20,06:04:33,2019-03-13,01:11:01,cancelado
150,AAR,2019-03-09,16:02:48,2019-11-10,09:11:45,cancelado
151,EA,2019-07-09,21:06:28,2019-06-03,04:08:09,activo
152,AA,2019-08-28,20:04:58,2019-02-08,07:04:09,cancelado
153,AA,2019-02-13,06:11:22,2019-11-29,15:10:09,pospuesto
154,EA,2019-02-08,00:09:29,2019-07-09,18:03:13,cancelado
155,JA,2019-09-22,11:07:41,2019-10-08,23:06:15,activo
156,BA,2019-07-16,01:11:47,2019-04-25,20:10:58,activo
157,EA,2019-06-03,01:11:21,2019-06-24,09:11:35,pospuesto
158,AA,2019-02-25,02:01:46,2019-12-09,10:09:47,activo
159,JA,2019-08-28,17:11:40,2019-03-23,00:02:35,pospuesto
160,BA,2019-06-30,11:08:18,2019-08-23,09:03:56,activo
161,JA,2019-07-04,11:07:29,2019-07-17,00:03:55,cancelado
162,AA,2019-07-29,13:09:21,2019-10-12,16:04:19,pospuesto
163,BA,2019-07-20,08:04:05,2019-11-05,17:11:34,cancelado
164,AAR,2019-04-28,00:03:13,2019-04-18,10:03:01,pospuesto
165,JA,2019-08-24,12:08:03,2019-05-20,09:02:13,cancelado
166,AA,2019-07-29,20:02:41,2019-08-10,17:03:04,pospuesto
167,EA,2019-07-26,02:06:48,2019-11-16,01:07:30,pospuesto
168,BA,2019-06-28,02:12:02,2019-11-24,04:03:05,cancelado
169,EA,2019-04-18,23:02:01,2019-05-09,22:02:16,activo
170,BA,2019-09-09,03:12:31,2019-12-16,09:04:39,activo
171,AA,2019-07-19,00:09:53,2019-11-10,00:08:29,activo
172,EA,2019-10-06,05:07:51,2019-08-28,13:06:06,activo
173,AA,2019-05-14,14:08:09,2019-01-05,02:10:17,cancelado
174,BA,2019-05-20,06:06:20,2019-04-21,00:08:15,pospuesto
175,BA,2019-09-22,15:06:32,2019-11-19,03:03:40,pospuesto
176,EA,2019-06-22,11:08:21,2019-08-23,01:07:47,cancelado
177,EA,2019-06-29,16:01:40,2019-10-09,06:04:42,activo
178,EA,2019-07-10,03:06:44,2019-01-13,21:04:25,activo
179,AA,2019-09-18,21:10:52,2019-11-07,13:01:17,activo
180,AA,2019-08-21,21:04:09,2019-10-25,06:12:13,pospuesto
181,AAR,2019-09-21,18:04:36,2019-12-29,13:06:36,pospuesto
182,BA,2019-09-27,09:06:45,2019-08-21,21:03:29,cancelado
183,JA,2019-12-13,07:11:18,2019-08-09,16:01:02,activo
184,BA,2019-07-09,10:12:29,2019-07-07,06:07:38,cancelado
185,AA,2019-08-04,13:11:13,2019-06-05,16:10:25,pospuesto
186,AAR,2019-06-28,17:06:28,2019-01-20,16:10:53,activo
187,AA,2019-08-14,20:01:58,2019-01-30,19:04:12,activo
188,AA,2019-09-21,08:01:49,2019-12-20,07:11:49,activo
189,JA,2019-05-30,11:02:43,2019-04-21,15:04:26,cancelado
190,AA,2019-10-12,13:01:00,2019-07-24,20:03:21,activo
191,EA,2019-09-10,02:11:39,2019-08-18,14:02:11,pospuesto
192,JA,2019-05-25,09:11:43,2019-07-31,22:02:54,activo
193,JA,2019-09-10,18:12:17,2019-10-15,04:09:04,activo
194,AA,2019-04-18,10:04:40,2019-10-19,18:06:06,pospuesto
195,AAR,2019-10-29,18:08:10,2019-03-25,09:04:37,pospuesto
196,AAR,2019-01-27,16:03:41,2019-11-17,03:04:53,cancelado
197,BA,2019-10-06,07:11:43,2019-01-23,12:05:07,cancelado
198,AAR,2019-05-04,04:07:27,2019-08-31,18:02:15,cancelado
199,EA,2019-12-24,10:04:15,2019-06-28,23:04:58,cancelado
200,JA,2019-10-30,22:04:49,2019-11-21,05:10:48,cancelado
201,AAR,2019-02-13,19:01:16,2019-10-02,03:10:40,cancelado
202,AAR,2019-03-18,10:02:57,2019-03-10,03:09:48,pospuesto
203,AAR,2019-07-25,18:03:13,2019-05-15,02:05:42,activo
204,AAR,2019-06-23,07:10:34,2019-09-11,06:07:40,cancelado
205,BA,2019-11-03,01:09:45,2019-01-27,17:11:55,pospuesto
206,AAR,2019-08-20,21:09:11,2019-08-22,21:05:30,activo
207,AA,2019-04-30,20:06:25,2019-06-22,15:12:51,cancelado
208,AA,2019-08-18,15:02:25,2019-08-17,23:03:31,activo
209,AA,2019-12-15,18:05:28,2019-04-02,15:07:35,pospuesto
210,AA,2019-04-28,12:11:41,2019-06-21,04:12:50,activo
211,BA,2019-12-07,16:06:38,2019-10-29,06:04:31,activo
212,BA,2019-11-04,13:06:07,2019-07-29,02:03:21,cancelado
213,AAR,2019-09-24,06:10:59,2019-06-01,13:11:18,activo
214,AA,2019-04-18,18:06:17,2019-11-25,04:02:34,pospuesto
215,EA,2019-01-21,03:10:30,2019-08-08,04:04:34,activo
216,JA,2019-09-10,01:06:38,2019-11-17,23:11:45,cancelado
217,AA,2019-01-06,13:09:33,2019-01-03,16:08:58,pospuesto
218,AA,2019-09-12,20:11:00,2019-04-04,23:08:10,pospuesto
219,AAR,2019-05-16,05:08:13,2019-05-06,12:02:41,pospuesto
220,AA,2019-01-09,22:10:42,2019-03-28,12:07:39,cancelado
221,JA,2019-01-04,00:04:28,2019-11-03,17:03:30,activo
222,AAR,2019-07-06,21:04:49,2019-09-14,11:11:15,activo
223,AA,2019-10-11,23:07:10,2019-08-19,15:12:29,pospuesto
224,JA,2019-08-03,18:04:46,2019-09-17,06:07:03,cancelado
225,JA,2019-09-22,07:11:40,2019-04-27,08:08:47,cancelado
226,JA,2019-08-16,07:11:07,2019-06-08,11:09:32,pospuesto
227,JA,2019-01-19,20:10:20,2019-08-01,12:07:55,activo
228,EA,2019-12-12,07:07:43,2019-11-09,18:07:22,activo
229,BA,2019-06-02,07:05:16,2019-10-26,03:02:20,pospuesto
230,AA,2019-09-19,05:11:49,2019-10-22,07:05:44,cancelado
231,AA,2019-12-27,14:06:31,2019-05-14,16:11:55,pospuesto
232,EA,2019-05-07,20:11:56,2019-05-09,02:12:53,pospuesto
233,AA,2019-01-29,01:10:44,2019-07-07,16:11:47,activo
234,EA,2019-02-24,14:10:03,2019-06-03,06:07:39,activo
235,AA,2019-10-25,01:04:13,2019-11-13,23:05:56,cancelado
236,EA,2019-05-22,19:08:50,2019-09-21,19:05:55,activo
237,BA,2019-02-20,02:12:48,2019-05-08,01:10:14,pospuesto
238,JA,2019-04-04,12:01:09,2019-12-12,19:03:57,activo
239,EA,2019-11-27,06:03:08,2019-04-13,10:08:56,pospuesto
240,AA,2019-06-27,05:11:01,2019-07-09,08:10:10,activo
241,AAR,2019-12-03,22:05:32,2019-07-29,09:07:03,activo
242,AAR,2019-06-06,06:06:11,2019-05-14,15:08:41,activo
243,EA,2019-11-08,16:12:53,2019-08-03,14:07:06,activo
244,AAR,2019-01-03,18:05:29,2019-09-04,13:07:54,cancelado
245,BA,2019-02-08,22:06:59,2019-12-15,18:04:22,pospuesto
246,BA,2019-05-17,14:06:30,2019-09-10,15:02:32,activo
247,JA,2019-11-20,07:08:54,2019-09-23,14:08:00,pospuesto
248,JA,2019-10-15,01:01:19,2019-09-16,17:09:24,activo
249,AA,2019-12-28,07:11:20,2019-10-06,08:08:42,pospuesto
250,EA,2019-11-10,07:03:45,2019-07-13,02:07:36,activo
251,BA,2019-12-23,07:09:45,2019-06-22,19:05:57,activo
252,AAR,2019-05-12,16:06:14,2019-02-18,16:06:55,pospuesto
253,AA,2019-12-28,12:12:28,2019-04-27,08:05:40,pospuesto
254,AA,2019-08-06,19:10:18,2019-11-16,12:12:19,cancelado
255,BA,2019-08-29,19:06:28,2019-06-13,09:03:42,activo
256,JA,2019-02-08,19:10:22,2019-05-08,02:01:51,cancelado
257,BA,2019-02-10,08:04:12,2019-02-26,00:10:52,pospuesto
258,EA,2019-07-11,05:05:09,2019-12-10,08:06:16,activo
259,BA,2019-11-22,01:05:16,2019-02-01,09:10:12,cancelado
260,AAR,2019-09-01,06:07:36,2019-01-06,21:12:17,activo
261,JA,2019-11-06,08:03:11,2019-01-06,04:11:06,cancelado
262,BA,2019-08-10,20:12:59,2019-12-29,17:07:46,activo
263,EA,2019-12-02,15:02:49,2019-08-18,07:04:59,activo
264,AA,2019-08-27,07:06:51,2019-09-07,20:04:17,pospuesto
265,EA,2019-02-05,11:12:22,2019-10-31,01:11:43,activo
266,EA,2019-04-25,19:03:07,2019-10-21,10:04:01,pospuesto
267,EA,2019-02-18,14:10:49,2019-11-14,04:01:02,pospuesto
268,JA,2019-01-05,16:02:29,2019-01-19,20:07:24,pospuesto
269,EA,2019-04-28,03:08:28,2019-06-21,14:03:12,cancelado
270,AAR,2019-11-27,06:03:12,2019-12-11,07:05:47,activo
271,AA,2019-03-13,17:11:58,2019-01-03,22:01:33,pospuesto
272,EA,2019-07-26,05:04:01,2019-09-14,05:06:39,cancelado
273,BA,2019-06-09,21:09:11,2019-11-28,01:07:23,cancelado
274,BA,2019-03-01,11:03:53,2019-03-15,15:12:08,cancelado
275,BA,2019-03-24,01:01:09,2019-04-13,06:11:07,activo
276,JA,2019-05-05,03:03:10,2019-07-07,23:12:39,activo
277,AAR,2019-07-28,16:09:56,2019-12-20,05:10:45,cancelado
278,AAR,2019-09-03,00:01:18,2019-05-01,11:05:51,cancelado
279,EA,2019-04-06,05:02:28,2019-07-20,07:12:23,pospuesto
280,BA,2019-10-29,15:06:54,2019-04-10,22:11:03,cancelado
281,AAR,2019-07-05,05:10:38,2019-12-10,06:01:53,pospuesto
282,BA,2019-05-30,01:10:19,2019-08-24,13:10:25,activo
283,AA,2019-12-20,03:06:52,2019-05-31,19:11:57,cancelado
284,AAR,2019-07-02,23:02:16,2019-01-16,15:11:25,activo
285,AA,2019-07-06,21:12:55,2019-07-06,05:11:59,activo
286,AAR,2019-02-21,20:01:08,2019-07-08,12:12:29,cancelado
287,BA,2019-05-30,21:02:03,2019-01-29,02:03:01,pospuesto
288,JA,2019-02-27,07:06:02,2019-10-11,01:04:55,cancelado
289,AAR,2019-07-18,10:02:01,2019-07-17,12:09:07,cancelado
290,AA,2019-01-25,01:05:41,2019-07-28,16:07:11,activo
291,AAR,2019-02-20,08:02:31,2019-07-06,19:10:35,pospuesto
292,JA,2019-04-14,23:06:34,2019-01-17,04:12:36,activo
293,AA,2019-08-25,09:11:16,2019-02-02,18:12:23,activo
294,JA,2019-02-23,15:06:42,2019-07-06,11:09:05,cancelado
295,EA,2019-02-19,23:03:35,2019-03-05,05:01:22,activo
296,BA,2019-08-09,01:06:08,2019-06-03,21:04:07,cancelado
297,BA,2019-09-05,03:08:28,2019-01-09,15:03:44,cancelado
298,JA,2019-03-21,01:03:09,2019-01-22,03:11:51,pospuesto
299,JA,2019-02-26,07:10:57,2019-01-22,08:01:34,activo
300,JA,2019-07-08,17:10:12,2019-10-08,20:10:55,activo
301,JA,2019-11-24,12:04:57,2019-02-13,17:01:50,pospuesto
302,AAR,2019-09-14,12:09:50,2019-11-03,17:05:03,cancelado
303,JA,2019-04-23,01:01:35,2019-09-18,17:12:57,cancelado
304,AAR,2019-09-25,03:06:20,2019-05-28,18:08:18,activo
305,EA,2019-04-22,09:02:48,2019-06-27,15:11:39,activo
306,JA,2019-09-22,13:08:49,2019-10-10,06:04:53,activo
307,AAR,2019-07-14,03:11:28,2019-08-22,04:05:01,activo
308,AAR,2019-05-15,11:11:01,2019-03-14,11:03:29,pospuesto
309,EA,2019-05-03,10:05:52,2019-04-01,18:05:42,activo
310,AAR,2019-08-09,09:05:07,2019-10-26,08:02:29,pospuesto
311,AAR,2019-09-13,12:02:20,2019-06-21,20:07:51,activo
312,AA,2019-09-23,07:01:15,2019-12-14,09:12:39,activo
313,AAR,2019-09-19,13:05:52,2019-04-02,11:03:07,cancelado
314,EA,2019-03-23,17:03:27,2019-02-28,08:08:08,cancelado
315,BA,2019-11-18,16:10:56,2019-07-27,23:07:20,cancelado
316,JA,2018-12-31,04:01:29,2019-08-09,23:08:31,activo
317,AAR,2019-10-03,01:12:28,2019-06-28,10:03:01,pospuesto
318,AAR,2019-12-18,23:01:36,2019-03-07,21:09:23,activo
319,AA,2019-04-26,23:04:22,2019-09-30,06:11:25,cancelado
320,BA,2019-01-15,00:08:22,2019-11-08,13:08:58,cancelado
321,BA,2019-09-16,03:02:44,2019-08-12,01:07:44,pospuesto
322,EA,2019-07-21,20:09:45,2019-03-31,23:11:35,pospuesto
323,EA,2019-08-10,02:12:32,2019-12-11,23:11:57,activo
324,JA,2019-06-22,05:02:27,2019-02-28,15:08:25,activo
325,AAR,2019-12-30,01:04:31,2019-04-06,16:03:47,pospuesto
326,BA,2019-06-25,05:01:56,2019-08-09,13:11:12,pospuesto
327,JA,2019-08-10,23:10:41,2019-12-28,08:11:59,pospuesto
328,EA,2019-03-22,15:06:06,2019-06-16,19:10:27,cancelado
329,BA,2019-12-13,11:10:49,2019-11-19,03:04:58,cancelado
330,AA,2019-09-12,07:04:14,2019-05-07,10:07:36,pospuesto
331,AAR,2019-08-19,20:12:22,2019-02-20,09:11:35,cancelado
332,BA,2019-08-09,18:11:42,2019-12-21,07:12:10,pospuesto
333,AA,2019-03-13,11:05:52,2019-07-26,01:04:56,cancelado
334,JA,2019-11-02,12:08:43,2019-10-14,03:11:17,pospuesto
335,AA,2019-08-26,07:03:19,2019-07-20,14:08:12,pospuesto
336,BA,2019-12-23,16:09:43,2019-04-10,20:05:05,cancelado
337,BA,2019-12-28,10:01:42,2019-02-01,17:02:29,activo
338,AA,2019-07-15,18:04:11,2019-06-10,00:12:59,pospuesto
339,AAR,2019-12-25,12:10:54,2019-04-06,21:01:32,pospuesto
340,EA,2019-05-20,09:04:22,2019-09-01,18:03:42,activo
341,AA,2019-12-23,14:08:30,2019-10-28,17:05:58,pospuesto
342,EA,2019-09-15,01:10:48,2019-04-05,02:06:31,pospuesto
343,EA,2019-03-09,05:02:23,2019-09-02,07:05:50,activo
344,AAR,2019-07-27,06:01:24,2019-09-29,03:05:38,activo
345,JA,2019-06-26,02:02:19,2019-05-22,10:06:29,pospuesto
346,AA,2019-08-31,03:10:45,2019-06-14,02:02:19,pospuesto
347,EA,2019-08-16,11:12:41,2019-11-21,22:11:33,pospuesto
348,AAR,2019-07-08,07:05:38,2019-05-16,23:03:25,activo
349,AA,2019-10-01,08:09:51,2019-03-25,21:06:08,activo
350,EA,2019-05-05,20:08:51,2019-07-12,08:05:55,activo
351,BA,2019-10-18,21:03:03,2019-04-15,18:03:49,pospuesto
352,AAR,2019-07-26,13:11:46,2019-06-19,19:12:17,cancelado
353,BA,2019-07-01,11:03:51,2019-09-20,06:09:03,pospuesto
354,BA,2019-12-03,10:04:11,2019-05-03,21:06:47,cancelado
355,EA,2019-01-12,05:01:25,2019-02-23,02:07:35,cancelado
356,AA,2019-05-30,21:04:13,2019-09-03,12:12:37,cancelado
357,AA,2019-02-24,17:05:40,2019-01-01,01:05:08,activo
358,AA,2019-08-09,03:03:36,2019-11-26,19:01:25,cancelado
359,EA,2019-05-16,12:10:13,2019-01-18,07:10:21,pospuesto
360,BA,2019-12-02,08:12:54,2019-08-31,06:06:43,cancelado
361,EA,2019-11-08,21:02:00,2019-05-12,23:07:45,activo
362,BA,2019-08-02,02:10:38,2019-11-19,04:10:23,cancelado
363,AA,2019-05-28,19:08:59,2019-11-27,05:02:46,cancelado
364,BA,2019-06-25,23:02:35,2019-06-21,01:12:25,activo
365,AAR,2019-01-22,12:08:29,2019-08-08,03:10:28,cancelado
366,AA,2019-01-24,00:02:14,2019-12-15,06:03:32,pospuesto
367,JA,2019-08-30,00:10:23,2019-05-07,16:01:20,cancelado
368,JA,2019-03-05,17:07:20,2019-04-16,09:08:37,cancelado
369,AA,2019-06-29,16:03:50,2019-09-22,02:02:26,cancelado
370,JA,2019-03-13,02:08:05,2019-08-04,14:08:45,cancelado
371,AAR,2019-04-02,16:06:38,2019-03-30,09:12:06,cancelado
372,AAR,2019-10-22,05:09:30,2019-02-25,01:02:35,activo
373,AA,2019-05-06,21:12:18,2019-06-28,00:08:18,cancelado
374,JA,2019-01-23,21:12:11,2019-07-30,11:04:43,pospuesto
375,BA,2019-09-09,23:04:12,2019-04-12,05:09:40,activo
376,AAR,2019-11-28,03:09:56,2019-12-27,13:02:44,pospuesto
377,BA,2019-02-08,04:03:32,2019-02-09,12:06:33,cancelado
378,AA,2019-06-17,13:11:18,2019-08-01,09:12:11,pospuesto
379,EA,2019-03-07,08:12:44,2019-12-13,20:05:14,pospuesto
380,JA,2019-07-23,00:06:50,2019-02-09,07:02:02,activo
381,EA,2019-02-17,16:07:54,2019-10-12,22:07:53,activo
382,BA,2019-07-13,10:01:33,2019-05-01,15:10:11,activo
383,BA,2019-05-01,19:10:03,2019-12-13,17:02:59,activo
384,AAR,2019-08-11,19:06:33,2019-08-04,20:03:13,activo
385,AAR,2019-06-02,02:09:22,2019-10-17,02:01:08,activo
386,AA,2019-04-02,11:06:20,2019-11-02,04:05:28,cancelado
387,EA,2019-06-02,21:01:12,2019-01-30,04:01:36,activo
388,BA,2019-05-15,21:07:04,2019-02-09,08:02:27,activo
389,BA,2019-05-28,11:06:29,2019-03-06,14:02:17,pospuesto
390,BA,2019-03-14,16:04:15,2019-04-16,03:03:53,activo
391,EA,2019-10-11,14:11:06,2019-10-04,08:12:00,activo
392,JA,2019-05-18,15:10:33,2019-10-08,08:01:18,pospuesto
393,EA,2019-05-26,19:04:55,2019-01-19,09:03:32,cancelado
394,AAR,2019-06-21,09:03:27,2019-07-06,04:10:00,cancelado
395,JA,2019-04-10,01:11:59,2019-04-28,09:03:27,pospuesto
396,JA,2019-04-15,05:12:16,2019-12-19,15:03:47,pospuesto
397,AAR,2019-08-19,03:10:07,2019-03-14,04:03:49,cancelado
398,AA,2019-05-23,15:12:00,2019-11-21,02:10:18,pospuesto
399,EA,2019-03-01,07:03:21,2019-07-29,12:04:47,cancelado
400,AA,2019-05-30,01:05:05,2019-02-07,09:08:26,activo
401,BA,2019-09-05,05:11:51,2019-11-13,23:08:36,activo
402,JA,2019-05-11,08:07:48,2019-06-05,08:06:56,activo
403,JA,2019-03-07,02:09:18,2019-05-20,19:01:39,pospuesto
404,AA,2019-06-19,10:05:13,2019-07-13,07:05:11,pospuesto
405,JA,2019-05-18,12:02:20,2019-02-03,02:04:08,cancelado
406,EA,2019-10-29,16:08:09,2019-10-29,09:10:55,cancelado
407,BA,2019-06-27,13:05:25,2019-06-14,04:02:33,activo
408,AA,2019-08-01,09:10:56,2019-09-21,14:10:37,activo
409,BA,2019-09-18,02:09:53,2019-11-23,05:08:00,cancelado
410,JA,2019-10-24,09:03:05,2019-08-17,11:06:15,pospuesto
411,BA,2019-01-19,11:01:17,2019-08-30,08:09:20,activo
412,EA,2019-01-02,19:09:53,2019-10-23,03:11:48,pospuesto
413,JA,2019-05-01,04:08:20,2019-05-30,16:09:31,activo
414,JA,2019-12-31,04:08:32,2019-07-19,22:02:21,activo
415,AA,2019-01-24,00:11:18,2019-07-21,16:01:59,cancelado
416,AAR,2019-04-04,07:09:38,2019-08-16,06:03:28,pospuesto
417,JA,2019-08-02,16:09:42,2019-07-03,10:06:34,cancelado
418,BA,2019-01-11,06:02:18,2019-10-07,17:06:28,cancelado
419,AAR,2019-02-14,22:04:12,2019-04-14,06:06:34,cancelado
420,BA,2019-04-04,07:09:46,2019-05-30,11:06:03,activo
421,EA,2019-12-10,15:03:03,2019-10-11,22:09:28,activo
422,BA,2019-12-17,12:02:05,2019-08-17,05:01:43,pospuesto
423,EA,2019-04-27,06:12:26,2019-09-16,11:07:12,pospuesto
424,EA,2019-03-25,17:07:56,2019-06-26,13:02:01,pospuesto
425,AA,2019-07-23,07:10:26,2019-01-08,04:05:22,pospuesto
426,AAR,2019-09-10,21:09:09,2019-12-27,06:04:37,pospuesto
427,BA,2019-04-16,06:08:11,2019-09-29,10:06:03,activo
428,EA,2019-01-18,21:09:57,2019-02-19,12:12:59,activo
429,AA,2019-01-04,20:01:10,2019-03-17,14:06:41,activo
430,AA,2019-03-27,10:01:03,2019-01-29,18:12:35,activo
431,JA,2019-04-30,20:12:37,2019-03-07,23:12:27,pospuesto
432,JA,2019-03-13,12:12:09,2019-03-16,18:06:42,cancelado
433,AA,2019-11-17,11:12:50,2019-12-16,17:02:53,cancelado
434,AA,2019-12-01,23:11:43,2019-10-22,15:12:25,cancelado
435,EA,2019-09-28,12:03:11,2019-03-15,01:06:48,cancelado
436,BA,2019-01-20,18:10:31,2019-03-28,08:03:34,activo
437,JA,2019-03-18,09:04:02,2019-08-16,18:10:29,activo
438,BA,2019-12-03,16:03:00,2019-11-25,10:04:03,cancelado
439,JA,2019-10-30,07:09:23,2019-03-18,15:06:26,activo
440,AAR,2019-12-13,00:05:12,2019-07-07,15:08:20,cancelado
441,JA,2019-11-13,16:07:39,2019-10-30,14:10:51,cancelado
442,EA,2019-05-03,15:09:35,2019-11-29,00:05:37,cancelado
443,AAR,2019-05-26,17:03:37,2019-01-06,07:11:31,cancelado
444,AA,2019-01-31,08:03:53,2019-01-25,14:04:41,pospuesto
445,AAR,2019-05-19,08:03:15,2019-05-18,03:06:11,cancelado
446,JA,2019-02-27,07:04:55,2019-10-02,11:05:31,cancelado
447,AAR,2019-04-14,14:09:59,2019-04-01,23:11:43,activo
448,AA,2019-10-21,20:04:00,2019-01-09,09:01:08,cancelado
449,JA,2019-06-05,00:08:48,2019-09-21,03:01:25,activo
450,JA,2019-03-19,10:04:24,2019-04-20,09:05:23,activo
451,BA,2019-08-06,19:01:35,2019-01-27,02:03:43,cancelado
452,AAR,2019-08-07,09:10:59,2019-08-10,06:12:46,cancelado
453,EA,2019-05-13,12:01:36,2019-09-21,04:03:38,cancelado
454,JA,2019-07-22,01:01:48,2019-01-06,02:04:47,cancelado
455,AA,2019-04-25,22:02:15,2019-10-04,14:06:34,activo
456,JA,2019-01-15,07:06:19,2019-04-26,08:06:10,cancelado
457,AA,2019-12-23,22:01:23,2019-05-19,01:10:06,pospuesto
458,BA,2019-04-12,10:09:26,2019-09-16,12:09:26,activo
459,AA,2019-06-23,22:09:18,2019-06-06,01:12:40,pospuesto
460,JA,2019-07-28,01:11:28,2019-03-08,07:05:04,activo
461,JA,2019-08-25,16:08:07,2019-04-25,08:06:49,cancelado
462,JA,2019-12-06,10:09:48,2019-09-22,07:01:10,cancelado
463,AAR,2019-09-11,16:05:26,2019-10-28,05:08:47,activo
464,EA,2019-05-09,09:07:04,2019-04-27,02:12:28,pospuesto
465,AA,2019-11-23,21:12:15,2019-02-15,23:06:54,cancelado
466,EA,2019-04-05,19:02:39,2019-04-24,21:04:47,cancelado
467,JA,2019-05-05,08:08:49,2019-10-07,04:06:25,activo
468,AAR,2019-08-30,12:12:39,2019-01-17,05:03:35,cancelado
469,EA,2019-06-14,23:03:49,2019-09-07,16:09:33,cancelado
470,AAR,2019-01-18,12:05:51,2019-03-27,07:07:27,cancelado
471,BA,2019-12-26,01:12:00,2019-01-19,11:03:06,cancelado
472,AAR,2019-10-09,16:05:44,2019-08-04,05:01:30,pospuesto
473,EA,2019-08-17,16:05:12,2019-03-10,01:01:09,pospuesto
474,AAR,2019-06-10,02:08:30,2019-08-07,17:07:56,cancelado
475,JA,2019-07-04,16:06:34,2019-08-12,23:07:21,cancelado
476,JA,2019-07-20,15:01:15,2019-08-10,08:11:03,pospuesto
477,JA,2019-07-02,10:08:40,2019-04-18,08:05:17,activo
478,AA,2019-09-29,02:08:39,2019-06-24,02:08:37,cancelado
479,BA,2019-01-01,11:10:14,2019-05-10,03:04:30,pospuesto
480,JA,2019-08-07,10:06:09,2019-02-08,12:10:02,activo
481,AA,2019-09-29,10:02:29,2019-07-04,03:11:58,cancelado
482,AAR,2019-12-19,13:10:11,2019-05-16,02:03:51,activo
483,AAR,2019-04-15,17:02:46,2019-03-08,19:09:55,cancelado
484,AAR,2019-08-16,07:10:52,2019-02-18,00:03:52,pospuesto
485,JA,2019-12-23,15:02:31,2019-09-15,12:11:16,activo
486,BA,2019-04-02,12:08:50,2019-10-24,04:05:42,cancelado
487,BA,2019-12-07,00:10:40,2019-10-06,03:06:52,activo
488,BA,2019-04-05,05:07:34,2019-11-07,23:03:58,activo
489,BA,2019-10-23,13:08:40,2019-02-22,19:02:49,cancelado
490,JA,2019-07-08,10:03:03,2019-08-01,11:07:03,activo
491,AAR,2019-12-26,04:10:37,2019-12-18,05:09:37,cancelado
492,JA,2019-09-05,21:12:59,2019-05-19,19:01:28,pospuesto
493,JA,2019-07-12,13:03:26,2019-04-24,17:11:30,pospuesto
494,AAR,2019-04-09,23:11:02,2019-07-16,08:03:28,pospuesto
495,EA,2019-05-01,23:07:41,2019-02-21,05:08:14,pospuesto
496,EA,2019-05-22,02:09:16,2019-12-14,13:07:25,cancelado
497,BA,2019-11-25,07:09:47,2019-08-07,19:03:47,activo
498,EA,2019-12-23,15:09:02,2019-04-01,17:06:31,pospuesto
499,EA,2019-06-09,08:10:21,2019-10-15,19:10:01,pospuesto
500,JA,2019-07-29,07:03:25,2019-09-21,00:08:44,pospuesto
501,JA,2019-04-20,00:10:14,2019-02-04,18:09:45,cancelado
502,AAR,2019-08-18,12:01:41,2019-10-08,21:11:48,pospuesto
503,AAR,2019-08-30,07:07:42,2019-11-27,00:12:34,cancelado
504,AA,2019-12-07,01:12:50,2019-06-30,03:01:44,activo
505,AAR,2019-11-05,09:04:57,2019-06-11,05:05:42,activo
506,BA,2019-02-12,23:08:37,2019-02-02,02:10:02,pospuesto
507,BA,2019-03-20,03:09:41,2019-07-30,09:11:39,activo
508,JA,2019-07-27,05:01:34,2019-08-10,17:04:19,pospuesto
509,AAR,2019-06-24,08:06:55,2019-05-26,11:02:23,cancelado
510,AAR,2019-01-16,20:11:13,2019-12-23,01:04:05,cancelado
511,AA,2019-03-10,05:03:18,2019-11-21,22:08:20,cancelado
512,AA,2019-04-29,17:03:35,2019-07-03,21:01:04,pospuesto
513,EA,2019-12-20,12:01:11,2019-08-17,22:04:56,activo
514,AA,2019-07-07,11:07:18,2019-08-11,01:09:32,activo
515,BA,2019-09-02,18:01:02,2019-12-12,22:02:49,cancelado
516,JA,2019-09-14,21:06:06,2019-04-09,20:04:25,cancelado
517,AAR,2019-02-12,22:09:08,2019-01-13,02:03:22,activo
518,AA,2019-05-19,11:04:04,2019-04-15,00:03:03,cancelado
519,JA,2019-07-21,01:01:50,2019-09-07,08:08:46,cancelado
520,AAR,2019-03-21,17:02:44,2019-04-06,22:01:15,cancelado
521,AAR,2019-12-24,07:01:00,2019-03-31,12:04:36,activo
522,BA,2019-12-29,09:10:09,2019-09-05,08:06:15,cancelado
523,EA,2019-11-28,19:03:58,2019-04-19,09:03:27,pospuesto
524,JA,2019-11-29,17:07:46,2019-11-23,10:06:17,pospuesto
525,EA,2019-11-24,08:05:24,2019-01-17,14:12:35,cancelado
526,JA,2019-11-13,18:01:22,2019-10-17,22:06:47,activo
527,AAR,2019-01-27,11:02:54,2019-12-03,09:10:05,pospuesto
528,JA,2019-07-12,17:09:02,2019-10-28,21:04:35,pospuesto
529,AA,2019-11-05,15:11:48,2019-02-04,17:04:05,cancelado
530,AAR,2019-02-24,15:01:09,2019-01-26,05:04:32,pospuesto
531,EA,2019-08-18,09:11:04,2019-02-28,12:09:36,cancelado
532,AA,2019-01-03,17:05:42,2019-10-22,14:08:17,activo
533,EA,2019-07-30,12:03:10,2019-05-13,18:08:54,cancelado
534,EA,2019-11-04,09:10:12,2019-05-10,00:01:11,activo
535,JA,2019-11-25,22:08:25,2019-04-17,03:09:31,activo
536,BA,2019-05-26,06:11:14,2019-08-14,02:11:47,pospuesto
537,AAR,2019-01-04,21:09:39,2019-09-18,04:11:15,pospuesto
538,JA,2019-05-14,00:03:14,2019-06-27,05:03:51,pospuesto
539,BA,2019-10-22,19:11:19,2019-01-25,16:12:27,cancelado
540,AA,2019-04-03,19:03:56,2019-03-01,14:05:04,activo
541,AA,2019-04-06,23:04:44,2019-04-27,22:07:13,pospuesto
542,JA,2019-01-02,13:10:55,2019-01-12,07:06:50,pospuesto
543,JA,2019-09-28,18:06:42,2019-03-09,12:01:39,activo
544,BA,2019-03-18,09:12:46,2019-09-03,10:05:56,pospuesto
545,JA,2019-03-10,20:03:05,2019-12-16,23:04:53,cancelado
546,EA,2019-07-24,09:12:09,2019-11-17,08:02:12,pospuesto
547,EA,2019-06-29,11:02:29,2019-09-23,17:03:49,cancelado
548,AA,2019-03-23,14:05:52,2019-09-25,22:03:53,cancelado
549,BA,2019-05-17,03:10:33,2019-04-27,17:06:24,activo
550,BA,2019-10-31,13:07:07,2019-06-05,11:10:49,activo
551,AA,2019-11-09,11:05:20,2019-06-17,03:03:55,cancelado
552,AAR,2019-05-19,10:06:19,2019-03-13,18:07:26,activo
553,EA,2019-08-17,23:03:35,2019-05-11,01:10:20,activo
554,JA,2019-02-05,08:12:13,2019-08-04,14:12:42,pospuesto
555,BA,2019-04-12,23:09:10,2019-11-27,20:04:04,pospuesto
556,BA,2019-09-03,02:09:23,2019-06-04,02:07:16,cancelado
557,EA,2019-02-28,01:03:29,2019-09-09,17:02:59,activo
558,AAR,2019-01-16,23:09:05,2019-12-10,03:02:11,pospuesto
559,EA,2019-05-06,18:09:34,2019-02-19,09:05:19,cancelado
560,EA,2019-04-18,13:09:31,2019-04-25,01:04:30,pospuesto
561,JA,2019-08-20,20:10:34,2019-11-29,22:04:48,pospuesto
562,JA,2019-11-03,13:12:47,2019-05-05,02:11:52,cancelado
563,AA,2019-07-01,02:04:34,2019-07-04,09:04:50,activo
564,EA,2019-05-08,05:09:44,2019-06-22,19:12:51,activo
565,JA,2019-08-10,03:06:41,2019-04-10,08:02:33,cancelado
566,EA,2019-04-22,19:06:17,2019-10-18,15:02:28,cancelado
567,BA,2019-01-24,22:04:51,2019-04-29,05:03:19,activo
568,AA,2019-06-21,00:01:23,2019-10-17,00:10:38,pospuesto
569,BA,2019-10-10,12:11:11,2019-05-14,12:09:36,cancelado
570,AAR,2019-01-15,03:06:43,2019-07-24,15:02:20,activo
571,EA,2019-02-21,11:10:49,2019-06-05,18:09:06,activo
572,BA,2019-01-07,17:08:54,2019-08-27,14:04:49,activo
573,EA,2019-01-24,22:05:51,2019-07-03,02:05:06,activo
574,AA,2019-04-23,16:01:17,2019-10-15,10:07:45,activo
575,EA,2019-10-23,12:01:52,2019-08-29,05:05:39,pospuesto
576,BA,2019-11-02,05:01:16,2019-10-06,23:06:06,pospuesto
577,AA,2019-04-21,21:09:23,2019-08-05,11:05:41,cancelado
578,AAR,2019-10-30,16:02:50,2019-04-14,07:07:41,pospuesto
579,BA,2019-05-23,00:08:19,2019-04-16,16:10:22,cancelado
580,EA,2019-04-18,17:11:21,2019-07-10,23:07:07,pospuesto
581,JA,2019-03-15,09:07:45,2019-03-01,07:04:20,activo
582,AAR,2019-01-04,05:01:29,2019-10-09,03:01:26,pospuesto
583,AAR,2019-07-17,02:05:18,2019-03-10,09:06:40,cancelado
584,BA,2019-08-08,11:03:24,2019-06-15,02:07:11,pospuesto
585,EA,2019-10-06,17:04:24,2019-01-31,05:09:51,cancelado
586,BA,2019-06-17,07:04:07,2019-12-11,17:03:31,pospuesto
587,JA,2019-04-18,01:05:53,2019-09-27,08:03:58,activo
588,AAR,2019-03-15,19:10:26,2019-03-27,21:07:10,activo
589,AAR,2019-10-19,10:11:46,2019-09-01,07:08:43,pospuesto
590,JA,2019-07-01,17:03:56,2019-05-02,02:07:21,activo
591,JA,2019-05-25,20:07:55,2019-04-30,02:12:29,cancelado
592,AA,2019-12-15,08:03:10,2019-03-17,21:08:15,activo
593,JA,2019-11-03,12:01:29,2019-07-16,10:04:19,activo
594,AAR,2019-08-04,20:06:56,2019-05-06,00:03:12,cancelado
595,AA,2019-06-10,05:02:38,2019-03-18,19:03:33,pospuesto
596,EA,2019-12-30,15:09:46,2019-01-04,14:01:26,cancelado
597,JA,2019-01-21,09:01:59,2019-05-06,23:03:55,activo
598,EA,2019-09-17,13:03:18,2019-03-16,07:10:23,pospuesto
599,JA,2019-04-06,20:02:39,2019-11-25,18:09:56,activo
600,BA,2019-08-02,10:11:52,2019-12-28,04:06:01,cancelado
601,AAR,2019-01-19,18:03:26,2019-02-22,13:01:16,pospuesto
602,BA,2019-11-22,13:12:10,2019-11-12,19:03:31,pospuesto
603,AAR,2019-04-18,18:08:25,2019-08-25,07:06:37,activo
604,AAR,2019-09-13,15:01:17,2019-07-16,06:09:15,activo
605,BA,2019-11-02,07:09:01,2019-09-20,04:02:34,pospuesto
606,AAR,2019-07-24,23:05:31,2019-11-16,19:10:25,cancelado
607,AA,2019-12-09,15:08:44,2019-03-05,11:06:01,cancelado
608,AAR,2019-01-17,18:04:54,2019-12-04,06:05:20,cancelado
609,EA,2019-01-14,04:10:02,2019-04-06,11:05:28,pospuesto
610,AAR,2019-07-28,19:09:08,2019-08-31,19:10:48,cancelado
611,JA,2019-03-15,10:07:13,2019-02-07,05:12:57,pospuesto
612,AA,2019-09-25,22:09:21,2019-11-22,14:07:13,cancelado
613,BA,2019-04-25,01:07:09,2019-09-08,09:08:26,pospuesto
614,BA,2019-03-22,23:08:53,2019-02-09,10:07:06,activo
615,AA,2019-01-27,03:09:13,2019-07-29,11:05:39,activo
616,JA,2019-03-21,18:07:33,2019-06-24,17:03:12,activo
617,JA,2019-12-15,02:05:27,2019-10-24,01:12:02,pospuesto
618,AA,2019-06-20,00:09:23,2019-09-13,02:02:30,activo
619,JA,2019-06-19,04:05:08,2019-08-08,08:06:34,pospuesto
620,AAR,2019-11-09,17:04:55,2019-01-02,05:03:52,activo
621,JA,2019-12-28,14:04:45,2019-08-03,05:03:05,pospuesto
622,AAR,2019-06-05,19:09:58,2019-08-01,22:01:57,cancelado
623,BA,2019-08-14,07:11:04,2019-10-07,15:12:08,pospuesto
624,AA,2019-07-01,07:06:43,2019-08-14,11:08:25,pospuesto
625,EA,2019-07-28,11:10:45,2019-06-03,10:02:44,pospuesto
626,AA,2019-12-30,15:08:50,2019-08-04,16:01:01,activo
627,AA,2019-02-08,15:01:48,2019-08-17,17:12:25,activo
628,AAR,2019-11-27,18:08:33,2019-05-04,14:10:43,activo
629,AAR,2019-08-26,00:06:52,2019-08-28,16:09:07,cancelado
630,EA,2019-01-30,01:01:58,2019-08-10,22:08:00,cancelado
631,AAR,2019-09-12,20:10:53,2019-02-19,00:06:17,cancelado
632,AAR,2019-09-26,04:08:51,2019-08-18,16:02:23,pospuesto
633,EA,2019-06-22,16:02:25,2019-08-03,18:07:36,pospuesto
634,BA,2019-08-14,22:10:03,2019-08-23,02:08:23,cancelado
635,EA,2019-06-25,12:10:52,2019-06-19,14:05:04,activo
636,AA,2019-03-16,05:12:48,2019-01-08,11:07:02,pospuesto
637,AA,2019-05-07,17:12:57,2019-03-01,08:09:57,activo
638,BA,2019-02-27,21:02:11,2019-06-03,14:01:51,cancelado
639,BA,2019-06-22,06:09:06,2019-05-18,04:08:43,pospuesto
640,JA,2019-07-21,13:02:12,2019-09-28,08:06:58,cancelado
641,JA,2019-03-29,23:09:50,2019-09-08,12:03:07,cancelado
642,AAR,2019-04-27,05:10:50,2019-09-13,13:02:47,pospuesto
643,JA,2019-07-13,16:10:48,2019-01-26,17:12:16,cancelado
644,EA,2019-04-20,16:08:57,2019-08-30,18:09:18,cancelado
645,BA,2019-05-13,14:01:40,2019-08-25,15:05:54,activo
646,BA,2019-01-24,10:02:45,2019-02-16,13:09:03,pospuesto
647,JA,2019-12-29,15:09:26,2019-03-28,23:10:39,pospuesto
648,BA,2019-07-11,01:05:03,2019-05-19,07:12:32,pospuesto
649,JA,2019-06-09,01:03:12,2019-08-07,16:09:41,cancelado
650,JA,2019-08-07,08:12:58,2019-02-20,07:09:55,pospuesto
651,EA,2019-03-27,11:09:36,2019-04-17,02:02:22,cancelado
652,AAR,2019-10-23,18:03:04,2019-09-10,09:02:07,cancelado
653,EA,2019-12-26,02:12:58,2019-01-22,00:08:17,activo
654,BA,2019-02-28,01:10:58,2019-12-27,13:07:43,activo
655,EA,2019-04-30,00:03:20,2019-01-30,21:06:45,cancelado
656,BA,2019-08-27,22:01:35,2019-01-03,14:12:24,pospuesto
657,JA,2019-04-11,04:07:56,2019-04-13,22:09:13,pospuesto
658,AAR,2019-02-02,03:12:28,2019-06-18,18:12:53,cancelado
659,JA,2019-06-12,17:01:38,2019-06-04,16:11:18,cancelado
660,BA,2019-01-03,19:06:53,2019-06-30,23:11:33,cancelado
661,EA,2019-10-09,14:12:03,2019-10-21,14:04:56,pospuesto
662,BA,2019-09-09,17:05:12,2019-08-02,22:03:24,cancelado
663,AAR,2019-11-08,01:11:45,2019-08-15,05:07:55,activo
664,BA,2019-12-05,09:03:54,2019-05-01,15:01:51,cancelado
665,BA,2019-07-05,06:07:31,2019-06-28,11:01:20,activo
666,BA,2019-07-09,00:07:20,2019-02-01,08:04:42,pospuesto
667,JA,2019-11-01,16:03:15,2019-04-15,05:05:44,activo
668,EA,2019-04-05,23:09:23,2019-04-05,20:09:39,cancelado
669,BA,2019-08-09,16:08:02,2019-02-08,09:08:56,cancelado
670,AAR,2019-11-19,17:05:09,2019-06-18,05:06:17,activo
671,JA,2019-02-03,11:06:10,2019-11-12,19:08:48,activo
672,BA,2019-02-02,23:06:12,2019-01-18,19:07:10,cancelado
673,EA,2019-04-22,22:09:40,2019-09-22,09:07:33,activo
674,EA,2019-08-25,19:10:11,2019-09-18,14:09:48,cancelado
675,BA,2019-05-15,01:03:52,2019-04-11,19:07:24,cancelado
676,JA,2019-06-09,11:08:34,2019-02-09,03:09:27,activo
677,JA,2019-12-12,06:12:31,2019-07-15,22:05:32,cancelado
678,AAR,2019-02-22,16:04:31,2019-12-12,04:01:13,activo
679,AA,2019-09-23,16:08:56,2019-02-19,04:07:39,pospuesto
680,JA,2019-05-19,21:07:18,2019-06-17,21:11:54,cancelado
681,AA,2019-01-31,03:09:00,2019-09-02,19:02:49,cancelado
682,AAR,2019-04-22,09:05:37,2019-09-15,12:08:36,activo
683,BA,2019-01-30,08:01:14,2019-07-08,15:04:12,cancelado
684,BA,2019-08-30,05:09:57,2019-10-20,22:05:39,activo
685,AAR,2019-09-07,18:11:57,2019-06-10,13:05:22,pospuesto
686,AAR,2019-01-03,21:04:13,2019-06-14,14:05:04,activo
687,JA,2019-02-01,23:12:52,2019-07-18,21:05:39,cancelado
688,JA,2019-05-10,12:04:11,2019-02-17,15:11:29,pospuesto
689,BA,2019-11-15,15:01:38,2019-08-31,06:11:25,pospuesto
690,BA,2019-06-29,16:07:28,2019-04-19,06:03:20,pospuesto
691,AAR,2019-11-16,20:12:42,2019-12-20,00:10:19,pospuesto
692,JA,2019-05-13,21:10:55,2019-09-28,19:11:49,cancelado
693,JA,2019-07-08,15:05:48,2019-01-27,08:09:53,pospuesto
694,EA,2019-02-02,18:03:00,2019-06-11,12:08:30,pospuesto
695,JA,2019-01-31,12:11:39,2019-09-06,13:07:10,cancelado
696,JA,2019-09-01,12:08:47,2019-03-07,13:10:59,cancelado
697,BA,2019-12-29,09:12:22,2019-01-02,10:06:41,pospuesto
698,JA,2019-11-11,22:05:08,2019-10-31,01:03:58,cancelado
699,JA,2019-04-26,16:01:46,2019-10-08,14:08:50,pospuesto
700,AAR,2019-05-26,12:01:11,2019-03-24,15:04:50,cancelado
701,AAR,2019-09-27,19:09:52,2019-11-14,07:08:58,activo
702,AA,2019-01-21,14:03:16,2019-12-28,18:06:47,pospuesto
703,AAR,2019-07-21,04:04:01,2019-09-27,09:02:01,activo
704,AA,2019-01-30,20:12:18,2019-03-28,15:11:54,cancelado
705,EA,2019-09-30,03:03:47,2019-11-11,08:05:29,cancelado
706,AAR,2019-02-02,09:05:46,2019-10-26,15:03:40,activo
707,AAR,2019-10-09,21:10:02,2019-06-11,06:08:22,activo
708,BA,2019-02-19,19:08:01,2019-07-29,23:06:32,pospuesto
709,AA,2019-11-03,12:05:52,2019-07-15,15:03:58,activo
710,AAR,2019-07-04,22:09:52,2019-12-26,15:01:57,pospuesto
711,EA,2019-06-04,19:09:29,2019-08-20,03:09:29,pospuesto
712,AA,2019-10-24,09:01:19,2019-10-25,02:07:37,activo
713,JA,2019-10-02,01:04:33,2019-12-23,21:12:03,activo
714,BA,2019-10-18,05:05:48,2019-08-18,19:11:07,activo
715,EA,2019-02-16,23:05:06,2019-03-16,04:07:33,cancelado
716,EA,2019-12-12,02:01:16,2019-03-06,15:03:40,activo
717,AAR,2019-07-26,06:01:55,2019-11-03,00:06:30,cancelado
718,EA,2019-08-07,14:11:17,2019-06-19,20:10:14,cancelado
719,AAR,2019-12-24,18:11:56,2019-04-28,14:04:51,activo
720,BA,2019-06-12,23:02:40,2019-08-15,22:06:37,pospuesto
721,EA,2019-04-28,12:06:09,2019-01-29,02:02:20,cancelado
722,AA,2019-10-10,18:05:42,2019-02-16,21:05:06,activo
723,AA,2019-11-08,13:10:41,2019-01-12,14:07:22,cancelado
724,BA,2019-11-04,18:04:35,2019-07-22,00:11:19,cancelado
725,JA,2019-12-16,06:06:41,2019-05-11,13:10:14,activo
726,AA,2019-02-07,15:12:59,2019-03-05,13:11:21,activo
727,EA,2019-03-14,14:12:02,2019-07-01,22:12:42,pospuesto
728,AAR,2019-06-25,04:08:15,2019-01-17,17:07:56,activo
729,JA,2019-10-13,05:08:55,2019-05-16,06:03:52,pospuesto
730,BA,2019-11-12,08:02:13,2019-04-16,18:09:01,cancelado
731,AA,2019-12-25,07:12:16,2019-08-28,00:04:36,activo
732,JA,2019-07-29,03:04:21,2019-05-07,14:03:44,pospuesto
733,AAR,2019-05-14,15:06:14,2019-11-13,14:07:05,pospuesto
734,EA,2019-08-03,15:02:52,2019-05-08,09:07:50,activo
735,AA,2019-07-29,21:04:27,2019-05-25,16:09:44,cancelado
736,EA,2019-04-22,23:03:41,2019-05-21,23:06:14,activo
737,BA,2019-03-29,22:12:21,2019-07-17,02:08:15,activo
738,JA,2019-04-01,13:05:04,2019-12-24,08:04:12,pospuesto
739,EA,2019-01-29,23:07:00,2019-03-27,12:01:01,pospuesto
740,BA,2019-11-24,06:07:25,2019-01-19,00:06:43,pospuesto
741,EA,2019-08-27,16:10:56,2019-04-10,11:02:51,pospuesto
742,AA,2019-05-22,17:04:58,2019-03-04,13:08:38,pospuesto
743,AA,2019-12-16,12:05:30,2019-03-11,00:01:08,cancelado
744,JA,2019-09-02,10:01:13,2019-04-20,07:02:20,cancelado
745,JA,2019-01-15,05:02:24,2019-10-23,07:05:42,activo
746,JA,2019-10-10,22:07:21,2019-11-15,20:06:42,cancelado
747,AAR,2019-09-30,08:07:41,2019-11-05,10:04:27,activo
748,JA,2019-12-26,13:09:29,2019-11-16,22:11:44,cancelado
749,EA,2019-09-05,06:01:02,2019-06-19,04:11:50,pospuesto
750,BA,2019-02-03,16:03:31,2019-01-07,13:03:11,pospuesto
751,BA,2019-02-10,08:03:05,2019-05-21,03:02:12,activo
752,EA,2019-07-31,19:08:25,2019-12-06,04:09:35,pospuesto
753,EA,2019-03-16,07:10:57,2019-09-05,00:09:23,pospuesto
754,EA,2019-11-01,16:08:24,2019-11-27,22:08:52,activo
755,JA,2019-10-05,10:07:35,2019-02-03,18:07:51,activo
756,BA,2019-03-22,22:02:52,2019-12-21,09:12:49,cancelado
757,EA,2019-07-25,13:11:33,2019-03-30,21:10:15,activo
758,AA,2019-02-06,16:02:49,2019-02-18,17:06:53,cancelado
759,JA,2019-01-05,18:03:14,2019-01-01,18:12:43,pospuesto
760,AAR,2019-10-11,23:03:08,2019-05-18,08:11:31,activo
761,JA,2019-05-17,21:05:41,2019-06-01,09:02:45,pospuesto
762,BA,2019-09-05,05:10:17,2019-03-25,02:09:26,pospuesto
763,EA,2019-03-18,13:07:03,2019-08-14,05:06:10,cancelado
764,JA,2019-11-21,08:11:43,2019-08-24,00:02:24,activo
765,EA,2019-10-01,08:10:04,2019-11-19,22:01:39,cancelado
766,AAR,2019-12-09,04:12:04,2019-08-16,00:02:01,cancelado
767,AA,2019-11-26,06:01:54,2019-06-16,21:07:57,activo
768,BA,2019-03-25,00:03:50,2019-10-03,08:11:06,pospuesto
769,EA,2019-09-08,09:03:39,2019-09-22,06:10:59,cancelado
770,AAR,2019-05-26,02:07:14,2019-10-28,02:06:01,pospuesto
771,JA,2019-01-17,08:04:58,2019-05-22,04:12:28,activo
772,AAR,2019-02-20,11:08:03,2019-09-29,15:02:46,activo
773,AA,2019-07-07,21:01:37,2019-08-16,23:02:24,cancelado
774,BA,2019-08-31,13:06:59,2019-08-18,00:01:11,cancelado
775,JA,2019-08-08,17:04:16,2019-05-09,19:09:43,cancelado
776,AAR,2019-05-13,04:05:05,2019-05-26,14:05:43,cancelado
777,EA,2019-09-22,21:02:01,2019-01-20,10:08:58,pospuesto
778,AAR,2019-04-13,13:06:10,2019-06-26,08:10:58,activo
779,AAR,2019-12-25,11:04:08,2019-08-03,23:11:22,pospuesto
780,BA,2019-11-15,16:07:02,2019-04-22,04:05:25,pospuesto
781,JA,2019-08-15,11:07:17,2019-03-26,06:03:17,pospuesto
782,AA,2019-05-01,22:01:32,2019-08-10,06:01:29,pospuesto
783,EA,2019-05-08,01:07:42,2019-03-31,12:10:44,cancelado
784,AA,2019-01-14,08:06:32,2019-09-29,16:03:05,activo
785,BA,2019-05-03,12:12:26,2019-12-12,12:12:56,pospuesto
786,JA,2019-11-02,08:08:35,2019-10-14,11:07:59,activo
787,EA,2019-01-06,14:06:11,2019-03-03,13:11:09,activo
788,AAR,2019-05-27,14:11:21,2019-04-20,07:08:50,activo
789,JA,2019-11-13,10:08:52,2019-05-25,06:11:46,cancelado
790,AA,2019-04-25,08:09:20,2019-04-27,14:10:49,pospuesto
791,AAR,2019-11-30,06:11:05,2019-09-05,18:10:50,pospuesto
792,EA,2019-10-28,18:03:07,2019-05-31,13:07:45,activo
793,EA,2019-12-22,22:11:36,2019-05-12,20:08:20,activo
794,AA,2019-01-27,07:05:23,2019-05-22,15:02:39,activo
795,AAR,2019-02-22,07:09:44,2019-07-23,13:02:03,cancelado
796,JA,2019-06-15,21:12:53,2019-10-01,10:09:13,activo
797,EA,2019-06-15,01:07:57,2019-03-02,11:07:52,pospuesto
798,AAR,2019-07-12,06:07:13,2019-11-23,10:12:14,activo
799,AA,2019-01-22,23:10:41,2019-12-29,18:07:26,cancelado
800,BA,2019-11-14,07:06:38,2019-01-05,22:05:28,cancelado
801,JA,2019-06-29,11:05:43,2019-05-06,18:03:55,pospuesto
802,AA,2019-08-18,18:10:47,2019-03-21,17:02:18,cancelado
803,JA,2019-09-23,19:12:22,2019-09-06,03:08:48,activo
804,AA,2019-09-30,12:07:43,2019-07-11,22:10:05,pospuesto
805,AA,2019-03-03,18:02:15,2019-06-23,09:12:57,activo
806,AAR,2019-07-26,22:01:11,2019-07-03,08:08:01,activo
807,EA,2019-03-29,15:07:16,2019-06-05,22:05:04,activo
808,JA,2019-06-05,21:06:13,2019-01-31,06:01:49,pospuesto
809,BA,2019-09-29,07:08:12,2019-05-31,09:08:32,cancelado
810,AA,2019-02-28,03:07:24,2019-06-05,03:01:50,activo
811,BA,2019-02-26,07:01:03,2019-12-17,04:06:51,cancelado
812,AA,2019-02-25,15:09:34,2019-10-01,23:12:41,pospuesto
813,EA,2019-10-13,02:05:04,2019-07-18,09:07:19,cancelado
814,AA,2019-02-07,06:05:49,2019-07-21,01:04:04,activo
815,BA,2019-03-08,13:01:21,2019-12-22,00:05:16,pospuesto
816,BA,2019-12-10,01:04:24,2019-08-23,08:04:00,cancelado
817,JA,2019-09-09,03:11:54,2019-02-05,08:10:44,activo
818,JA,2019-02-09,10:08:47,2019-08-23,14:04:48,pospuesto
819,BA,2019-09-11,00:07:47,2019-03-27,09:02:08,activo
820,JA,2019-08-01,05:02:13,2019-07-13,02:10:52,pospuesto
821,EA,2019-12-23,04:04:31,2019-09-05,01:04:47,pospuesto
822,EA,2019-04-28,03:12:38,2019-07-28,06:04:09,activo
823,EA,2019-09-12,23:01:55,2019-09-01,00:11:34,activo
824,EA,2019-10-19,20:04:00,2019-07-22,20:12:48,activo
825,BA,2019-05-02,12:06:37,2019-06-23,16:11:30,activo
826,JA,2019-06-14,16:12:44,2019-03-29,05:03:24,activo
827,AAR,2019-12-03,02:07:52,2019-05-29,14:05:30,pospuesto
828,EA,2019-05-03,08:09:17,2019-01-20,22:04:17,cancelado
829,AAR,2019-05-30,08:07:23,2019-11-28,12:11:03,pospuesto
830,EA,2019-10-19,14:04:19,2019-02-25,18:11:48,pospuesto
831,JA,2019-07-25,12:04:42,2019-11-13,22:04:47,activo
832,AAR,2019-09-23,23:09:20,2019-03-30,18:11:02,pospuesto
833,AA,2019-01-23,17:07:48,2019-08-22,04:10:14,cancelado
834,EA,2019-07-18,08:11:25,2019-09-06,23:06:43,pospuesto
835,JA,2019-02-13,13:02:16,2019-03-07,09:05:15,activo
836,JA,2019-03-26,02:03:32,2019-11-18,13:08:54,activo
837,AA,2019-07-21,11:07:28,2019-09-15,09:11:52,activo
838,BA,2019-05-05,05:10:00,2019-02-06,21:12:14,pospuesto
839,AAR,2019-06-29,22:08:34,2019-07-16,14:06:11,pospuesto
840,EA,2019-07-12,22:03:40,2019-03-30,16:07:46,cancelado
841,AA,2019-03-07,17:01:20,2019-07-29,21:02:26,activo
842,EA,2019-08-17,17:08:21,2019-06-13,04:07:44,pospuesto
843,AA,2019-05-24,03:08:51,2019-03-06,20:06:09,activo
844,AAR,2019-04-29,21:10:05,2019-08-07,00:10:55,cancelado
845,BA,2019-02-14,13:03:14,2019-04-03,21:12:46,pospuesto
846,JA,2019-04-25,20:05:42,2019-04-04,22:05:49,activo
847,JA,2019-05-20,06:03:38,2019-10-04,08:01:52,cancelado
848,EA,2019-04-12,09:06:37,2019-10-31,16:02:24,activo
849,AAR,2019-06-06,18:09:26,2019-03-08,11:10:07,activo
850,BA,2019-08-02,14:05:27,2019-08-28,18:08:58,activo
851,AA,2019-07-18,03:08:27,2019-04-23,04:07:32,cancelado
852,BA,2019-06-27,02:07:19,2019-03-26,09:03:03,activo
853,EA,2019-05-30,12:10:51,2019-06-30,12:12:50,pospuesto
854,AAR,2019-11-06,11:07:38,2019-02-23,05:06:24,pospuesto
855,AAR,2019-06-17,01:05:40,2019-10-08,19:01:58,pospuesto
856,BA,2019-07-17,08:06:05,2019-05-22,23:05:34,pospuesto
857,AA,2019-07-14,21:12:54,2019-12-06,17:07:04,pospuesto
858,JA,2019-10-17,12:08:03,2019-09-15,15:06:24,activo
859,EA,2019-08-13,09:02:30,2019-07-08,15:05:04,pospuesto
860,AA,2019-06-14,22:08:26,2019-03-13,00:11:38,cancelado
861,AAR,2019-12-08,03:04:27,2019-01-29,07:04:16,cancelado
862,EA,2019-11-17,14:04:04,2019-08-04,11:02:25,pospuesto
863,JA,2019-05-31,20:08:43,2019-01-19,13:04:59,activo
864,AA,2019-04-27,06:05:27,2019-08-03,22:04:29,pospuesto
865,BA,2019-08-23,11:04:13,2019-07-10,15:02:03,activo
866,BA,2019-11-01,03:05:44,2019-02-06,06:02:49,cancelado
867,EA,2019-12-04,15:11:34,2019-04-16,09:06:49,pospuesto
868,EA,2019-11-28,23:07:54,2019-05-16,00:02:42,pospuesto
869,JA,2019-08-04,12:03:46,2019-10-14,09:01:24,cancelado
870,AAR,2019-11-09,03:09:44,2019-03-06,06:11:15,cancelado
871,AA,2019-11-20,14:09:23,2019-02-26,03:11:40,cancelado
872,AA,2019-01-19,14:06:55,2019-12-26,16:12:35,activo
873,AAR,2019-08-14,13:06:33,2019-11-14,09:08:57,pospuesto
874,AAR,2019-09-21,23:03:40,2019-01-10,16:07:38,pospuesto
875,BA,2019-02-09,22:04:51,2019-03-18,02:01:46,cancelado
876,AA,2019-06-24,05:02:41,2019-07-22,00:08:56,pospuesto
877,EA,2019-07-16,00:01:22,2019-06-18,21:03:35,activo
878,EA,2019-03-10,21:01:57,2019-07-29,06:05:08,activo
879,AAR,2019-12-01,19:08:15,2019-06-14,23:11:55,cancelado
880,BA,2019-03-28,10:07:01,2019-06-12,22:01:08,pospuesto
881,AAR,2019-06-05,02:12:51,2019-11-27,16:03:30,pospuesto
882,BA,2019-10-21,03:03:35,2019-02-26,07:03:28,cancelado
883,EA,2019-09-12,08:03:15,2019-07-01,01:11:47,activo
884,EA,2019-08-24,03:04:18,2019-11-06,02:03:53,pospuesto
885,EA,2019-08-07,21:03:49,2019-09-05,21:04:02,pospuesto
886,BA,2019-05-02,10:08:48,2019-03-29,23:01:04,cancelado
887,AAR,2019-09-22,08:03:20,2019-12-24,00:10:57,pospuesto
888,AAR,2019-10-29,19:10:24,2019-07-14,16:09:29,activo
889,BA,2019-03-14,04:01:13,2019-01-27,23:01:00,activo
890,JA,2019-07-05,01:09:41,2019-03-04,05:02:49,activo
891,BA,2019-09-17,06:01:27,2019-06-04,11:01:20,cancelado
892,EA,2019-03-27,09:01:02,2019-12-05,05:04:52,activo
893,BA,2019-12-08,04:09:37,2019-03-31,22:09:33,cancelado
894,JA,2019-11-18,21:08:59,2019-03-18,06:10:31,cancelado
895,AA,2019-07-26,04:07:07,2019-11-20,23:05:55,activo
896,EA,2019-11-14,11:06:05,2019-01-09,23:09:36,pospuesto
897,EA,2019-01-12,21:11:55,2019-10-20,22:03:52,activo
898,EA,2019-08-12,13:07:03,2019-11-11,08:11:05,activo
899,EA,2019-02-15,16:12:58,2019-04-06,10:11:50,activo
900,JA,2019-10-01,00:03:03,2019-01-24,07:05:01,cancelado
901,JA,2019-02-12,03:09:15,2019-03-13,08:03:19,cancelado
902,BA,2019-08-11,01:11:23,2019-09-09,10:06:53,activo
903,BA,2019-10-21,16:08:21,2019-03-25,23:08:20,pospuesto
904,AAR,2019-07-14,01:09:21,2019-11-01,00:03:18,activo
905,JA,2019-07-28,02:08:55,2019-09-10,18:03:36,activo
906,AA,2019-11-21,13:10:44,2019-02-23,20:06:44,pospuesto
907,JA,2019-02-23,15:01:07,2019-04-14,04:01:27,activo
908,EA,2019-12-08,01:07:37,2019-04-09,00:01:10,cancelado
909,JA,2019-02-25,10:02:01,2019-09-16,03:05:39,cancelado
910,AA,2019-01-02,17:08:31,2019-03-01,22:06:42,pospuesto
911,BA,2019-11-18,20:01:38,2019-09-16,23:12:08,cancelado
912,AA,2019-02-07,08:11:40,2019-02-21,08:09:25,activo
913,BA,2019-08-23,05:12:28,2019-01-23,18:01:00,activo
914,JA,2019-09-29,23:10:15,2019-03-09,13:08:47,pospuesto
915,EA,2019-06-09,14:09:48,2019-01-20,04:10:44,cancelado
916,EA,2019-11-09,22:07:37,2019-08-13,14:03:05,cancelado
917,JA,2019-01-03,19:12:59,2019-01-06,17:09:53,cancelado
918,AA,2019-03-06,04:05:17,2019-08-30,18:05:30,activo
919,AAR,2019-10-25,18:02:43,2019-12-22,08:08:35,pospuesto
920,JA,2019-01-27,13:02:52,2019-03-05,05:11:34,cancelado
921,AA,2019-08-07,20:12:30,2019-12-14,16:04:51,cancelado
922,BA,2019-09-06,22:01:40,2019-11-29,21:05:56,activo
923,JA,2019-09-22,11:05:40,2019-10-21,21:10:59,activo
924,AA,2019-10-27,19:07:24,2019-07-27,14:04:46,activo
925,AAR,2019-07-11,02:11:24,2019-10-22,21:10:12,pospuesto
926,JA,2019-11-08,23:08:29,2019-03-25,11:07:12,activo
927,BA,2019-01-30,19:02:19,2019-04-20,05:07:08,pospuesto
928,JA,2019-01-14,19:03:35,2019-04-19,23:03:46,activo
929,AAR,2019-03-05,07:10:21,2019-07-15,08:07:49,pospuesto
930,AA,2019-03-03,09:01:38,2019-08-09,11:01:11,activo
931,AA,2019-12-21,00:10:02,2019-05-25,21:05:10,pospuesto
932,BA,2019-09-16,00:01:23,2019-04-03,20:02:09,pospuesto
933,AA,2019-04-13,00:04:36,2019-05-26,07:10:28,activo
934,AAR,2019-08-27,18:09:56,2019-03-20,01:02:26,activo
935,AAR,2019-12-10,13:04:32,2019-07-05,23:11:44,pospuesto
936,AAR,2019-04-11,04:11:28,2019-10-04,11:09:16,activo
937,AA,2019-10-02,10:07:08,2019-05-21,07:03:06,cancelado
938,EA,2019-07-10,19:07:18,2019-08-28,22:09:54,cancelado
939,JA,2019-03-21,23:03:16,2019-09-15,21:05:35,cancelado
940,AAR,2019-06-17,08:09:08,2019-08-03,22:04:57,pospuesto
941,AAR,2019-10-26,04:12:55,2019-06-12,11:01:58,cancelado
942,AA,2019-12-19,08:04:38,2019-04-14,14:11:39,activo
943,AAR,2019-01-27,15:10:04,2019-10-18,11:08:19,pospuesto
944,BA,2019-09-20,18:04:07,2019-11-16,01:08:54,activo
945,AA,2019-01-18,19:09:54,2019-09-09,08:02:27,activo
946,EA,2019-11-17,02:09:48,2019-07-30,15:04:04,cancelado
947,AAR,2019-10-10,16:05:46,2019-12-25,16:11:44,pospuesto
948,AA,2019-04-08,15:10:04,2019-04-07,17:03:12,pospuesto
949,EA,2019-07-24,15:11:59,2019-02-27,12:11:07,activo
950,AAR,2019-12-03,03:03:53,2019-02-13,07:03:43,pospuesto
951,JA,2019-12-30,13:08:53,2019-04-23,02:02:21,pospuesto
952,AA,2019-11-18,12:10:21,2019-01-11,23:10:52,cancelado
953,EA,2019-06-26,21:08:12,2019-08-05,05:05:54,cancelado
954,JA,2019-02-06,18:07:32,2019-06-05,02:04:12,pospuesto
955,EA,2019-07-14,21:10:13,2019-04-26,08:02:17,activo
956,AAR,2019-11-26,21:09:14,2019-05-21,08:06:32,cancelado
957,JA,2019-05-11,05:07:30,2019-04-19,11:09:58,activo
958,JA,2019-06-08,21:03:11,2019-09-09,06:11:52,cancelado
959,EA,2019-10-19,06:01:09,2019-12-21,13:02:21,activo
960,AA,2019-01-09,17:03:28,2019-02-05,17:03:58,pospuesto
961,AA,2019-07-03,00:02:11,2019-11-22,16:03:39,pospuesto
962,AAR,2019-01-20,17:06:18,2019-10-13,02:05:52,cancelado
963,JA,2019-03-11,02:01:08,2019-10-18,03:02:53,pospuesto
964,BA,2019-12-24,02:02:54,2019-06-16,22:11:03,activo
965,AA,2019-01-31,16:07:02,2019-09-19,18:03:20,pospuesto
966,BA,2019-12-10,04:03:27,2019-06-10,18:04:13,pospuesto
967,BA,2019-05-15,01:07:29,2019-03-24,13:02:53,pospuesto
968,AA,2019-02-08,18:01:43,2019-06-14,21:11:11,cancelado
969,AA,2019-06-06,11:09:40,2019-06-03,02:12:26,pospuesto
970,BA,2019-04-14,22:09:14,2019-05-07,23:06:26,activo
971,AA,2019-05-23,12:01:22,2019-10-05,21:09:11,cancelado
972,JA,2019-03-15,05:03:52,2019-08-06,19:04:45,pospuesto
973,AA,2019-08-19,23:03:58,2019-05-26,16:03:42,pospuesto
974,AAR,2019-02-20,12:07:03,2019-04-03,01:05:46,pospuesto
975,AA,2019-08-23,09:06:12,2019-12-11,09:02:41,activo
976,AAR,2019-05-14,14:03:18,2019-10-12,06:01:09,pospuesto
977,JA,2019-06-02,22:03:11,2019-10-25,08:06:24,pospuesto
978,JA,2019-07-04,04:04:25,2019-11-29,15:08:40,cancelado
979,BA,2019-03-17,13:12:15,2019-07-09,12:09:41,cancelado
980,AAR,2019-10-15,05:10:07,2019-12-20,05:12:23,pospuesto
981,AAR,2019-11-01,22:04:02,2019-12-27,19:12:42,pospuesto
982,EA,2019-12-31,14:02:33,2019-05-15,12:04:18,pospuesto
983,EA,2019-08-31,08:09:03,2019-12-15,20:06:47,activo
984,JA,2019-06-14,10:01:24,2019-04-22,22:02:15,pospuesto
985,EA,2019-01-03,11:02:29,2019-08-29,01:04:16,cancelado
986,EA,2019-10-09,07:06:34,2019-01-23,11:12:36,pospuesto
987,BA,2019-08-28,10:07:58,2019-01-17,04:06:39,activo
988,AAR,2019-12-19,05:08:25,2019-11-05,01:11:39,pospuesto
989,BA,2019-11-05,10:04:32,2019-11-25,16:12:29,pospuesto
990,AA,2019-09-03,17:11:38,2019-12-31,01:02:11,pospuesto
991,EA,2019-10-18,11:08:45,2019-06-05,15:07:23,pospuesto
992,BA,2019-10-18,20:03:02,2019-11-21,05:10:51,cancelado
993,BA,2019-04-01,23:04:31,2019-05-18,02:05:49,pospuesto
994,AA,2019-10-05,19:10:43,2019-09-17,15:08:27,cancelado
995,AA,2019-12-06,17:02:37,2019-12-22,08:11:21,activo
996,EA,2019-06-15,20:06:52,2019-01-17,17:12:40,pospuesto
997,JA,2019-07-05,18:08:56,2019-07-25,14:01:10,cancelado
998,EA,2019-09-22,11:12:09,2019-05-30,22:12:42,pospuesto
999,BA,2019-01-19,23:09:48,2019-05-19,13:05:07,activo
1000,AAR,2019-02-08,19:05:40,2019-01-12,14:02:38,pospuesto