5,1,1,49,2020-09-16,387
12,8,2,50,2020-11-11,913
3,9,3,12,2020-10-31,782
16,10,4,25,2019-06-13,29
3,3,5,34,2020-03-10,406
4,4,6,15,2020-07-16,190
9,10,7,15,2020-02-26,396
2,10,8,21,2020-04-20,217
9,7,9,35,2019-03-21,240
2,7,10,21,2020-06-16,331
8,3,11,14,2020-01-12,813
12,8,12,1,2020-07-15,123
19,10,13,9,2019-09-05,618
15,7,14,29,2020-02-15,435
19,10,15,33,2019-01-03,668
11,2,16,49,2020-03-10,446
16,7,17,22,2020-05-25,387
14,2,18,31,2020-03-05,800
11,10,19,40,2019-06-01,976
6,7,20,46,2020-02-04,265
6,7,21,45,2020-06-09,211
1,8,22,17,2019-09-04,992
19,9,23,9,2019-10-18,97
9,9,24,10,2019-02-01,908
8,8,25,8,2020-08-09,30
5,8,26,20,2020-03-08,548
12,4,27,12,2020-03-11,493
11,5,28,43,2020-03-18,354
2,5,29,19,2020-06-19,753
19,8,30,5,2019-01-17,651
15,10,31,38,2019-03-01,958
11,6,32,21,2020-10-17,133
2,10,33,14,2020-05-07,403
4,9,34,46,2019-11-09,661
2,6,35,5,2019-01-23,960
18,5,36,6,2019-06-14,285
8,6,37,17,2020-10-30,746
13,8,38,32,2019-10-29,172
11,5,39,50,2020-09-06,815
16,4,40,46,2019-06-21,499
11,3,41,42,2019-08-11,321
10,10,42,8,2020-08-17,70
13,6,43,21,2019-07-12,204
18,3,44,49,2019-03-25,826
5,7,45,42,2020-10-02,872
17,7,46,14,2020-01-14,690
11,2,47,40,2020-06-03,917
7,3,48,23,2020-10-16,663
16,10,49,18,2020-07-16,829
3,9,50,3,2019-12-16,217
12,5,51,7,2020-03-24,152
3,9,52,22,2020-02-29,831
18,3,53,48,2020-01-15,516
17,7,54,40,2020-06-13,596
15,2,55,48,2020-07-08,774
9,10,56,1,2020-07-22,117
12,1,57,48,2019-02-06,444
5,3,58,32,2020-05-10,979
14,2,59,22,2020-03-16,766
20,9,60,12,2019-02-15,449
9,9,61,35,2019-12-02,262
5,8,62,4,2019-09-17,195
9,4,63,5,2020-06-27,873
16,4,64,16,2019-03-11,769
4,3,65,24,2019-07-18,790
2,5,66,19,2019-11-08,458
1,10,67,2,2019-07-22,840
2,2,68,14,2020-06-30,311
5,9,69,32,2020-04-18,636
14,8,70,7,2019-10-22,612
14,4,71,19,2020-11-02,13
6,6,72,47,2020-04-10,622
18,7,73,5,2020-03-22,624
17,1,74,35,2019-11-06,867
5,4,75,5,2020-02-02,271
19,5,76,20,2020-05-04,860
2,2,77,14,2020-11-01,183
5,1,78,28,2020-09-08,89
6,6,79,18,2019-11-16,966
2,5,80,50,2019-04-21,566
15,9,81,28,2019-07-21,631
12,4,82,24,2019-10-01,197
16,10,83,10,2020-04-28,409
14,5,84,24,2019-12-17,611
4,2,85,50,2020-03-22,604
5,3,86,28,2019-03-31,615
5,8,87,32,2019-05-24,312
14,3,88,11,2020-10-13,705
15,7,89,32,2020-08-21,361
18,1,90,43,2020-08-09,691
7,3,91,25,2020-06-13,189
18,10,92,14,2020-11-21,796
13,7,93,39,2019-04-05,890
5,1,94,29,2020-07-23,629
4,10,95,43,2020-02-29,28
6,2,96,50,2019-09-22,738
13,3,97,15,2019-09-23,742
3,5,98,32,2019-10-16,145
19,5,99,6,2020-01-25,890
3,3,100,20,2020-05-16,363
10,1,101,7,2019-05-05,115
13,4,102,46,2020-05-30,186
7,1,103,50,2019-10-19,115
2,7,104,28,2020-03-04,523
1,7,105,44,2020-08-28,175
8,10,106,38,2019-01-22,746
5,2,107,32,2020-02-24,248
15,6,108,50,2019-04-04,717
4,3,109,47,2019-07-29,930
13,9,110,6,2020-11-05,756
19,10,111,16,2020-05-31,107
5,10,112,29,2020-02-03,418
17,5,113,11,2020-03-03,714
9,7,114,41,2019-06-22,30
20,8,115,1,2020-06-13,564
19,5,116,13,2019-01-02,659
14,4,117,16,2020-01-17,585
14,4,118,42,2020-08-08,480
14,1,119,4,2020-01-24,987
19,3,120,10,2019-09-17,558
16,2,121,17,2020-05-11,602
4,9,122,11,2020-04-15,200
5,7,123,9,2019-07-16,89
16,5,124,32,2020-04-13,746
6,6,125,43,2019-04-08,910
16,5,126,5,2020-02-13,442
17,2,127,5,2019-06-15,455
20,2,128,40,2019-11-15,208
10,9,129,39,2019-09-18,650
8,8,130,14,2019-07-27,667
20,8,131,16,2020-02-27,845
3,7,132,38,2019-08-02,611
3,5,133,20,2020-08-20,337
7,9,134,36,2019-08-04,207
12,1,135,25,2019-12-16,52
18,7,136,45,2020-08-02,922
7,2,137,13,2020-06-17,806
16,4,138,2,2019-08-12,369
2,6,139,29,2020-08-10,457
12,4,140,43,2020-09-06,585
17,5,141,23,2020-11-27,255
14,10,142,28,2020-10-29,332
1,9,143,47,2020-11-15,173
16,4,144,15,2019-05-31,559
13,9,145,22,2020-05-18,917
13,7,146,1,2020-06-16,886
1,10,147,46,2019-11-10,730
7,10,148,43,2020-09-17,829
16,3,149,12,2019-06-22,426
15,9,150,27,2020-07-22,608
3,10,151,28,2019-07-09,370
1,9,152,25,2020-07-19,210
11,7,153,11,2020-05-08,152
19,5,154,34,2020-03-17,610
8,7,155,2,2020-07-18,941
8,1,156,26,2020-10-29,837
11,10,157,10,2020-08-16,663
7,5,158,41,2019-08-14,825
15,4,159,12,2020-05-03,510
19,3,160,41,2020-02-20,755
16,7,161,48,2020-03-07,104
15,6,162,4,2020-09-10,102
3,10,163,40,2020-03-24,729
13,9,164,35,2019-01-20,641
3,8,165,4,2019-12-24,104
19,8,166,8,2019-02-19,62
14,1,167,19,2019-01-06,427
4,8,168,35,2020-11-05,228
7,10,169,9,2019-11-10,97
1,3,170,17,2020-08-02,883
3,3,171,41,2020-06-05,522
14,10,172,25,2020-08-22,489
11,8,173,26,2019-05-05,358
1,1,174,12,2019-05-19,875
15,1,175,49,2019-11-06,275
9,1,176,50,2019-03-09,371
5,8,177,10,2020-09-08,837
14,4,178,49,2020-06-11,904
11,9,179,44,2020-05-25,981
20,10,180,23,2020-01-21,23
3,1,181,20,2019-06-18,163
11,7,182,20,2019-02-16,90
9,3,183,40,2020-02-17,675
3,9,184,36,2020-10-17,567
14,7,185,15,2019-02-27,39
12,9,186,24,2020-01-05,151
10,8,187,14,2020-07-04,674
17,5,188,27,2020-05-22,919
15,3,189,36,2020-01-23,845
9,7,190,20,2020-08-04,923
6,3,191,15,2020-11-02,214
9,2,192,47,2019-10-09,452
5,6,193,2,2020-08-11,290
18,7,194,11,2020-10-20,579
11,7,195,34,2020-08-17,263
2,1,196,45,2020-07-19,483
12,2,197,38,2020-02-06,220
18,8,198,2,2019-03-27,759
8,2,199,18,2019-05-23,75
11,6,200,5,2019-05-07,413
9,9,201,23,2020-03-17,177
5,5,202,14,2020-09-02,484
9,2,203,45,2020-08-26,188
13,4,204,37,2019-02-12,382
1,4,205,42,2020-01-29,551
4,6,206,46,2019-03-29,89
20,9,207,7,2020-05-13,34
13,2,208,45,2019-10-12,591
8,9,209,50,2020-02-10,22
2,8,210,31,2020-05-21,366
4,5,211,19,2020-06-21,601
1,4,212,47,2019-11-09,945
13,5,213,4,2020-08-25,835
11,7,214,23,2019-04-13,468
16,10,215,39,2020-07-11,945
19,8,216,29,2020-10-11,523
16,10,217,15,2019-07-29,794
1,8,218,15,2019-06-14,590
13,2,219,31,2019-03-19,469
9,2,220,40,2019-06-05,907
4,5,221,8,2019-09-08,764
9,9,222,39,2020-11-08,398
2,7,223,46,2019-02-28,460
3,1,224,28,2020-10-16,957
8,8,225,31,2019-12-12,394
4,7,226,13,2019-10-10,68
16,3,227,28,2020-11-30,46
4,4,228,47,2019-08-06,27
20,5,229,9,2019-05-16,219
17,6,230,24,2019-12-17,304
14,6,231,49,2020-10-02,407
17,9,232,35,2020-10-12,482
14,2,233,12,2020-03-10,261
18,6,234,42,2020-02-24,483
1,7,235,14,2020-11-07,306
8,6,236,2,2019-10-28,125
7,1,237,31,2020-03-25,846
16,5,238,23,2020-09-15,849
16,7,239,1,2020-01-16,551
12,2,240,4,2020-08-14,389
12,5,241,43,2019-07-21,540
17,10,242,8,2019-09-28,308
18,8,243,22,2020-05-06,87
4,1,244,8,2020-08-13,193
7,5,245,11,2019-02-24,969
15,8,246,43,2019-08-14,99
16,10,247,8,2020-04-05,83
9,3,248,13,2019-12-15,53
13,1,249,5,2019-01-31,259
5,4,250,49,2019-05-13,425
17,8,251,16,2020-07-09,430
17,3,252,34,2020-03-23,367
7,2,253,32,2019-03-18,930
3,2,254,15,2019-05-30,95
6,8,255,49,2019-05-15,230
8,1,256,25,2019-10-19,142
5,10,257,44,2020-07-31,309
10,6,258,36,2020-02-20,783
15,7,259,29,2019-10-03,600
12,4,260,20,2019-06-22,260
19,3,261,42,2020-06-04,301
18,6,262,44,2020-10-23,57
15,8,263,35,2020-02-12,649
15,10,264,32,2019-11-15,156
19,2,265,21,2020-01-07,112
11,3,266,41,2020-11-20,345
20,1,267,36,2020-04-04,29
9,9,268,35,2019-03-04,349
19,3,269,4,2020-12-04,241
15,2,270,5,2019-09-11,523
3,3,271,31,2020-10-10,413
3,8,272,1,2019-08-30,452
11,1,273,32,2019-10-28,287
14,1,274,43,2019-10-07,461
5,7,275,20,2019-10-04,290
1,2,276,25,2020-06-16,483
5,3,277,46,2019-02-03,883
1,1,278,25,2020-01-21,72
16,5,279,20,2019-03-21,147
3,7,280,24,2020-04-28,135
15,1,281,16,2020-02-18,101
8,7,282,8,2019-03-17,734
8,8,283,47,2019-10-29,603
18,1,284,8,2019-07-22,804
13,3,285,25,2019-01-08,704
19,2,286,7,2019-05-15,72
2,8,287,37,2020-07-08,73
10,9,288,6,2019-12-21,132
18,3,289,31,2020-05-10,432
5,5,290,46,2020-08-29,21
19,9,291,30,2020-02-21,836
8,2,292,10,2019-11-18,758
4,5,293,20,2020-07-13,180
9,2,294,20,2020-11-03,365
19,3,295,16,2019-12-15,869
2,5,296,50,2020-08-31,587
12,3,297,19,2020-12-01,749
2,7,298,42,2020-06-06,734
13,3,299,28,2020-06-27,718
6,2,300,1,2020-10-20,396
10,3,301,36,2019-04-16,87
7,2,302,42,2020-09-23,691
8,9,303,42,2019-11-25,727
17,2,304,33,2019-03-14,37
18,9,305,1,2020-05-31,493
2,6,306,22,2020-03-05,456
14,7,307,21,2020-07-04,145
4,6,308,45,2020-07-20,461
20,2,309,37,2019-03-01,615
6,8,310,43,2019-10-09,552
13,2,311,15,2019-04-18,818
16,9,312,45,2019-12-20,148
12,1,313,2,2020-07-17,632
20,3,314,36,2019-07-19,739
18,2,315,8,2019-12-11,290
4,2,316,29,2019-11-11,589
11,9,317,4,2019-08-04,135
4,4,318,29,2019-10-30,797
7,5,319,4,2020-09-20,696
10,6,320,22,2020-01-21,495
9,2,321,43,2020-06-30,562
12,4,322,3,2020-02-03,341
10,2,323,3,2020-03-25,695
5,10,324,7,2020-10-05,240
6,6,325,17,2019-07-14,291
12,7,326,3,2020-11-24,819
15,7,327,15,2020-02-12,187
11,7,328,16,2019-11-07,655
8,2,329,43,2019-05-20,598
3,9,330,26,2020-05-05,733
20,5,331,45,2020-06-25,61
18,5,332,10,2019-12-12,548
9,10,333,22,2020-08-31,936
4,1,334,18,2019-03-12,735
3,1,335,45,2019-09-25,765
3,4,336,22,2019-01-03,130
16,7,337,40,2019-05-23,989
18,2,338,49,2019-01-25,318
8,6,339,27,2020-01-24,514
2,7,340,43,2019-09-22,47
1,10,341,3,2019-11-18,771
14,7,342,21,2019-01-20,943
10,3,343,35,2019-01-29,883
17,8,344,25,2020-12-04,279
20,3,345,29,2020-07-18,686
17,5,346,47,2019-01-24,453
6,7,347,39,2020-03-30,890
16,3,348,12,2019-01-19,849
15,3,349,30,2019-12-19,283
15,7,350,5,2019-09-21,21
10,9,351,23,2019-07-31,751
19,9,352,46,2020-10-11,920
10,2,353,18,2019-10-14,515
18,9,354,2,2020-08-28,671
6,9,355,46,2020-09-26,35
17,6,356,6,2020-09-02,452
7,1,357,15,2020-08-22,270
19,5,358,18,2020-02-27,860
17,2,359,11,2020-09-24,168
9,8,360,39,2019-03-27,188
11,1,361,38,2020-03-06,158
15,7,362,13,2019-12-15,647
9,2,363,35,2020-07-19,869
13,3,364,19,2020-02-28,305
14,6,365,5,2020-11-10,260
5,4,366,17,2020-08-07,128
17,2,367,13,2020-09-26,669
19,3,368,7,2020-10-29,694
18,10,369,25,2020-06-07,525
16,7,370,5,2020-08-15,52
3,8,371,25,2020-02-23,376
16,1,372,43,2019-09-04,839
12,5,373,3,2020-09-30,90
11,8,374,44,2020-09-01,928
13,4,375,20,2020-08-27,524
5,10,376,24,2019-09-07,448
1,1,377,36,2019-07-07,809
11,5,378,49,2020-02-21,414
16,3,379,27,2020-06-18,170
3,2,380,30,2020-03-06,437
15,3,381,26,2020-03-24,352
7,2,382,18,2019-10-19,591
10,3,383,33,2019-03-01,268
20,2,384,7,2020-07-13,286
12,2,385,11,2020-05-07,471
14,5,386,1,2020-01-13,267
6,3,387,6,2019-06-01,608
18,9,388,26,2019-11-18,880
5,8,389,32,2020-06-10,452
4,3,390,11,2019-10-26,205
3,9,391,9,2019-05-13,697
16,6,392,5,2019-11-06,542
11,3,393,37,2019-12-20,303
7,5,394,21,2020-03-08,90
12,5,395,35,2019-10-17,579
11,3,396,27,2019-05-06,78
2,7,397,43,2020-07-20,786
8,8,398,42,2019-11-05,784
10,4,399,28,2020-03-20,829
1,6,400,8,2019-04-19,434
11,9,401,48,2019-05-08,925
14,3,402,15,2020-07-23,68
9,6,403,48,2020-01-03,396
2,9,404,1,2019-09-19,521
9,4,405,45,2020-07-03,589
19,4,406,37,2019-10-08,768
9,6,407,13,2020-09-21,663
7,6,408,20,2019-08-16,121
8,7,409,42,2020-11-20,428
13,2,410,28,2019-03-25,556
3,3,411,25,2019-08-20,532
10,2,412,14,2019-07-13,635
3,4,413,3,2019-11-02,686
14,3,414,10,2019-11-02,54
17,3,415,40,2019-10-28,133
10,10,416,44,2019-02-10,932
5,2,417,14,2020-04-18,244
10,2,418,6,2020-06-04,891
5,10,419,41,2020-07-08,772
18,5,420,9,2019-09-03,73
20,2,421,7,2020-02-24,397
17,6,422,23,2019-06-17,439
3,6,423,47,2019-12-10,802
20,10,424,25,2020-08-06,491
5,5,425,16,2019-10-30,399
1,6,426,49,2019-12-10,377
8,5,427,46,2020-07-17,565
12,5,428,36,2020-01-26,550
13,8,429,44,2020-05-25,544
16,2,430,46,2019-11-17,483
11,8,431,21,2019-07-22,685
11,5,432,5,2020-02-03,214
10,10,433,48,2020-02-05,816
14,5,434,22,2020-09-12,714
9,2,435,22,2020-05-09,288
17,1,436,23,2019-04-16,920
19,2,437,49,2020-06-14,406
7,3,438,49,2019-05-09,559
2,9,439,21,2019-10-01,771
7,9,440,5,2020-01-14,827
14,8,441,44,2019-10-17,957
1,6,442,19,2020-11-01,722
5,7,443,31,2020-01-28,792
15,4,444,30,2020-06-01,921
12,5,445,48,2020-09-09,286
9,10,446,24,2020-07-10,175
13,10,447,19,2020-01-05,939
9,5,448,11,2019-03-02,330
1,5,449,27,2020-02-29,228
18,9,450,35,2020-05-19,298
14,2,451,47,2020-02-09,893
3,7,452,21,2019-08-27,296
4,10,453,26,2020-05-14,87
13,4,454,45,2019-06-19,638
9,3,455,25,2020-11-27,199
10,4,456,12,2019-12-19,124
19,10,457,32,2020-07-22,600
7,6,458,48,2019-09-06,833
11,10,459,11,2019-03-09,493
7,2,460,48,2020-02-08,700
20,6,461,12,2019-05-14,899
7,6,462,16,2020-11-20,668
5,8,463,31,2020-10-16,796
6,2,464,36,2020-11-03,765
19,6,465,25,2020-08-25,289
11,6,466,8,2019-03-19,262
2,2,467,40,2020-10-19,481
16,7,468,19,2019-08-18,96
17,4,469,40,2020-10-17,911
11,8,470,45,2019-08-15,236
2,5,471,42,2020-10-28,869
3,6,472,11,2020-03-15,619
13,4,473,46,2019-07-12,326
3,10,474,42,2020-10-27,29
2,9,475,42,2020-03-28,380
1,10,476,2,2019-01-06,195
7,2,477,3,2019-01-20,367
15,9,478,23,2020-08-12,906
16,3,479,32,2020-08-27,173
16,1,480,6,2019-04-14,919
1,5,481,46,2019-11-26,811
19,7,482,1,2020-10-02,196
14,7,483,43,2019-05-26,341
13,2,484,13,2019-12-01,33
6,5,485,30,2019-07-10,150
9,3,486,48,2019-05-18,503
17,10,487,30,2019-09-26,992
4,7,488,22,2020-05-19,858
6,7,489,29,2019-06-25,475
18,6,490,29,2019-07-17,743
11,5,491,21,2019-03-12,960
15,10,492,47,2019-12-15,526
13,10,493,13,2020-11-15,740
2,10,494,48,2019-09-02,18
16,4,495,26,2019-03-09,571
3,3,496,22,2019-05-13,277
18,9,497,17,2020-10-30,123
11,6,498,42,2020-06-12,415
11,7,499,27,2019-12-27,821
2,9,500,33,2020-09-10,102
13,3,501,22,2020-02-22,689
3,1,502,31,2020-03-18,515
18,3,503,14,2019-09-18,334
5,6,504,44,2019-11-05,361
6,8,505,34,2019-08-01,583
16,6,506,17,2020-12-08,346
16,9,507,38,2019-10-28,924
18,5,508,20,2019-05-04,668
12,8,509,42,2019-08-20,635
13,7,510,49,2019-02-15,427
11,2,511,12,2019-04-10,331
18,2,512,23,2019-05-08,780
10,7,513,39,2020-05-08,594
13,10,514,37,2020-03-26,43
17,2,515,13,2020-06-21,363
14,3,516,42,2019-10-28,696
6,8,517,6,2019-06-22,248
3,9,518,4,2020-10-06,671
15,9,519,48,2019-12-11,378
15,1,520,34,2019-09-07,155
5,1,521,41,2020-02-26,656
12,7,522,24,2019-03-24,323
18,1,523,21,2019-08-03,660
4,4,524,4,2020-06-20,351
6,9,525,4,2019-10-07,328
15,6,526,47,2020-11-07,712
14,5,527,43,2019-03-08,466
19,7,528,14,2020-08-24,433
5,2,529,22,2020-08-19,104
1,2,530,8,2020-10-24,432
2,9,531,12,2020-09-01,778
11,4,532,37,2019-10-18,106
2,10,533,7,2020-09-01,704
17,4,534,21,2019-12-21,96
4,1,535,37,2020-06-04,561
1,8,536,46,2019-08-14,83
2,2,537,21,2020-04-25,886
16,4,538,4,2020-12-05,107
6,8,539,1,2020-03-21,738
10,8,540,34,2019-12-15,166
6,7,541,38,2019-12-19,882
9,10,542,7,2019-06-22,813
5,1,543,43,2019-02-06,64
19,10,544,28,2019-05-27,572
5,9,545,4,2020-08-28,601
1,7,546,22,2019-12-29,379
3,3,547,28,2019-03-08,398
1,8,548,39,2020-06-23,217
19,3,549,47,2020-02-02,44
5,2,550,18,2019-08-17,859
16,10,551,48,2020-08-01,563
6,6,552,9,2020-05-31,115
7,10,553,29,2020-02-17,115
8,2,554,1,2019-12-19,656
10,8,555,28,2019-07-03,405
11,9,556,27,2019-07-13,343
8,1,557,17,2019-01-17,310
10,7,558,27,2020-02-25,53
20,3,559,48,2020-07-03,848
19,4,560,7,2020-06-21,611
14,4,561,43,2019-02-06,728
3,5,562,27,2019-10-14,114
17,8,563,44,2020-01-22,948
7,2,564,14,2020-10-05,22
9,10,565,48,2019-05-12,235
14,4,566,46,2019-10-08,26
3,5,567,40,2020-06-12,125
6,3,568,42,2020-09-04,20
18,4,569,3,2019-10-28,335
6,10,570,26,2019-09-16,517
8,4,571,10,2019-09-21,232
13,1,572,31,2020-03-09,183
20,3,573,8,2019-09-08,599
16,5,574,28,2019-06-01,862
15,1,575,20,2019-04-08,265
6,6,576,34,2019-12-15,372
15,2,577,22,2020-10-11,780
14,3,578,32,2019-12-03,752
14,8,579,7,2019-03-04,41
4,1,580,46,2020-07-18,784
15,10,581,17,2019-11-24,822
8,4,582,7,2019-07-28,717
14,1,583,13,2019-02-09,856
2,2,584,41,2020-02-02,204
16,3,585,24,2020-11-12,315
16,6,586,6,2020-11-05,90
1,6,587,2,2019-05-21,140
6,9,588,8,2019-12-16,924
12,10,589,35,2019-01-20,579
19,1,590,37,2019-04-09,888
15,2,591,23,2020-05-28,633
11,8,592,12,2019-10-26,746
11,4,593,43,2020-12-08,293
2,3,594,7,2019-10-25,290
6,10,595,50,2020-02-15,600
11,1,596,5,2020-03-25,216
19,1,597,38,2019-07-23,767
6,7,598,19,2019-12-29,467
18,9,599,19,2020-10-01,393
5,8,600,17,2019-08-17,931
11,9,601,19,2019-12-02,344
11,9,602,25,2020-05-11,594
12,7,603,16,2019-03-10,834
9,2,604,23,2019-09-18,252
14,6,605,40,2019-06-20,468
6,8,606,20,2019-11-02,459
11,2,607,13,2019-04-29,850
5,9,608,11,2019-11-01,998
8,8,609,49,2020-06-22,775
13,8,610,30,2019-09-09,519
4,9,611,48,2019-08-09,96
19,10,612,10,2019-09-27,279
19,2,613,9,2020-11-07,317
1,3,614,37,2019-07-10,313
14,2,615,14,2020-11-23,578
19,5,616,5,2019-06-17,721
12,2,617,1,2020-04-17,175
5,3,618,40,2020-03-01,297
20,1,619,19,2020-05-12,615
8,4,620,5,2020-11-22,790
4,9,621,26,2019-01-18,400
13,9,622,47,2020-03-27,755
18,8,623,27,2020-03-18,430
18,1,624,19,2019-06-07,39
8,8,625,31,2019-09-30,116
1,4,626,42,2019-05-04,866
10,6,627,35,2020-11-16,345
3,5,628,19,2019-02-21,622
20,2,629,37,2019-05-30,663
19,1,630,21,2019-06-25,727
20,4,631,41,2019-03-02,585
19,9,632,23,2020-07-08,595
16,3,633,15,2020-01-16,855
17,8,634,29,2019-03-01,935
2,7,635,35,2019-11-12,771
6,4,636,12,2020-08-13,238
18,4,637,42,2020-08-02,552
15,10,638,24,2019-06-20,403
4,5,639,4,2019-09-25,779
9,7,640,25,2019-08-01,450
5,3,641,28,2020-06-25,683
13,8,642,27,2019-12-26,843
9,1,643,16,2020-08-27,375
6,5,644,38,2020-09-14,216
7,2,645,37,2019-03-14,37
3,10,646,33,2019-07-18,242
1,8,647,50,2019-06-01,84
6,7,648,32,2020-01-28,901
5,1,649,41,2019-07-19,31
14,2,650,12,2019-12-17,51
5,8,651,15,2019-09-06,850
12,5,652,20,2020-07-20,18
19,5,653,34,2020-06-05,329
13,4,654,41,2020-08-25,751
10,2,655,49,2019-02-05,250
3,8,656,32,2020-01-18,285
6,7,657,22,2019-04-20,620
5,7,658,16,2020-02-02,599
12,2,659,40,2019-11-27,398
16,3,660,25,2020-03-27,276
8,9,661,25,2019-01-27,656
16,6,662,17,2020-09-23,828
1,3,663,38,2020-08-06,923
1,1,664,16,2019-04-12,983
20,4,665,12,2020-07-20,227
16,7,666,11,2020-05-02,512
10,10,667,33,2020-02-05,195
7,10,668,12,2019-02-08,274
4,8,669,13,2019-12-10,967
4,8,670,46,2019-05-08,652
1,7,671,9,2019-11-19,970
16,6,672,27,2019-04-17,766
1,9,673,48,2019-12-04,86
16,4,674,20,2019-12-27,693
14,3,675,4,2019-02-02,92
18,9,676,31,2019-09-06,45
12,2,677,32,2019-02-19,918
9,3,678,37,2020-12-05,258
1,9,679,10,2020-11-24,76
19,5,680,6,2020-03-19,673
16,3,681,15,2020-08-06,40
13,8,682,50,2020-03-31,680
20,3,683,14,2020-02-06,552
15,2,684,4,2019-10-30,930
10,9,685,7,2020-07-30,277
3,10,686,12,2020-03-06,36
3,2,687,31,2019-09-16,499
3,6,688,34,2020-03-03,321
16,3,689,24,2020-06-16,219
8,9,690,9,2019-07-23,820
13,7,691,11,2020-02-26,290
1,6,692,30,2020-10-16,597
6,6,693,1,2020-09-25,92
20,6,694,18,2019-04-11,776
17,9,695,25,2019-07-06,787
3,1,696,16,2020-02-17,928
6,5,697,22,2020-03-30,502
20,9,698,15,2019-08-27,196
5,10,699,34,2020-11-07,202
17,9,700,2,2020-04-09,638
14,4,701,25,2020-05-24,92
6,7,702,17,2020-03-03,826
18,9,703,15,2019-08-27,690
9,6,704,31,2019-11-21,388
8,5,705,42,2020-01-11,68
9,8,706,19,2019-06-08,724
19,9,707,16,2020-08-10,665
8,7,708,49,2019-04-09,546
2,8,709,7,2019-10-29,608
16,7,710,1,2020-04-17,804
6,9,711,2,2020-06-03,303
14,5,712,7,2019-04-23,327
13,4,713,23,2019-03-12,969
16,6,714,42,2019-10-06,817
11,1,715,25,2019-11-11,372
5,10,716,31,2019-02-20,951
11,6,717,31,2020-01-05,588
4,3,718,6,2020-04-26,76
12,1,719,5,2020-05-31,609
20,9,720,47,2019-06-16,98
18,9,721,40,2019-08-20,984
3,2,722,50,2020-02-14,607
11,8,723,43,2019-02-02,259
14,6,724,26,2020-09-27,778
12,3,725,29,2020-02-27,353
1,9,726,14,2020-09-19,888
9,6,727,46,2019-11-20,220
4,5,728,47,2020-11-10,921
15,2,729,39,2020-03-11,189
19,6,730,30,2020-09-21,570
12,3,731,9,2020-05-14,196
9,10,732,42,2020-05-12,117
7,2,733,22,2019-07-22,489
18,9,734,15,2019-03-11,944
15,9,735,39,2020-10-17,356
5,2,736,41,2020-06-22,235
1,5,737,23,2019-06-05,411
6,8,738,6,2019-09-08,13
16,8,739,42,2019-06-01,816
14,9,740,38,2020-10-09,605
18,1,741,39,2020-01-23,596
10,3,742,21,2019-01-22,214
17,2,743,37,2019-01-23,495
1,6,744,41,2020-10-10,56
5,5,745,44,2020-04-03,215
15,9,746,26,2019-03-09,484
1,7,747,8,2020-05-29,868
1,9,748,48,2019-01-29,491
4,4,749,24,2020-01-11,133
16,1,750,42,2019-03-10,271
9,8,751,21,2020-02-12,731
9,1,752,32,2020-03-02,80
7,5,753,27,2019-04-12,572
2,9,754,31,2020-04-14,164
10,2,755,35,2019-01-28,564
2,6,756,50,2019-10-23,979
14,3,757,28,2020-07-18,836
6,9,758,21,2020-01-20,629
2,9,759,49,2019-11-20,403
17,1,760,13,2020-11-19,704
20,8,761,30,2020-09-08,986
5,8,762,32,2020-01-30,786
6,7,763,30,2019-08-03,927
18,1,764,43,2020-03-19,608
11,8,765,20,2019-02-07,743
16,8,766,6,2019-11-02,993
7,8,767,29,2019-05-27,971
14,1,768,28,2020-10-03,211
8,5,769,18,2020-10-08,811
19,10,770,15,2020-03-04,801
8,7,771,50,2019-08-02,192
10,7,772,9,2020-05-13,482
1,6,773,10,2019-10-09,383
18,9,774,36,2019-08-05,129
10,10,775,46,2019-02-12,190
1,1,776,38,2019-01-26,425
6,6,777,18,2019-06-26,208
18,3,778,29,2019-11-26,863
12,9,779,48,2020-06-19,881
2,10,780,46,2020-09-29,151
14,7,781,13,2020-05-01,580
2,1,782,2,2019-12-02,739
6,9,783,3,2019-12-10,57
5,5,784,43,2020-09-04,705
9,4,785,5,2019-04-12,157
17,8,786,40,2019-06-15,40
1,10,787,1,2019-10-19,175
9,4,788,46,2020-10-27,708
2,4,789,8,2019-11-18,235
14,9,790,38,2019-03-26,861
20,3,791,50,2020-09-28,143
1,7,792,26,2020-11-01,603
12,8,793,26,2019-02-06,407
13,9,794,28,2019-07-04,283
19,1,795,41,2020-06-30,936
13,3,796,36,2019-08-25,474
8,7,797,28,2019-06-11,148
4,6,798,19,2020-11-28,287
13,2,799,17,2020-05-19,115
19,4,800,50,2020-01-02,914
3,9,801,14,2019-10-24,451
11,9,802,4,2020-02-13,979
18,2,803,10,2019-03-12,447
19,8,804,41,2020-12-01,789
18,9,805,3,2020-01-10,408
4,4,806,1,2020-08-03,113
5,1,807,6,2019-01-08,233
3,10,808,25,2019-02-27,173
19,10,809,29,2019-05-08,629
14,9,810,11,2020-09-17,462
10,10,811,7,2019-08-12,763
9,5,812,28,2020-02-15,881
6,3,813,40,2019-02-09,399
6,3,814,37,2020-03-12,99
18,8,815,17,2019-11-24,32
10,10,816,25,2020-10-20,673
5,1,817,49,2019-05-07,967
8,1,818,36,2020-07-30,534
11,8,819,32,2020-11-13,619
6,1,820,22,2019-03-20,768
17,2,821,27,2019-02-15,817
1,1,822,20,2020-02-22,545
8,6,823,11,2019-07-08,119
2,8,824,43,2019-11-27,907
20,10,825,48,2019-08-21,713
20,6,826,13,2019-04-15,478
3,1,827,48,2019-01-31,124
20,6,828,35,2019-12-28,23
9,8,829,1,2020-11-28,553
13,2,830,20,2019-04-10,930
7,5,831,26,2019-05-19,495
14,2,832,19,2020-06-22,746
7,10,833,50,2020-08-01,850
2,8,834,38,2020-07-19,337
5,6,835,35,2020-05-06,190
19,8,836,3,2020-08-30,351
8,1,837,6,2020-10-07,701
14,5,838,1,2020-10-09,939
14,10,839,4,2020-11-24,676
5,9,840,42,2019-01-13,886
7,10,841,39,2019-05-09,763
2,10,842,17,2020-11-28,324
5,8,843,18,2020-03-07,337
12,8,844,49,2019-07-26,739
18,2,845,14,2019-05-17,324
1,4,846,25,2020-01-04,824
7,8,847,41,2019-01-02,788
18,9,848,7,2019-02-19,223
2,8,849,42,2019-03-18,684
14,1,850,13,2020-08-26,626
2,8,851,3,2020-03-12,331
19,3,852,35,2019-12-25,359
19,5,853,40,2020-04-24,569
9,1,854,42,2019-08-29,450
10,4,855,49,2020-08-16,182
19,1,856,40,2020-10-11,134
14,2,857,11,2020-07-14,90
12,9,858,44,2020-01-25,940
20,7,859,4,2020-03-29,569
10,4,860,5,2020-06-24,82
3,4,861,22,2019-08-11,444
3,10,862,20,2020-07-22,644
7,6,863,45,2020-08-20,398
14,5,864,34,2019-02-06,358
9,3,865,29,2020-02-06,718
10,3,866,33,2019-05-31,236
10,6,867,11,2019-12-26,191
5,6,868,9,2020-01-22,401
14,2,869,19,2019-10-11,689
7,8,870,38,2019-01-04,367
1,1,871,2,2020-04-13,491
16,8,872,41,2019-04-16,851
6,10,873,25,2019-12-10,408
5,7,874,14,2020-07-16,847
8,2,875,34,2020-03-27,96
1,8,876,37,2019-09-17,146
16,1,877,1,2020-12-06,365
4,4,878,38,2020-08-14,887
17,6,879,36,2019-11-10,370
20,4,880,19,2020-05-17,479
20,4,881,50,2019-07-11,236
19,8,882,16,2019-02-28,742
20,10,883,9,2020-05-13,567
14,1,884,19,2019-11-08,743
16,2,885,35,2020-11-14,816
3,3,886,8,2020-04-04,958
9,2,887,1,2020-06-08,139
6,7,888,4,2020-07-15,388
4,10,889,7,2020-12-05,557
7,2,890,9,2019-07-13,773
7,5,891,3,2020-07-06,902
2,1,892,49,2020-01-12,684
20,5,893,28,2020-08-10,61
15,8,894,46,2019-01-19,305
13,9,895,17,2019-04-30,549
19,8,896,18,2019-09-26,154
10,7,897,7,2019-08-19,148
11,1,898,26,2019-05-17,696
8,10,899,17,2019-02-12,594
4,9,900,49,2019-09-27,987
16,6,901,1,2020-07-22,136
1,7,902,45,2019-05-18,699
10,1,903,31,2020-03-02,48
7,3,904,40,2019-11-21,794
10,7,905,40,2019-05-21,723
17,6,906,25,2020-12-06,852
20,6,907,34,2020-09-08,106
8,1,908,36,2019-11-13,163
3,9,909,26,2019-03-03,235
6,3,910,46,2019-08-15,301
10,4,911,31,2020-05-11,998
10,10,912,18,2019-01-21,519
6,3,913,19,2019-05-18,911
14,4,914,4,2019-12-16,561
14,3,915,40,2020-11-12,16
17,1,916,5,2020-11-06,834
3,5,917,20,2019-04-18,428
7,5,918,11,2020-05-18,980
5,6,919,44,2020-04-21,673
13,8,920,48,2019-02-10,777
7,3,921,36,2020-02-18,65
1,2,922,7,2020-05-20,47
5,9,923,4,2019-10-23,799
6,10,924,13,2020-03-03,483
7,10,925,16,2019-10-05,222
10,7,926,10,2019-12-24,956
8,3,927,10,2020-07-22,259
4,6,928,48,2020-03-03,246
7,7,929,22,2020-02-05,21
10,6,930,26,2019-08-20,603
17,8,931,1,2019-11-11,731
18,9,932,9,2020-01-13,545
8,8,933,40,2019-01-11,790
2,4,934,6,2019-02-18,968
12,9,935,50,2020-07-21,871
2,9,936,19,2019-05-30,905
17,3,937,25,2019-02-03,994
15,2,938,49,2019-01-24,363
16,10,939,47,2019-11-06,244
17,7,940,27,2020-11-02,503
19,1,941,40,2020-02-18,127
16,4,942,6,2019-10-22,280
5,9,943,17,2019-02-13,241
15,7,944,15,2020-03-25,695
19,10,945,5,2019-12-10,235
12,10,946,12,2020-06-27,751
1,1,947,31,2020-09-27,971
7,4,948,18,2019-08-28,984
18,1,949,6,2020-08-12,819
2,8,950,41,2020-09-26,98
8,3,951,46,2020-11-17,677
3,6,952,48,2019-07-06,830
2,4,953,20,2020-07-11,559
19,1,954,10,2020-07-26,179
13,5,955,22,2019-02-06,708
12,4,956,7,2020-09-19,791
10,8,957,35,2019-10-23,975
11,1,958,3,2019-07-10,429
5,9,959,37,2020-05-19,306
18,4,960,6,2019-02-10,327
15,3,961,28,2019-04-08,201
5,4,962,38,2020-04-17,290
3,7,963,14,2019-05-22,888
13,1,964,15,2019-06-08,859
4,1,965,27,2019-03-06,982
15,5,966,12,2019-08-26,58
16,9,967,31,2019-11-09,15
8,9,968,4,2019-02-26,613
10,7,969,2,2019-03-30,483
17,3,970,6,2020-09-29,759
4,3,971,39,2020-06-17,387
19,4,972,31,2019-02-28,203
16,3,973,21,2020-09-25,399
8,9,974,46,2019-08-06,566
3,10,975,49,2020-03-14,777
7,9,976,29,2019-09-13,330
3,6,977,12,2020-03-17,61
13,9,978,9,2019-06-25,109
1,4,979,3,2019-09-19,603
17,6,980,13,2020-03-14,91
14,4,981,48,2020-05-01,81
10,6,982,14,2020-04-03,931
11,7,983,26,2020-01-27,977
12,2,984,24,2020-11-26,129
9,3,985,8,2019-07-07,554
16,6,986,3,2020-06-29,564
2,9,987,10,2019-07-25,132
11,1,988,35,2019-03-31,154
20,7,989,45,2019-08-20,377
6,10,990,24,2019-04-16,621
11,2,991,42,2020-04-07,855
13,5,992,6,2019-06-11,106
4,1,993,47,2020-05-11,606
2,4,994,33,2020-03-05,912
18,2,995,40,2019-12-05,142
20,7,996,19,2019-01-12,741
14,9,997,6,2019-09-28,835
14,1,998,1,2020-01-19,530
16,5,999,26,2019-07-15,371
17,1,1000,19,2019-02-21,729