id_partido,id_jugador,tiempo_juego,distancia_recorrida,goles
296,219,73,29,3
212,63,53,20,0
405,444,74,18,1
765,227,46,25,0
27,932,85,10,0
117,691,44,10,0
682,635,19,20,0
474,886,84,29,0
599,76,9,16,3
351,346,45,26,2
679,323,80,25,1
101,236,88,17,1
908,128,49,21,2
754,258,36,20,2
654,625,6,12,2
932,175,12,21,1
991,471,3,29,0
114,630,42,19,1
300,123,36,20,0
45,297,21,10,0
486,980,87,10,3
775,717,77,11,3
755,907,22,15,1
213,36,16,30,2
347,414,79,27,2
954,465,20,19,1
101,149,29,20,1
990,116,89,11,2
289,860,62,27,2
875,273,81,21,3
811,657,69,23,1
222,729,57,12,3
550,381,32,26,2
172,540,30,25,1
408,664,17,10,1
696,381,45,21,2
6,802,48,11,1
494,508,35,10,0
846,1000,18,14,3
334,748,48,28,0
292,272,31,17,1
343,533,24,30,3
72,240,20,29,1
690,626,27,26,2
232,904,12,30,1
421,192,33,15,2
610,684,40,25,1
270,617,65,26,1
717,156,76,27,0
705,781,55,10,2
982,461,15,23,0
234,490,85,25,3
629,277,90,23,3
406,283,62,22,0
754,779,60,25,0
383,319,42,20,0
839,932,15,30,3
570,689,52,28,1
924,391,81,11,3
333,132,79,30,0
618,493,23,23,2
323,791,39,23,2
837,696,67,24,0
454,199,1,14,3
880,375,75,21,0
649,636,26,27,3
433,119,2,28,2
691,590,5,15,2
677,715,82,24,0
166,439,24,10,1
951,488,54,12,0
812,389,15,12,3
9,889,82,25,1
973,276,29,20,3
308,42,13,11,2
304,508,16,10,3
783,129,41,11,0
354,133,61,18,0
394,839,73,11,2
907,541,37,30,2
267,995,9,16,3
758,826,69,11,1
762,178,68,22,0
35,159,29,26,2
691,394,43,13,2
156,447,30,21,3
877,377,58,21,0
371,330,44,25,3
984,339,71,18,2
761,34,28,15,1
160,23,12,14,1
934,440,67,16,0
662,264,52,23,3
650,247,88,20,2
634,537,50,29,2
495,920,77,25,2
534,858,80,10,2
109,554,45,27,3
122,432,66,18,1
331,985,55,17,0
859,219,31,25,0
643,421,18,22,1
210,742,34,30,1
476,655,33,13,3
388,616,51,24,2
642,788,59,28,1
621,364,17,30,1
726,164,83,22,3
991,662,79,25,1
720,418,22,21,0
236,16,40,29,1
778,173,42,18,2
722,270,64,20,2
263,890,47,28,1
792,857,55,24,1
217,455,39,26,0
4,543,2,19,3
345,2,59,20,2
874,86,38,30,3
140,656,77,25,0
831,698,16,17,3
467,365,73,21,0
336,365,82,17,3
3,836,18,17,2
274,146,59,28,2
834,440,32,25,3
242,874,5,21,1
583,508,22,15,3
50,302,80,21,1
890,924,71,18,3
935,739,89,24,3
190,662,67,23,0
877,558,26,12,0
921,694,76,21,0
353,130,53,16,3
710,293,86,18,1
43,375,52,21,3
255,965,14,24,2
7,284,76,20,0
611,797,84,13,3
61,601,84,19,3
883,40,25,19,2
134,227,19,20,0
325,109,45,13,0
768,170,15,15,3
290,718,44,14,0
207,293,90,25,3
864,579,47,27,0
783,106,1,13,2
949,124,63,12,3
294,822,80,23,2
525,714,60,10,3
750,43,38,12,2
146,224,5,29,0
368,871,68,16,3
66,611,51,16,1
38,953,53,29,2
858,757,72,27,3
384,567,46,26,3
549,656,68,10,0
605,624,69,17,2
857,232,53,21,3
56,738,47,25,1
932,246,22,17,1
523,474,64,23,0
384,343,80,23,2
666,186,22,17,3
909,513,63,16,1
857,107,7,12,0
775,719,1,12,3
827,891,89,12,2
131,886,66,16,1
124,929,23,17,2
37,857,88,17,2
632,824,65,18,2
529,195,83,11,0
941,164,25,21,1
757,603,75,18,1
983,431,10,28,0
752,578,17,21,0
357,597,17,14,2
63,996,67,27,3
833,987,39,10,0
190,649,51,18,2
277,192,22,27,3
819,147,63,23,1
762,420,46,18,2
627,1,48,25,3
47,632,5,28,3
136,857,16,25,2
131,200,88,24,1
233,352,50,15,0
18,634,2,15,2
426,636,44,28,1
717,950,75,12,2
365,170,27,20,2
726,938,63,21,3
38,166,51,19,1
846,365,28,13,0
17,380,86,26,1
182,76,60,22,3
885,624,48,28,0
361,671,58,22,2
186,788,54,13,3
581,73,36,29,2
802,890,86,29,1
216,47,72,12,1
414,577,13,28,2
66,67,33,20,1
215,642,10,14,1
115,343,55,26,1
15,978,62,24,0
209,525,34,17,0
781,3,81,12,0
514,287,6,22,0
438,871,85,21,2
930,612,19,21,1
742,941,75,13,2
673,665,61,28,3
72,814,65,10,2
940,831,56,20,3
486,876,46,11,1
198,5,77,23,0
248,553,72,20,1
377,601,77,14,1
75,709,18,15,2
973,161,65,16,0
762,383,25,19,3
640,226,8,18,1
592,161,87,13,0
136,333,87,13,2
144,823,78,12,0
156,70,75,19,1
934,277,42,30,2
153,303,73,15,0
831,869,68,17,0
977,375,46,29,1
567,624,62,26,0
4,734,42,30,1
950,936,60,13,2
12,546,30,10,0
801,921,66,30,0
237,455,83,13,0
983,956,8,28,2
119,553,10,13,0
973,701,11,26,3
152,462,85,20,3
929,291,72,26,2
996,220,18,27,1
389,12,87,28,3
470,106,65,21,3
156,612,57,12,1
825,324,77,15,0
836,30,87,15,2
534,227,23,15,0
462,332,70,30,3
249,913,64,27,0
911,855,77,15,2
64,331,43,25,3
975,687,57,26,3
421,209,25,21,1
914,438,64,23,1
124,788,63,19,2
703,596,72,20,2
172,590,31,20,2
817,921,26,13,1
733,381,41,21,1
776,592,56,19,0
653,98,4,27,2
849,43,45,15,3
138,161,13,15,1
457,915,15,26,1
953,908,11,22,2
353,448,6,10,2
711,321,4,14,0
124,768,56,16,3
244,540,72,12,3
971,769,24,22,0
815,617,10,21,1
757,17,18,28,2
972,61,23,23,3
482,630,18,15,1
68,918,33,11,2
117,565,19,27,0
162,577,40,14,3
104,90,27,28,3
842,254,60,20,1
69,51,43,22,3
288,865,27,28,2
77,91,43,23,1
663,476,51,22,0
652,644,56,19,3
138,55,71,26,3
496,763,81,22,3
310,405,52,17,3
422,560,46,20,3
391,253,42,23,0
873,41,82,11,0
43,158,81,17,3
881,291,82,26,0
33,118,1,18,3
362,655,65,28,3
16,139,77,29,0
5,864,67,10,3
157,591,58,16,2
981,290,68,29,3
917,570,73,27,1
322,48,74,21,0
740,810,21,26,2
864,429,70,19,2
929,225,78,10,1
895,822,30,28,3
211,201,83,14,0
543,45,88,30,1
303,835,49,26,0
578,259,50,29,0
826,551,3,19,1
963,564,2,27,3
244,204,69,12,3
202,511,35,28,3
627,504,63,28,2
662,691,4,24,1
782,578,12,24,0
30,972,32,24,0
90,334,28,17,3
359,899,90,11,2
618,496,75,22,1
748,189,27,25,2
677,266,48,28,2
591,5,56,20,3
58,435,36,16,1
966,715,69,24,3
721,772,3,19,1
604,324,35,18,0
150,141,86,27,3
632,141,58,27,2
353,551,48,21,0
335,56,89,26,3
243,923,52,29,3
60,816,79,20,2
592,449,87,29,1
721,775,88,20,3
831,274,17,21,1
922,534,52,18,3
659,548,85,19,0
953,646,2,19,2
859,910,80,23,0
38,808,83,19,2
411,72,40,24,1
863,831,74,28,1
66,462,16,23,3
299,376,26,26,2
828,253,5,30,2
475,522,6,22,2
517,51,89,21,3
813,508,6,17,1
958,520,18,19,3
928,648,61,26,1
889,525,22,13,3
212,803,40,29,2
705,179,9,14,2
456,995,86,15,0
759,798,62,17,1
886,238,76,16,0
187,994,5,26,2
770,871,30,24,0
434,924,41,15,0
197,913,66,28,1
276,419,70,14,0
767,393,24,21,0
264,322,8,22,2
367,210,79,17,2
541,752,37,27,3
955,765,53,25,2
966,311,64,17,3
900,16,73,12,2
668,292,61,20,3
401,97,44,19,1
427,26,20,21,1
4,418,5,15,1
327,475,42,17,0
469,445,68,23,0
40,108,81,12,3
846,570,58,12,2
642,408,34,12,2
157,583,42,23,0
661,581,38,28,1
177,574,18,22,1
276,866,88,16,1
212,331,78,25,2
535,472,59,21,1
117,681,34,12,2
858,701,7,17,0
884,964,12,29,1
155,402,72,18,3
600,546,6,11,3
990,256,16,19,0
699,59,54,26,3
294,772,89,16,1
394,144,24,27,3
605,224,83,30,2
718,411,31,13,0
76,348,78,19,1
960,817,74,19,2
649,120,11,13,0
844,558,86,20,0
903,476,47,14,3
832,981,6,20,1
309,31,1,23,3
192,426,4,29,3
939,429,39,13,0
516,271,36,23,1
841,388,13,30,0
513,170,5,17,2
117,301,56,18,1
892,946,83,28,3
891,301,90,26,1
532,492,18,24,2
668,365,68,17,2
606,182,86,22,1
256,359,55,19,1
645,725,81,17,2
461,872,6,20,2
308,272,42,30,2
862,825,4,12,3
538,854,80,21,0
246,958,64,27,0
380,344,76,19,0
147,150,14,28,2
211,20,9,24,2
149,163,47,19,1
342,933,48,29,0
83,733,79,11,1
130,753,61,25,3
784,467,45,25,3
879,196,80,29,0
502,279,68,30,3
970,183,9,30,2
600,138,75,25,2
659,470,1,23,3
315,952,66,15,1
160,951,44,18,1
933,589,43,28,1
129,241,36,24,0
89,856,47,13,2
161,27,11,29,3
152,981,69,17,3
51,385,34,15,2
585,616,42,10,1
182,306,41,11,1
850,926,72,23,2
739,180,84,18,3
403,38,47,22,0
61,832,54,29,2
677,879,8,20,1
182,862,70,28,2
660,529,74,27,2
632,782,26,11,3
531,703,13,24,0
991,416,33,13,1
514,367,84,26,2
515,528,48,18,0
650,496,86,14,0
551,877,17,13,2
594,751,25,26,3
485,680,20,16,0
905,259,39,17,0
590,642,27,27,0
177,595,74,15,1
597,191,25,25,2
410,756,70,22,0
696,624,62,12,1
123,959,51,16,2
863,544,58,23,2
641,703,73,11,2
160,492,24,23,0
754,874,15,22,3
358,81,22,23,0
424,356,50,21,2
209,680,72,12,2
385,498,1,11,1
963,302,87,29,2
5,947,24,23,3
786,98,40,30,0
732,751,66,14,3
995,844,65,17,3
43,436,81,24,2
444,146,48,27,0
592,487,30,10,1
282,716,71,12,0
75,764,28,19,3
718,668,12,12,2
28,86,17,16,1
852,826,58,12,2
508,122,12,22,2
985,625,35,14,3
851,784,43,16,3
302,472,80,14,0
350,592,38,19,1
986,932,48,13,3
497,424,47,30,0
607,321,40,19,1
129,476,46,16,2
651,406,30,21,3
243,120,6,28,0
701,381,64,29,2
893,51,22,28,3
41,870,39,27,0
749,369,28,17,3
316,6,59,26,3
328,75,77,24,1
945,147,43,28,2
833,336,2,22,3
615,83,90,18,1
669,161,21,14,0
924,224,12,23,3
574,640,27,25,3
120,777,70,28,0
732,30,87,13,3
491,71,55,22,1
895,839,14,11,0
816,295,32,25,0
639,389,11,30,2
682,154,26,11,0
671,965,65,21,1
311,38,2,27,1
242,491,74,19,0
825,600,35,14,3
710,661,4,20,2
939,446,73,25,1
833,802,42,11,3
303,966,8,26,2
566,552,42,28,2
841,226,35,29,1
258,900,84,28,0
420,813,15,13,0
913,187,34,29,3
635,448,36,19,2
288,133,43,15,2
854,918,68,29,2
340,452,62,23,3
271,271,33,26,2
961,887,42,24,2
373,22,56,23,0
640,397,82,16,3
125,954,37,24,3
544,854,90,15,3
591,858,24,30,3
293,137,14,27,3
150,887,83,17,2
9,563,67,30,0
158,996,48,23,2
570,985,29,11,3
806,298,43,14,2
868,318,17,11,2
100,926,77,26,1
799,235,76,10,0
668,864,69,11,3
345,368,81,16,1
8,141,57,10,2
79,964,66,14,1
374,618,72,15,2
308,981,10,14,3
258,45,27,28,1
174,222,44,20,3
857,550,90,29,1
683,889,45,28,1
312,516,32,24,2
871,554,80,22,0
665,895,58,15,3
496,674,22,25,0
5,946,36,21,0
641,47,25,23,1
487,257,58,24,3
405,306,42,29,2
13,36,82,23,1
698,852,66,19,1
605,146,56,21,1
306,881,8,19,0
50,678,33,16,2
312,333,77,11,3
745,497,70,28,3
590,355,33,17,2
286,86,13,28,2
133,166,6,28,3
109,802,23,14,2
872,276,16,28,0
483,887,80,28,2
997,631,78,17,2
398,763,17,11,0
143,247,67,21,2
355,622,13,30,0
365,244,29,12,1
336,949,78,29,3
939,628,44,20,2
442,221,8,28,1
989,61,60,10,3
115,61,22,20,1
380,469,15,16,2
692,738,66,13,2
688,111,66,13,2
418,263,7,14,1
684,879,88,28,3
983,509,24,13,0
191,97,81,18,3
335,717,66,11,2
240,767,40,26,2
748,23,4,12,3
258,113,11,11,2
414,303,32,25,0
404,348,17,22,0
461,949,79,17,1
687,566,73,17,2
208,9,41,22,1
416,632,55,22,2
775,471,88,29,2
703,391,19,13,2
395,369,84,28,2
586,446,24,27,0
844,526,80,29,2
215,837,6,20,1
577,13,82,13,0
646,842,32,17,3
526,128,63,16,1
173,595,28,21,0
390,461,10,10,2
8,578,77,23,1
566,569,2,22,0
513,67,44,16,0
353,602,23,12,2
450,224,75,17,3
685,403,77,14,0
8,574,44,13,1
334,704,64,23,2
710,669,85,15,1
54,464,24,12,0
425,198,74,27,1
652,947,66,23,0
419,848,40,10,0
186,750,59,23,0
346,362,66,23,0
986,832,36,24,0
146,990,65,26,0
853,289,6,25,1
328,306,68,21,3
997,473,80,27,2
417,442,41,29,3
671,704,25,23,3
132,72,55,18,1
541,384,89,25,3
398,129,17,12,3
969,679,41,27,3
423,48,18,16,1
109,953,65,13,2
399,630,26,21,2
485,722,68,10,2
860,138,17,19,1
143,582,80,18,2
991,630,46,30,1
797,533,49,15,3
865,859,54,23,2
537,963,38,18,0
556,573,3,12,0
137,441,69,28,0
774,804,83,26,0
19,339,46,14,3
375,590,13,20,3
599,969,26,18,0
667,101,27,11,0
500,219,78,26,0
927,244,83,10,0
855,797,52,26,1
996,789,51,17,2
384,153,9,26,3
185,747,67,25,0
464,372,73,10,0
437,627,13,11,1
372,868,39,24,2
81,206,34,11,1
983,668,84,24,2
54,817,49,14,3
505,569,9,18,0
869,384,86,11,2
395,316,75,27,2
533,665,72,12,1
312,309,73,10,0
607,772,56,25,1
320,466,68,10,0
726,913,71,20,3
120,874,80,21,0
515,79,2,13,2
989,2,48,14,2
805,274,30,10,1
997,157,72,25,3
853,374,6,13,1
930,645,33,12,0
237,413,55,13,3
310,222,11,24,0
899,681,75,11,1
537,381,47,10,1
439,303,32,20,2
148,10,32,14,2
922,158,52,22,0
5,940,90,29,2
910,931,18,12,0
990,348,48,26,0
839,551,59,20,1
587,143,70,13,3
777,95,61,22,1
977,983,73,23,1
937,990,36,22,3
620,934,51,17,3
235,294,5,18,1
558,495,16,16,0
216,940,71,27,1
85,194,34,24,0
942,7,86,12,0
765,486,64,22,1
175,904,47,11,1
932,383,76,16,3
434,927,10,17,3
794,593,4,15,3
271,337,40,27,2
698,839,79,13,2
766,974,23,12,3
479,804,18,10,0
432,911,76,25,1
482,542,39,22,0
673,27,71,22,3
640,662,46,29,1
328,818,89,18,3
431,869,68,24,1
891,746,45,22,0
310,536,33,12,1
198,150,65,11,3
649,595,13,19,0
470,352,9,21,3
400,286,3,21,3
693,931,25,20,1
98,838,65,25,3
978,145,5,22,2
654,855,13,18,0
808,308,22,16,0
577,578,44,24,0
67,237,48,23,3
123,872,32,10,2
224,113,26,11,3
418,878,12,19,3
993,777,78,22,0
402,324,68,27,2
753,300,73,25,3
4,779,89,29,0
930,837,56,28,3
541,185,53,15,3
940,233,76,24,2
17,852,65,30,0
103,376,82,28,2
847,83,7,11,1
739,434,18,22,0
488,350,12,25,1
835,691,13,11,1
799,435,28,28,1
480,612,35,16,1
352,920,32,26,0
553,939,8,16,3
431,187,59,22,0
414,855,84,23,1
687,707,83,11,3
70,536,45,23,3
640,43,81,10,0
521,713,76,16,3
38,905,75,17,2
107,6,57,12,1
479,540,60,11,0
481,798,90,24,3
961,666,26,18,0
20,48,47,29,1
569,380,17,27,0
84,221,49,25,1
154,237,48,12,3
825,802,38,29,0
462,825,12,16,3
176,567,35,12,0
911,123,22,21,3
136,767,86,18,0
619,961,17,16,0
245,872,15,26,0
639,438,62,29,2
382,849,89,23,3
283,786,30,30,2
251,585,62,29,3
695,988,25,27,3
285,542,53,28,1
89,412,52,29,0
127,736,58,29,0
877,691,71,28,0
513,80,46,16,1
695,82,41,22,0
813,59,32,16,0
994,91,1,28,0
282,948,2,20,1
212,689,64,24,1
548,252,25,11,0
296,47,32,16,0
135,429,55,13,0
725,210,17,28,1
672,599,51,29,2
362,267,20,30,3
799,918,54,30,0
545,253,76,11,2
549,580,4,11,2
173,691,67,16,2
409,943,32,29,0
703,953,35,23,2
752,231,82,27,3
390,979,69,11,2
802,672,37,13,0
988,445,64,17,0
867,824,63,22,3
492,577,30,17,3
460,176,24,27,1
626,985,55,29,1
872,293,26,19,2
323,559,69,16,3
99,991,28,27,0
366,45,12,21,2
633,629,15,29,0
210,609,32,26,1
165,6,74,25,3
695,650,20,15,3
32,664,48,25,1
739,321,69,15,0
690,48,7,20,2
417,749,78,11,3
417,758,65,29,3
675,10,1,18,1
879,527,75,22,3
404,343,86,17,2
504,142,76,18,3
323,535,5,14,2
254,634,22,29,1
141,352,36,23,1
355,917,12,25,3
122,498,26,14,0
808,571,86,28,1
287,786,74,26,3
406,936,44,13,2
142,935,52,17,0
114,578,77,12,3
630,351,78,11,0
292,996,10,21,2
238,550,72,10,2
18,775,82,21,3
811,276,54,27,3
959,834,65,12,3
89,838,66,22,3
414,297,9,14,1
159,3,2,21,1
462,204,1,24,0
393,428,85,30,0
140,541,20,22,0
31,806,62,17,1
397,534,56,10,0
302,836,27,23,2
25,375,3,20,2
736,878,73,25,0
516,385,22,22,2
892,631,15,27,3
846,92,22,14,2
49,55,85,16,1
151,474,81,30,2
648,946,90,19,0
911,128,52,18,3
610,831,50,13,1
131,245,11,15,2
995,913,31,26,1
860,854,32,10,3
684,47,22,20,2
297,360,46,29,0
501,410,52,19,2
444,177,68,26,2
816,837,36,11,1
447,79,42,20,3
839,306,51,24,1
816,821,78,27,3
915,125,10,14,3
230,379,66,11,1
94,702,72,18,1
339,552,20,19,2
166,767,48,24,0
952,340,60,26,1
106,716,70,26,1
460,260,76,10,0
974,107,69,13,2
786,531,82,16,1
550,607,44,27,0
912,955,5,26,3
741,414,15,14,2
873,776,60,16,0
216,765,20,30,0
958,104,6,24,2
192,374,56,18,3
187,844,58,25,3
562,9,79,30,3
984,886,72,21,1
22,151,80,28,3
51,598,32,28,2
468,741,34,23,3
843,506,30,22,3
215,121,47,28,1
774,447,12,26,2
509,808,17,23,1
724,976,74,14,2
821,322,8,25,3
264,497,8,13,2
757,814,11,17,0
810,296,86,15,1
736,257,40,17,1
408,784,33,11,0
755,92,21,25,3
31,147,64,14,0
508,690,61,14,3
236,870,81,29,1
87,428,58,26,0
525,572,20,10,3
12,635,59,27,3
802,754,13,14,0
325,344,71,13,2
937,341,69,16,2
737,935,52,15,1
398,543,65,16,2
60,875,53,28,0
6,616,45,21,1
556,244,77,14,1
236,750,16,13,3
694,350,79,17,1
106,160,76,17,2
45,45,41,27,2
604,558,15,23,0
821,916,5,24,1
406,209,86,25,0
735,338,64,16,1
169,114,42,29,2
405,374,81,26,0
829,54,12,15,3
38,597,64,26,0
726,385,7,20,3
54,554,9,16,1
59,224,28,12,1
297,333,5,10,2
187,748,88,16,1
647,354,2,26,3
445,407,73,22,2
344,206,27,27,0
873,982,50,12,3
211,26,73,19,1
783,139,89,19,0
269,341,13,26,1
919,24,18,22,0
913,455,5,30,3
699,916,79,20,3
842,395,50,20,1
992,380,38,25,0
912,801,37,30,1
815,585,7,13,2
172,3,14,28,3
390,137,81,28,0
893,973,24,24,1
989,847,83,16,1
702,957,10,25,1
346,798,80,14,1
536,314,80,28,3
901,327,85,15,2
812,886,22,29,3
838,52,70,22,2
735,179,72,27,1
463,181,80,10,3
396,988,29,16,3
48,959,51,20,2
331,749,62,20,0
33,764,34,16,2
747,593,55,17,3
323,443,8,25,0
157,616,10,15,0
23,399,70,21,3
122,682,58,22,0
234,125,35,20,3
800,921,23,22,1
529,292,76,28,0
57,95,11,20,1
478,567,61,27,3
957,124,44,12,3
620,397,4,13,2
958,373,51,28,1
462,874,48,18,1
206,990,16,26,1
495,5,67,20,0
905,312,27,14,0
592,887,60,24,3
24,917,67,27,0
956,774,1,18,3
392,454,27,28,1
524,359,82,30,0
934,156,81,13,1
433,272,32,19,0
313,242,5,16,0
774,964,37,28,1
368,791,54,17,2
697,179,51,21,3
446,30,79,16,2
577,617,3,11,0
623,931,16,30,1
395,643,46,21,2
393,891,14,12,0
901,519,75,19,0
993,82,63,25,0
548,916,36,19,1
913,298,63,14,1
703,172,84,10,2
186,875,63,11,2
892,801,8,17,1
742,985,65,14,1
377,588,87,24,0
72,858,88,14,0
29,550,9,11,0
263,535,8,22,0
358,608,81,17,1
470,880,18,27,1
352,880,79,11,0
246,181,46,14,1
584,755,2,18,3
499,876,17,27,0
79,467,76,10,2
434,780,31,20,0
237,366,58,30,1
267,614,58,26,1
492,931,51,29,2
527,517,60,19,1
708,734,67,25,0
166,666,28,22,3
359,382,40,28,0
877,713,63,17,2
422,271,19,15,0
385,193,59,20,2
571,742,85,27,2
11,144,77,21,3
194,55,38,22,3
149,181,35,11,0
301,966,44,18,2
420,526,45,19,3
206,621,35,21,3
476,665,76,18,0
299,310,17,16,1
224,430,10,23,1
477,249,83,19,2
1000,702,7,12,0
473,911,27,24,2
173,755,36,20,3
309,282,88,25,0
100,69,2,10,0
682,548,5,27,1
20,206,35,20,2
345,599,62,25,0
677,137,34,26,2
231,29,81,29,3
798,472,24,11,1
851,693,75,12,0
989,321,73,19,0
758,639,58,29,1
678,777,87,16,2
951,630,55,21,2
144,665,48,17,0
339,105,34,24,0
444,102,50,21,1
865,284,81,24,0
109,904,87,28,3
595,880,69,11,2
440,42,5,18,1
68,508,12,15,1
669,987,78,20,3
827,193,20,18,3
786,903,25,25,0
496,736,5,19,3
60,494,31,26,1
220,946,22,19,2
303,392,32,16,1
910,212,80,27,1
661,557,88,26,0
992,313,27,15,0
37,467,41,12,2
645,476,62,13,2
686,47,47,11,0
94,839,58,19,0
426,61,21,26,1
472,168,29,13,0
656,496,73,21,0
976,570,51,23,2
717,754,34,10,0
965,385,29,25,1
235,860,60,12,2
675,850,70,22,3
727,383,86,25,0
568,223,82,13,3
161,184,35,19,2
777,992,45,24,3
186,327,10,14,3
931,143,18,30,1
94,148,38,28,3
757,830,15,16,0
117,92,79,11,0
8,50,38,17,3
110,872,69,29,3
257,601,9,21,0
638,876,86,11,1
123,705,6,14,2
729,185,48,18,1
876,87,19,22,2
949,230,41,26,3
597,462,21,20,0
201,591,7,13,2
470,216,25,24,2
573,960,40,11,3
228,438,46,30,1
458,563,19,28,0
200,499,80,22,1
417,924,19,19,3
55,563,81,18,0
418,191,81,26,0
520,968,41,24,2
701,96,50,13,0
347,372,77,29,1
800,158,20,21,2
589,684,22,13,1
70,593,83,24,2
521,158,79,19,1
812,152,76,25,1
827,696,88,27,1
720,399,11,13,2
929,866,69,25,2
806,726,76,23,3
519,596,36,14,0
327,68,16,23,1
495,286,81,16,1
572,14,57,27,0
279,664,36,28,1
628,701,10,19,2
573,15,67,20,1
258,31,52,26,2
494,722,74,27,1
408,885,21,28,2
240,15,68,10,0
954,758,47,25,2
46,775,15,15,2
895,955,36,19,0
376,368,81,13,1
569,176,77,18,1
577,321,30,10,0
676,433,53,14,2
700,655,72,29,2
928,53,74,13,0
410,381,32,25,0
446,457,38,14,0
929,655,85,13,1
666,374,21,23,0
542,774,7,15,0
507,163,2,14,1
208,243,43,10,2
784,67,27,11,1
265,373,67,13,1
90,610,84,14,2
167,549,60,20,3
268,608,17,23,3
288,395,58,28,2
261,578,30,16,3
558,612,86,27,0
288,147,44,17,0
837,77,11,21,1
583,575,62,11,3
438,590,39,30,0
614,752,56,26,1
467,411,3,29,2
395,207,18,23,0
698,864,76,21,0
958,527,47,18,1
752,307,73,28,0
412,127,55,27,3
518,60,83,12,2
107,149,27,16,0
361,32,78,30,2
925,994,1,10,0
94,113,47,24,3
671,480,86,21,2
298,299,21,20,1
957,270,82,20,3
890,678,9,21,3
4,990,51,25,3
251,793,7,27,0
766,741,55,10,0
373,821,48,16,0
588,614,56,22,0
545,280,21,25,3
591,359,43,24,2
784,688,46,23,2
375,896,79,12,2
147,562,64,14,0
30,739,61,15,2
478,795,22,10,1
782,499,5,29,3
46,300,33,28,1
444,218,42,25,0
100,599,2,19,3
204,816,13,14,2
653,323,15,15,3
137,470,44,18,1
149,533,1,11,1
213,547,35,27,1
196,795,88,21,0
993,791,80,18,3
230,286,54,23,2
145,286,42,28,3
935,885,10,26,0
173,336,78,14,2
655,175,58,25,0
178,891,17,10,2
327,312,56,28,1
972,684,6,29,0
171,332,2,28,1
417,849,57,13,2
107,206,40,18,2
732,776,3,25,2
27,305,60,29,3
236,299,65,14,0
831,315,54,28,3
369,943,82,28,2
259,566,28,28,1
659,240,74,14,0
245,825,11,23,1
251,587,49,20,0
924,343,20,30,2
194,327,66,13,0
131,732,85,11,3
199,129,14,28,3
747,139,5,26,3
744,222,84,19,3
572,809,51,22,3
359,34,87,24,0
808,934,82,28,3
451,701,72,21,0
298,496,37,21,1
29,499,30,26,1
219,561,88,29,0
562,929,16,26,2
231,769,32,24,3
659,305,28,26,1
42,991,16,14,0
574,67,3,30,1
908,915,28,11,0
600,586,8,15,2
501,407,70,20,2
479,571,48,13,0
141,922,3,20,3
248,567,25,15,2
981,967,24,21,3
638,916,53,21,3
808,12,70,11,1
228,366,86,13,0
134,478,37,11,3
34,560,48,23,0
521,217,84,16,3
661,310,85,10,3
620,483,35,14,1
503,666,35,26,0
799,106,32,20,0
51,651,64,11,3
762,277,9,13,2
617,696,74,24,3
297,25,90,25,1
938,398,34,13,2
701,531,67,14,2
389,743,41,12,2
764,754,83,19,2
655,344,32,11,2
855,177,19,13,3
589,636,85,20,3
877,123,73,22,3
172,402,11,29,0
800,922,26,15,2
373,400,44,10,0
954,681,25,23,0
658,726,40,26,1
380,252,28,25,0
122,62,28,15,1
212,609,40,19,1
328,219,51,28,2
945,281,11,20,1
554,880,11,16,3
953,378,18,27,1
152,74,78,17,2
746,690,12,16,3
446,914,11,30,2
682,440,84,25,1
895,612,3,11,1
439,550,51,27,0
346,406,85,16,1
522,856,63,17,0
104,275,67,27,2
931,811,51,19,1
922,607,1,28,1
457,687,49,26,1
957,552,73,20,0
695,222,35,11,2
40,779,44,23,2
763,986,87,10,2
604,161,43,11,3
603,541,87,21,2
221,393,3,10,2
936,411,79,25,2
220,362,2,17,2
739,560,84,30,3
478,642,68,20,1
624,662,22,11,3
215,388,53,17,3
401,11,65,23,1
565,34,70,21,1
98,870,3,30,0
45,717,51,11,1
475,31,62,15,3
641,900,64,22,2
457,848,88,18,0
390,334,37,26,1
311,77,17,22,0
172,489,36,12,1
76,956,31,25,0
757,718,39,14,1
892,366,67,25,0
10,637,89,17,2
30,206,71,15,2
25,815,14,27,1
122,867,73,11,0
263,562,22,30,0
710,532,37,24,2
597,432,6,15,0
419,429,45,22,2
274,944,62,21,1
203,662,45,30,3
993,600,33,14,0
355,953,41,26,0
91,959,38,17,2
91,225,15,18,3
690,198,37,13,0
747,16,70,27,2
67,421,86,12,1
604,427,4,22,3
8,591,12,27,3
224,755,20,11,2
298,875,55,26,2
360,90,87,17,3
995,87,35,16,1
936,673,87,23,0
776,470,68,27,0
778,405,20,12,3
856,31,54,18,0
983,565,32,18,2
602,141,25,21,1
968,928,7,27,2
402,850,49,15,2
236,812,87,24,0
967,981,80,27,1
893,413,1,26,3
276,904,63,16,1
712,100,25,21,1
421,656,32,26,0
806,605,87,15,0
355,970,83,27,3
170,773,87,16,1
963,294,49,19,2
43,885,58,24,1
522,284,46,29,2
406,554,6,18,2
940,295,70,27,0
387,766,54,21,1
763,550,21,27,2
122,444,66,14,0
19,952,67,19,3
840,744,83,14,0
105,701,15,14,2
334,207,71,26,2
984,150,71,26,0
666,951,49,28,2
929,708,6,20,1
7,474,34,26,3
893,681,41,28,0
487,894,37,17,0
353,554,74,20,2
893,709,73,10,0
1,497,3,29,1
808,414,8,29,3
826,265,32,16,3
707,929,26,28,1
10,352,32,22,3
378,342,83,23,1
139,852,43,26,3
882,832,58,23,1
501,836,82,13,1
934,955,58,23,1
447,152,48,21,2
616,60,46,29,0
75,293,45,28,1
520,628,38,23,0
369,850,16,18,3
794,985,28,20,3
314,372,67,20,3
791,918,11,10,3
750,553,67,18,0
926,196,42,17,0
118,425,28,19,0
168,139,31,16,1
683,656,59,26,3
490,55,38,12,2
581,158,36,14,1
342,657,62,30,1
86,925,86,17,2
172,464,51,25,3
262,122,54,13,1
453,198,26,29,1
313,447,44,21,2
798,436,64,17,0
604,395,42,13,1
938,460,73,11,0
420,243,47,29,1
844,24,12,11,2
398,865,45,27,1
764,391,83,20,0
118,886,87,15,2
158,33,49,20,2
642,803,56,11,3
713,849,32,26,0
582,486,45,26,1
611,285,27,24,2
325,380,11,17,2
280,793,13,22,0
313,207,26,23,0
219,333,47,13,0
696,923,32,28,1
388,85,46,21,2
831,137,53,28,3
973,744,43,19,2
400,157,55,11,0
56,52,30,23,2
600,471,22,16,0
465,100,55,19,0
169,558,36,12,2
958,883,23,17,1
798,383,74,23,3
618,231,50,23,1
875,643,10,17,0
197,410,21,17,3
815,133,20,29,0
417,752,77,28,2
79,474,52,21,3
607,582,43,29,1
856,79,34,20,2
621,115,74,25,1
94,262,56,11,2
321,543,77,30,0
345,746,74,15,2
310,547,8,18,1
433,155,56,11,0
695,937,56,10,3
410,143,71,17,2
889,632,58,28,2
726,300,39,29,3
377,984,67,30,3
313,603,38,15,1
503,557,46,18,2
186,439,18,18,0
656,706,80,26,2
234,543,17,22,0
988,165,18,16,3
96,411,57,17,1
331,194,65,17,2
589,583,87,14,0
291,532,41,12,0
40,802,5,30,1
927,925,7,23,0
10,725,72,15,0
470,810,2,22,3
254,278,54,26,3
357,69,24,27,0
501,746,2,21,2
77,488,73,14,0
975,722,57,22,3
2,931,74,29,0
284,813,46,22,1
27,557,13,22,2
541,78,90,11,0
762,150,62,25,1
506,404,5,21,2
28,272,90,18,2
90,183,79,11,0
344,321,16,23,0
675,829,65,29,1
626,545,12,21,0
26,496,40,20,2
636,120,84,16,0
999,560,74,25,0
209,892,71,15,1
619,39,47,16,0
19,298,87,28,1
397,351,88,15,1
380,860,48,26,0
802,149,39,16,3
805,645,27,23,1
859,586,59,18,3
244,504,90,20,1
99,1000,14,21,0
673,280,11,10,2
468,778,60,25,0
292,65,19,24,2
956,13,82,21,0
562,961,1,20,3
923,569,85,26,0
96,156,85,13,2
898,248,1,21,0
391,195,18,14,1
746,804,73,13,0
77,545,5,24,3
972,481,24,13,1
733,932,42,15,3
404,161,44,15,1
948,775,51,21,2
180,573,67,20,2
523,852,52,22,3
521,187,31,12,2
12,884,36,24,0
724,871,3,16,3
791,697,18,11,3
578,170,4,17,1
386,74,17,20,1
835,692,18,25,1
109,238,31,18,1
639,513,57,22,0
997,245,72,28,3
644,671,52,10,2
86,103,70,11,0
120,994,37,13,0
211,579,1,20,3
59,101,3,19,0
603,345,67,15,2
868,463,22,12,2
610,629,35,17,3
580,747,25,21,0
680,625,55,24,1
177,474,38,28,1
845,310,38,11,2
359,83,40,28,2
923,801,39,28,0
130,317,54,11,2
802,730,67,27,1
13,62,55,16,2
950,691,88,20,1
281,574,21,30,2
259,189,78,29,0
427,454,80,28,1
719,243,54,18,0
520,749,4,14,1
241,533,74,27,2
480,705,64,16,2
619,524,28,12,3
274,38,22,15,0
487,259,40,16,1
304,668,35,28,1
406,422,45,30,2
664,11,24,22,1
550,152,54,27,3
708,730,64,27,1
50,209,32,21,2
658,47,41,17,1
462,836,48,16,3
275,988,85,27,3
361,990,40,10,2
321,711,34,10,2
387,861,79,25,2
5,849,42,28,3
428,506,66,22,3
502,967,86,30,0
861,566,58,24,0
793,244,25,23,2
757,493,72,10,2
530,16,85,20,0
626,259,28,21,3
958,516,34,11,0
645,61,12,16,1
444,652,73,15,1
901,320,57,10,0
573,928,90,18,0
920,888,77,11,1
836,413,55,17,3
434,752,45,28,3
918,606,54,25,3
96,257,62,15,2
544,930,16,14,1
20,852,18,30,1
13,939,42,18,0
360,299,20,21,2
150,886,38,21,2
795,16,8,20,0
29,567,57,18,1
528,137,65,14,3
237,112,6,27,3
678,557,5,11,2
893,211,36,16,3
710,212,82,21,1
537,321,53,18,3
396,982,35,10,0
736,893,90,22,1
14,336,4,12,0
33,804,34,11,2
52,746,12,25,1
535,789,53,27,3
615,808,75,20,3
15,991,76,27,1
568,675,83,25,0
263,570,6,11,1
77,325,32,25,3
468,676,89,16,0
575,259,83,20,0
550,349,1,25,2
352,705,44,22,1
897,662,57,25,1
894,479,32,18,0
733,478,64,17,3
297,834,3,22,2
984,30,80,21,0
936,963,52,21,2
456,48,31,16,3
924,20,56,21,3
746,447,77,12,0
297,313,4,12,1
796,876,26,27,1
592,515,64,29,3
862,264,77,18,2
964,455,8,23,3
497,316,24,13,2
558,294,90,11,0
485,324,1,26,3
605,729,49,23,1
609,929,42,28,1
628,777,69,30,2
154,520,69,11,2
105,152,74,27,3
865,148,16,21,0
333,209,33,25,0
904,331,17,11,2
461,43,62,25,1
768,535,44,25,3
422,469,69,12,0
836,229,88,17,2
288,413,21,13,2
530,681,48,27,2
284,145,85,29,3
340,183,2,29,0
481,767,42,26,0
827,844,46,24,0
502,444,46,20,0
67,298,81,21,3
309,651,46,25,1
586,763,35,13,1
4,336,58,12,0
610,387,18,14,2
857,388,89,10,2
245,685,60,20,0
126,331,79,28,2
457,831,55,29,3
80,697,45,23,3
880,563,43,20,2
851,805,18,19,1
676,261,74,10,0
294,411,6,24,0
528,641,49,26,1
246,404,52,26,2
865,661,60,27,3
290,227,71,23,0
776,890,45,23,2
430,945,64,16,0
651,289,52,18,1
76,447,78,23,2
912,624,58,30,2
533,90,89,22,3
776,272,21,23,3
27,603,49,14,2
512,276,81,22,3
600,466,13,14,0
686,316,61,24,1
30,856,59,20,3
276,310,50,23,2
519,530,73,27,0
710,584,54,24,3
212,10,49,11,2
596,215,73,24,2
467,785,7,13,3
747,895,37,16,1
231,129,26,23,3
610,967,80,16,1
730,967,83,18,1
597,950,54,15,1
615,198,21,19,2
187,473,45,13,0
753,372,12,23,1
931,988,3,23,2
796,387,6,25,1
392,707,51,25,0
977,673,14,25,2
297,769,21,22,0
76,803,72,17,0
203,564,80,24,1
769,902,38,22,1
943,167,41,22,1
754,467,18,14,3
22,604,89,30,2
366,793,90,30,0
673,595,4,20,2
488,104,71,11,2
83,131,30,20,2
845,213,65,30,3
786,738,4,10,3
1000,937,90,28,0
644,110,49,13,0
505,172,4,15,2
939,410,6,12,0
51,554,35,12,3
985,590,25,14,2
425,233,18,28,0
693,298,72,28,2
183,923,18,11,3
461,97,87,23,0
105,232,11,30,2
789,725,79,27,2
638,437,87,13,0
488,191,21,25,2
989,448,40,29,2
259,492,87,15,0
464,464,31,26,3
711,607,33,15,2
62,722,54,14,1
555,891,34,11,0
203,263,79,17,1
957,335,17,30,1
486,489,57,29,1
897,690,68,14,0
36,570,69,11,1
636,845,54,30,1
969,504,64,27,3
934,874,62,11,3
21,294,58,12,2
42,370,56,19,2
393,548,79,26,2
442,168,40,29,0
537,728,53,22,3
414,994,63,21,3
381,633,29,28,0
46,868,57,19,3
930,891,32,19,0
943,729,34,28,0
336,728,73,27,1
217,795,59,18,3
798,665,45,19,0
931,62,20,29,3
56,951,81,20,1
72,543,61,13,0
259,14,45,21,0
129,316,12,28,2
291,914,29,19,1
568,81,37,30,1
74,131,3,21,1
72,545,69,17,3
835,926,41,24,3
99,108,9,23,3
859,622,11,16,3
736,345,75,13,0
876,914,52,12,0
885,55,52,22,2
517,595,58,25,3
102,510,51,27,1
371,121,82,24,1
1,717,76,10,1
220,629,25,14,1
510,96,78,12,2
428,608,58,20,2
672,151,14,14,0
714,867,2,29,3
968,914,3,29,1
859,637,75,27,0
197,409,37,13,3
579,717,55,29,0
320,289,40,21,0
228,150,33,25,1
27,328,44,18,3
556,1,42,25,1
654,434,60,16,3
739,711,78,10,3
99,416,73,25,3
670,514,6,18,2
233,531,11,21,2
758,761,26,11,3
726,640,68,23,3
411,55,24,28,0
35,719,75,15,1
496,552,38,16,1
889,336,61,26,0
672,839,89,19,2
103,905,90,12,3
311,896,25,23,0
575,275,34,13,0
123,310,23,23,1
280,258,12,25,2
836,713,13,20,3
343,295,44,12,0
585,893,29,16,1
602,298,88,15,1
579,816,74,22,0
776,752,73,12,0
225,353,5,30,2
382,814,82,20,2
9,133,90,30,1
341,76,65,29,1
567,410,17,14,2
701,670,22,18,2
749,440,21,10,1
443,58,68,27,2
988,183,37,15,3
828,259,48,19,0
894,959,71,13,1
213,182,85,10,3
750,10,25,15,0
858,418,70,20,0
177,382,46,14,1
33,39,12,21,0
623,723,51,26,3
552,541,13,19,1
628,163,2,14,1
171,54,68,14,2
520,118,25,18,0
782,632,76,16,2
18,463,27,15,2
779,920,23,12,3
386,424,13,30,3
426,545,18,20,1
578,200,33,14,3
553,873,81,30,2
685,884,73,17,2
513,814,40,23,0
312,381,57,30,1
664,975,63,27,1
262,38,72,30,0
913,344,51,10,1
661,462,2,28,2
794,861,52,18,3
90,243,48,19,2
939,975,84,17,0
966,636,80,17,1
305,869,51,26,0
488,604,74,23,0
744,81,79,28,0
207,384,84,22,3
338,34,55,17,0
854,986,1,12,2
829,260,50,13,2
435,388,79,15,3
242,677,39,22,3
269,918,80,12,0
381,685,20,19,1
918,9,29,17,1
514,917,7,22,1
76,292,54,12,1
448,839,31,11,0
185,236,56,11,3
655,809,52,28,1
770,94,77,24,0
949,890,43,25,2
586,886,23,10,2
164,121,57,14,1
74,921,57,18,3
48,547,77,20,2
893,483,87,10,2
892,619,79,25,3
361,293,18,10,2
415,595,72,15,0
499,590,64,21,3
592,97,5,22,1
641,981,42,25,3
749,999,33,11,0
631,631,68,18,1
417,609,41,14,1
560,841,8,27,1
932,217,10,29,2
919,405,24,14,2
940,188,41,24,2
529,13,76,15,2
734,865,32,19,0
729,788,69,12,0
671,334,9,12,0
303,840,31,26,0
670,505,9,22,0
348,443,67,26,3
187,908,82,13,2
338,106,14,20,3
964,547,77,11,0
719,868,73,17,2
690,801,88,27,1
916,860,90,29,2
188,450,69,19,2
970,335,66,24,1
558,691,60,30,1
583,420,38,14,1
881,298,82,29,3
154,184,69,28,2
196,675,27,10,1
355,355,3,17,2
861,101,73,15,2
255,595,46,26,3
565,736,28,16,0
495,33,2,11,1
464,973,23,14,3
375,357,4,16,0
223,243,41,23,2
378,897,36,11,1
367,261,83,14,2
172,174,43,26,3
753,539,21,12,2
163,523,85,29,1
266,399,67,11,3
861,681,34,22,3
224,578,43,28,3
162,521,27,21,0
709,576,62,11,2
435,498,43,13,0
287,346,10,29,2
988,874,57,19,2
605,556,75,11,3
280,340,16,18,3
889,866,62,18,1
230,563,59,10,2
986,327,31,25,1
747,219,53,14,3
86,988,79,13,3
277,530,50,10,0
866,453,28,19,3
354,774,32,30,1
438,392,16,10,0
973,776,86,23,2
350,762,8,13,1
683,950,87,10,2
553,606,5,18,1
333,97,40,28,1
557,604,80,25,2
206,390,38,10,3
257,728,80,12,0
297,746,55,21,2
833,163,71,21,1
900,110,86,11,0
581,844,31,11,1
537,80,90,30,3
983,152,29,22,2
162,679,28,19,0
71,244,57,29,1
240,75,3,21,0
496,591,39,29,0
490,506,87,29,1
908,860,12,23,0
333,784,80,10,1
198,919,24,22,3
510,264,74,26,2
970,947,3,21,2
6,209,50,24,3
100,821,30,20,1
54,835,1,15,1
691,76,52,10,3
584,366,16,23,2
709,457,17,23,2
685,868,25,25,0
455,194,1,29,2
934,989,30,19,0
993,326,25,27,1
471,6,87,29,0
29,995,57,23,3
346,776,6,14,3
779,399,54,21,3
25,128,33,14,1
155,447,9,27,1
452,714,6,27,1
128,511,62,12,0
129,693,21,17,0
893,706,19,11,1
831,88,37,30,2
654,429,28,11,3
420,196,83,22,2
379,619,41,25,3
584,339,43,17,3
147,681,31,19,3
456,952,9,16,2
544,674,85,15,3
33,343,18,20,0
256,628,19,18,1
966,300,18,18,3
442,143,71,24,2
634,742,69,27,3
114,62,89,20,0
987,534,4,11,3
632,122,35,28,2
153,635,61,17,2
156,542,14,16,0
458,563,69,11,2
33,557,18,11,0
960,174,58,27,0
16,721,27,11,3
989,533,38,28,1
714,624,46,24,0
82,980,13,11,2
405,746,57,10,1
834,233,22,21,1
352,613,67,25,2
540,324,64,18,2
248,498,55,13,2
11,151,27,19,3
193,267,87,12,1
148,133,9,18,2
964,819,78,30,2
91,188,10,24,3
618,126,51,20,2
856,554,63,22,0
42,365,22,23,2
692,773,7,21,3
319,337,35,21,3
903,194,17,17,2
104,983,33,19,3
612,362,50,18,3
60,603,1,24,3
847,998,41,23,1
95,940,23,18,2
438,802,13,29,3
372,210,50,23,0
979,625,37,20,0
22,514,50,15,2
610,198,29,21,3
79,690,41,16,0
764,798,11,24,1
60,42,6,25,2
579,5,14,19,1
425,567,55,27,0
189,234,37,21,0
705,838,59,27,0
812,592,90,30,3
139,116,16,30,1
199,80,80,18,2
550,872,53,30,2
292,646,49,14,2
977,245,56,13,3
46,355,18,29,1
469,575,12,22,1
72,842,16,23,2
512,243,90,27,1
573,536,12,20,0
729,367,13,21,1
448,138,78,22,3
323,942,5,28,0
787,4,70,30,3
876,875,84,11,1
785,638,32,30,2
848,885,68,20,2
828,66,22,14,2
342,370,27,19,2
348,276,79,11,0
334,656,26,19,3
892,919,40,15,2
342,222,6,16,2
74,902,20,21,0
106,392,23,11,1
454,160,85,18,2
283,858,88,19,3
658,282,60,12,1
216,887,37,24,3
590,337,30,19,2
364,340,60,30,2
158,75,5,28,1
846,764,63,10,2
947,264,33,26,3
158,282,46,23,0
4,683,86,18,0
656,804,32,25,3
727,227,45,10,0
720,916,15,29,0
445,879,42,12,2
656,813,8,21,1
647,885,58,19,2
666,576,64,17,1
419,152,10,20,3
897,343,5,21,1
21,565,15,26,0
928,271,26,23,1
783,370,47,26,2
655,68,77,25,0
851,260,20,18,2
767,175,40,15,3
97,949,30,26,2
5,532,25,28,3
970,74,86,12,3
307,468,34,23,2
894,356,80,15,2
818,233,21,10,1
570,896,68,26,2
339,3,3,30,2
555,979,58,12,3
803,526,55,23,1
506,565,66,11,0
625,923,54,10,3
545,479,57,19,1
391,914,32,14,0
176,969,70,20,3
624,124,71,17,1
558,981,83,28,3
550,963,23,20,1
859,751,53,22,2
324,963,40,27,1
5,729,83,30,0
519,460,8,26,1
413,88,86,21,2
888,698,1,27,0
882,769,17,22,3
851,656,64,16,2
933,298,76,18,0
187,675,12,11,2
498,82,15,17,1
831,729,88,19,3
535,354,75,13,1
332,175,22,25,2
25,272,76,26,1
34,280,57,12,1
180,516,83,13,2
723,778,72,24,2
253,29,46,19,1
854,957,28,16,0
659,953,85,22,3
420,677,65,22,1
999,636,63,19,2
140,926,58,14,2
589,766,81,27,3
436,887,87,29,1
444,22,27,15,0
599,898,48,17,1
645,162,84,27,1
409,722,24,18,3
783,336,37,29,1
998,811,65,26,1
841,637,79,15,1
46,159,45,12,1
619,966,73,26,1
974,882,67,25,3
47,708,63,22,1
14,641,11,16,0
162,611,42,22,1
27,863,80,19,1
492,639,18,18,3
105,576,78,11,2
947,227,23,21,2
953,344,1,13,1
108,705,70,28,3
795,484,19,10,2
25,798,10,24,1
336,824,49,19,1
326,147,62,25,3
992,546,32,10,2
671,429,83,13,1
403,93,56,23,3
891,394,30,22,1
965,918,79,28,2
27,659,6,11,1
922,288,2,21,0
436,643,72,30,2
933,58,9,29,3
606,170,84,29,3
130,899,14,30,3
648,380,70,15,0
705,278,49,25,3
54,505,89,14,0
71,667,20,28,1
755,791,59,22,2
959,522,24,28,0
826,793,51,28,3
265,120,68,28,0
650,8,61,25,3
888,788,73,20,2
955,57,82,27,1
39,81,6,29,1
255,345,16,13,1
877,29,64,10,3
796,681,76,24,2
144,542,12,20,3
703,319,10,22,1
115,921,85,14,1
281,297,40,26,2
756,58,59,24,1
462,313,41,26,1
837,819,90,14,3
438,858,23,19,3
95,663,40,29,0
579,268,30,18,2
365,470,48,26,1
718,324,45,24,3
256,793,17,27,2
660,454,33,29,3
397,906,78,18,0
612,764,6,20,2
319,543,3,28,2
68,457,12,23,3
769,675,59,14,1
918,58,87,24,1
142,771,70,24,3
86,828,3,27,0
871,579,20,21,3
796,842,10,19,3
190,575,15,25,1
407,234,23,25,3
51,995,25,23,1
660,697,26,19,3
34,296,5,12,1
307,559,48,23,2
36,105,6,27,2
186,401,42,20,1
697,467,74,10,3
834,392,33,11,1
695,690,21,15,1
488,823,3,18,3
805,943,7,10,3
498,15,11,12,0
818,521,78,22,1
665,872,8,30,2
961,718,64,11,1
537,728,60,10,0
744,549,87,14,2
591,566,23,16,2
583,928,15,30,3
811,415,32,26,2
573,304,66,16,1
640,658,67,24,1
653,476,81,17,3
749,158,52,14,1
224,541,11,19,2
476,413,61,10,3
3,742,16,19,1
982,629,21,27,0
711,612,81,20,3
210,691,55,26,1
707,481,33,12,2
891,878,33,14,2
832,351,76,24,1
800,681,44,24,0
688,31,32,15,3
482,935,21,16,1
439,673,45,16,3
51,725,57,14,0
658,984,76,22,2
633,722,59,24,2
4,307,86,18,0
30,186,28,28,0
697,655,31,23,1
910,768,21,28,1
657,866,40,21,2
488,771,76,12,1
56,282,74,27,2
253,191,53,27,3
575,670,26,13,1
157,512,16,28,1
508,59,49,12,0
712,55,89,21,3
102,119,12,26,2
499,344,14,30,0
306,937,15,26,3
665,133,39,28,0
965,994,23,15,1
955,146,86,26,3
821,768,76,29,0
471,764,88,27,1
397,796,68,13,2
693,131,68,15,3
597,702,67,11,0
467,383,14,16,1
102,454,21,12,0
754,612,54,13,1
803,913,4,18,2
175,566,27,26,1
265,828,90,22,3
729,137,57,25,1
863,109,44,15,1
617,578,62,27,0
449,758,59,14,0
872,379,53,29,1
466,687,55,16,0
824,473,28,22,2
201,753,70,24,2
350,325,31,29,2
538,479,29,29,0
964,137,53,17,0
855,553,41,26,2
210,318,71,26,2
770,764,29,10,2
262,441,2,17,0
394,633,28,11,0
191,758,27,16,2
289,82,31,16,3
368,764,8,20,2
452,876,70,15,3
540,80,82,14,0
202,483,46,13,1
309,661,4,13,0
946,411,2,25,3
97,452,61,17,3
153,192,10,12,1
281,230,44,26,1
958,512,62,18,0
562,32,29,18,2
165,482,14,20,2
992,324,2,16,0
486,809,17,13,1
687,168,56,27,3
222,460,90,14,2
494,872,52,15,0
491,845,48,22,1
478,885,83,16,2
618,977,11,26,0
203,109,43,14,1
273,299,83,14,1
594,380,56,27,2
144,565,71,29,3
388,580,60,29,1
927,270,13,10,1
653,413,20,17,1
966,255,82,20,2
202,140,62,24,3
329,808,61,30,1
4,751,30,29,3
129,361,67,27,0
294,695,29,17,2
385,793,87,25,1
65,870,32,13,0
181,920,64,20,2
284,420,23,29,1
928,690,44,10,2
92,454,71,16,0
629,524,5,27,0
979,308,85,21,2
965,5,45,30,1
340,705,69,22,1
974,656,17,23,1
943,454,25,26,0
419,475,68,19,2
34,921,89,13,3
76,958,30,21,3
127,463,30,24,2
145,672,77,24,0
730,255,62,13,3
249,908,50,22,0
740,513,74,29,1
757,865,46,23,1
761,483,34,27,1
878,60,61,12,0
826,258,31,18,0
100,117,19,20,3
480,29,79,19,1
226,804,76,21,0
536,299,5,18,3
347,287,9,18,2
433,419,5,20,3
686,795,48,24,2
494,739,57,20,3
590,622,42,12,1
137,910,81,14,1
346,230,60,29,2
1,985,71,10,1
404,869,47,20,3
229,959,31,26,3
480,943,8,21,0
867,375,85,10,2
313,540,19,19,1
334,309,84,10,0
932,836,5,24,2
918,249,53,10,1
225,536,89,19,0
992,896,16,26,1
51,534,37,11,3
183,625,76,25,0
205,999,69,29,2
660,100,31,12,3
936,690,34,22,2
711,877,64,10,0
845,993,4,23,2
850,277,34,17,0
194,739,45,24,0
355,545,81,11,3
169,476,64,20,0
364,738,38,11,0
97,409,1,15,2
643,634,32,11,2
892,141,73,11,0
447,484,2,21,0
439,576,14,12,1
784,191,90,22,1
896,64,75,12,2
404,287,29,19,3
216,108,80,14,1
26,300,14,18,0
588,880,77,20,2
81,513,46,24,2
172,662,73,12,1
510,362,77,29,0
387,151,15,16,1
726,885,60,23,0
851,86,5,15,0
684,452,39,20,0
90,503,52,30,2
449,201,78,24,1
65,442,33,17,1
18,531,63,23,1
117,52,29,22,0
883,121,27,21,2
4,443,46,23,0
639,857,18,23,2
622,338,18,11,3
719,377,40,13,1
780,855,19,23,0
503,285,59,21,0
492,83,39,22,1
135,471,62,17,3
251,73,17,11,2
404,844,27,16,3
919,83,79,24,2
582,389,10,22,0
584,116,20,28,3
819,144,1,11,1
376,524,10,20,2
365,840,65,25,3
146,250,10,28,1
570,190,17,15,3
701,413,63,28,2
271,806,66,11,3
646,624,64,19,1
19,214,40,11,2
165,268,47,14,0
735,986,79,19,1
457,497,14,28,0
560,951,62,23,1
769,787,56,13,3
676,87,2,14,3
35,45,57,14,0
448,696,59,27,0
926,542,4,26,2
54,382,29,11,2
306,194,4,29,0
940,792,10,28,1
228,53,42,19,0
825,631,70,24,1
348,65,42,22,1
967,275,61,26,1
707,697,65,28,1
880,102,44,30,3
304,122,76,18,1
878,89,86,10,0
755,825,20,30,0
247,154,78,11,0
941,693,7,14,3
165,68,50,15,0
775,864,55,20,1
132,35,11,11,1
462,857,71,10,1
578,98,46,23,2
976,235,33,17,3
32,13,82,23,2
591,10,67,13,1
537,401,16,22,1
351,538,48,17,3
887,935,85,26,0
109,887,33,23,0
134,696,57,28,2
920,719,85,22,3
796,950,6,23,1
114,251,81,18,2
860,800,67,27,0
582,31,46,27,2
946,244,77,26,2
423,499,76,23,3
201,16,87,19,1
57,120,39,19,2
402,331,19,29,3
99,3,13,23,1
820,787,88,25,3
957,829,10,18,0
802,989,3,21,1
211,91,46,29,0
262,372,23,21,2
575,999,1,11,0
912,182,58,16,2
259,857,35,29,1
540,616,9,28,1
110,259,21,21,1
578,950,10,11,1
382,618,75,18,2
836,72,54,25,3
40,929,87,11,1
766,383,10,16,3
464,509,20,17,2
937,975,39,17,3
920,694,90,19,2
264,167,77,20,2
365,715,11,13,1
658,762,19,14,1
861,81,5,24,2
478,900,34,28,1
795,93,3,14,2
67,456,90,17,2
591,342,88,29,1
788,901,80,15,1
244,291,46,15,3
254,159,33,23,3
45,84,82,16,0
445,423,1,26,0
840,645,18,12,1
776,522,21,11,1
909,469,31,25,2
17,31,18,25,0
611,591,29,30,3
392,429,78,27,0
908,992,48,24,0
34,69,80,13,0
747,967,42,24,3
775,183,8,18,1
666,598,77,28,1
681,2,7,30,3
526,528,67,19,3
545,710,48,23,0
204,277,28,24,3
436,542,85,10,2
542,863,84,14,1
888,93,62,29,2
952,497,56,17,2
406,74,7,19,0
512,728,57,15,0
805,190,31,30,0
746,821,88,22,3
303,970,23,17,1
772,818,61,20,1
621,128,79,17,0
329,851,59,30,0
341,303,44,25,2
257,202,82,17,1
450,502,71,21,1
433,923,86,22,2
693,173,18,18,3
442,882,42,18,1
911,306,8,27,3
732,973,61,30,3
933,720,39,14,1
463,610,21,17,3
72,965,45,30,1
163,50,77,22,1
575,265,35,15,0
570,999,57,11,0
218,780,71,13,2
6,343,20,12,2
127,905,7,10,2
42,307,12,22,0
489,225,26,26,0
796,904,87,30,3
737,283,20,17,1
40,416,86,18,3
708,449,88,22,0
398,155,63,26,0
160,459,87,18,2
75,43,8,24,2
977,175,89,20,1
954,171,32,16,2
992,494,3,12,1
772,81,12,24,3
776,312,85,20,3
859,921,5,23,1
410,421,39,11,1
228,983,87,10,2
824,445,35,26,2
89,512,72,16,1
594,247,19,10,1
190,304,33,23,0
173,809,69,21,0
483,378,83,21,0
100,647,74,24,0
848,38,33,22,0
735,609,18,10,0
967,350,88,22,2
598,50,26,12,0
654,105,39,16,3
665,382,40,18,3
212,712,60,11,2
327,11,32,19,3
46,521,65,21,2
860,976,90,26,0
791,755,35,15,0
514,722,60,24,3
319,375,81,16,3
466,93,47,10,2
958,689,76,30,1
773,466,42,11,0
752,709,80,11,2
98,799,44,21,1
979,617,23,24,2
313,206,84,27,1
712,394,10,27,1
780,69,85,28,2
124,484,44,18,3
1000,599,9,13,3
738,178,67,26,2
823,303,39,11,2
889,91,69,26,0
191,521,74,17,1
59,359,48,28,2
506,103,72,26,1
375,152,68,19,0
862,4,25,12,0
659,860,75,16,0
334,679,23,29,0
541,612,21,14,1
678,274,53,26,1
173,411,34,30,1
11,80,6,22,1
909,370,40,28,1
142,376,37,23,2
626,843,58,21,2
970,147,8,20,0
818,570,62,17,2
301,471,13,30,1
233,292,70,24,0
99,224,29,10,0
280,716,39,17,0
227,992,72,13,3
48,78,66,15,0
218,305,2,28,1
285,977,42,15,3
963,427,84,24,3
722,799,32,21,1
994,236,17,23,1
428,851,46,20,0
35,596,45,21,2
845,577,25,29,0
398,704,15,21,3
763,911,81,10,1
246,143,44,28,0
596,668,86,12,2
653,134,5,24,0
575,867,85,28,3
736,739,17,11,2
904,229,48,20,0
172,364,31,26,1
813,522,70,17,2
625,916,6,26,2
388,866,81,24,1
235,64,41,17,3
887,30,46,23,3
115,486,4,22,2
764,172,82,19,0
857,584,65,10,0
475,706,88,27,2
243,942,45,16,2
337,186,22,26,2
59,72,86,15,2
332,750,22,14,3
983,169,81,10,1
261,291,57,19,1
722,938,27,21,0
712,490,49,24,0
900,594,3,13,1
222,858,74,24,3
75,980,73,13,3
492,45,55,11,0
25,32,43,25,3
482,140,29,17,1
907,485,84,11,3
127,763,34,28,2
487,653,28,11,3
507,537,48,24,1
82,304,48,30,2
947,626,6,26,0
502,204,80,19,1
869,925,18,28,3
483,415,53,23,2
994,533,8,20,3
656,226,41,11,1
81,272,9,23,1
227,1000,80,11,2
539,348,51,24,2
207,999,53,30,3
688,911,79,13,2
910,698,57,23,3
758,462,79,18,0
356,219,75,15,2
345,359,78,29,0
43,568,83,23,3
472,484,1,29,3
488,970,39,12,0
812,478,55,18,0
747,465,35,12,2
742,255,3,25,3
548,78,68,28,2
260,438,18,23,2
295,191,84,18,0
527,569,39,12,0
749,771,32,14,1
298,659,75,22,0
568,85,17,19,0
20,623,41,17,3
695,907,34,12,0
504,848,40,11,3
239,847,22,16,2
125,120,64,14,1
159,135,37,24,3
115,100,74,15,1
886,6,63,28,3
768,894,62,12,0
134,677,75,23,0
968,802,28,14,2
655,643,43,13,0
95,653,43,13,2
634,766,60,21,2
121,729,38,17,1
983,477,73,11,3
717,290,11,11,3
217,350,27,24,2
243,245,78,27,2
884,857,58,16,3
87,294,86,12,3
505,632,9,24,2
448,960,84,12,0
984,843,23,29,2
81,828,36,10,0
328,582,73,21,2
977,3,2,13,1
832,346,49,23,0
582,530,25,28,1
461,763,45,26,1
629,552,60,28,2
849,299,40,14,0
153,202,67,30,2
354,352,48,11,2
779,40,85,24,3
621,689,57,23,0
928,520,60,30,1
808,765,46,26,3
202,346,46,13,2
616,825,69,12,2
94,226,21,16,0
196,912,21,22,3
740,708,60,15,1
465,612,36,12,3
587,997,23,25,1
586,308,40,14,2
407,548,83,20,3
727,716,16,26,2
226,557,68,18,2
288,152,82,18,1
745,233,75,24,2
461,981,23,14,1
404,643,48,20,1
548,402,33,25,3
129,390,69,19,1
436,332,70,25,1
126,788,27,17,3
167,229,71,20,1
329,400,22,13,2
628,235,6,25,3
55,898,73,14,3
278,116,76,18,3
624,42,82,23,0
30,649,63,28,0
290,810,53,24,2
694,369,68,16,1
710,809,2,29,3
495,443,78,22,0
200,67,57,14,3
832,672,54,18,3
455,360,87,25,0
179,959,70,22,2
348,288,23,20,1
359,115,63,23,1
954,940,86,29,0
746,946,81,13,3
483,878,63,17,0
1000,569,77,19,2
408,291,42,12,0
272,895,12,25,3
21,832,20,21,3
240,312,1,21,1
792,981,62,10,0
670,175,80,10,0
862,804,52,10,0
217,25,64,22,3
35,221,24,10,1
165,506,68,23,0
362,763,26,30,0
809,38,16,16,1
782,13,29,26,1
905,498,34,19,2
143,546,34,21,1
248,891,66,29,1
635,224,62,14,2
181,36,39,20,2
528,377,35,26,3
223,8,5,30,2
224,768,81,28,1
93,933,24,14,2
528,363,3,17,2
406,365,13,25,2
949,409,78,13,0
680,30,50,26,1
227,162,13,14,3
915,609,20,26,2
924,560,47,20,2
727,840,56,27,0
688,843,21,14,1
639,233,9,28,2
713,34,65,29,0
861,890,81,14,0
318,121,74,24,2
527,811,46,14,2
767,66,29,30,0
508,453,68,28,1
933,214,64,24,1
853,218,19,16,2
230,451,54,13,2
195,589,88,14,3
465,356,25,28,0
154,557,11,20,0
435,832,7,21,0
485,154,79,10,2
427,500,10,16,2
819,162,1,21,0
830,474,65,25,1
291,962,10,29,2
285,106,74,25,3
994,173,18,11,0
939,112,89,15,0
330,580,83,14,1
695,49,76,10,3
590,515,15,29,1
260,607,86,14,3
713,152,32,21,1
288,575,5,21,3
414,681,14,28,2
950,372,41,13,1
697,371,38,12,2
568,209,62,13,2
835,932,51,20,1
842,364,64,18,0
367,223,84,21,3
688,353,90,11,2
376,520,73,22,1
503,320,75,14,0
639,371,25,19,0
318,456,86,21,0
649,691,46,14,0
170,515,58,15,1
585,338,84,19,3
26,706,70,12,0
84,292,77,26,0
238,704,73,16,0
247,394,39,30,1
272,567,51,26,1
388,508,77,14,2
641,310,89,19,3
162,497,80,10,0
300,738,18,14,3
703,167,78,22,3
358,258,73,14,0
77,468,77,16,1
163,350,46,19,2
638,786,71,18,0
818,135,45,23,0
377,462,37,19,2
224,952,47,15,0
527,689,57,10,2
170,734,21,29,1
426,684,35,24,0
569,829,37,26,0
21,690,32,29,2
386,346,5,12,3
459,290,78,11,2
631,344,64,21,1
148,88,50,22,2
563,285,75,26,0
925,323,35,10,1
581,821,19,30,0
214,94,34,16,1
973,131,28,11,3
904,149,51,19,0
641,520,64,24,2
740,964,27,13,3
951,122,11,20,2
517,176,77,18,3
666,85,59,28,1
586,341,7,27,2
661,200,27,13,3
883,926,83,19,0
241,361,76,16,3
603,110,64,22,0
254,817,81,14,3
167,113,15,21,3
175,432,45,24,3
442,723,17,12,3
310,840,64,17,1
887,877,19,24,2
805,598,87,19,2
377,408,25,29,1
254,232,90,15,1
767,406,11,20,1
25,739,11,14,2
285,154,1,26,1
666,817,45,13,0
574,533,55,28,1
857,217,63,17,1
450,593,7,25,3
557,253,22,17,1
164,164,25,15,1
913,245,50,12,0
787,733,32,27,0
14,719,77,13,0
304,97,25,29,2
667,683,43,11,2
480,226,69,18,3
463,511,12,26,3
744,469,47,19,1
215,626,88,14,2
414,137,21,17,3
161,738,77,21,0
465,127,63,17,1
253,469,55,26,1
987,922,70,13,2
109,996,28,13,0
606,98,22,26,2
100,803,22,29,0
247,758,78,11,1
283,726,18,11,1
154,485,24,23,3
613,43,15,21,0
858,237,39,14,1
265,26,68,24,0
354,428,70,25,2
789,688,23,11,0
205,196,52,23,3
501,953,28,24,0
423,504,35,17,2
725,832,31,18,1
691,19,29,10,2
35,746,81,11,3
192,123,79,17,1
601,492,82,15,0
972,912,32,16,0
678,66,13,22,0
169,473,54,29,2
771,538,78,15,0
997,516,35,10,1
709,339,47,26,2
970,543,89,11,3
421,843,71,15,2
722,73,31,18,2
158,155,35,22,3
337,152,57,20,3
177,252,2,18,0
269,689,23,28,2
32,983,1,17,0
171,206,79,13,2
385,6,38,29,2
65,558,79,29,3
132,516,8,27,0
494,55,25,21,2
363,769,74,16,2
251,834,59,26,1
24,565,58,17,3
509,785,32,17,3
799,876,7,24,3
640,113,35,20,2
725,942,10,23,1
7,967,1,17,0
305,370,2,27,0
138,884,60,14,1
807,263,14,27,0
903,96,79,16,0
757,709,5,25,1
644,698,50,24,3
583,483,49,12,3
919,894,67,23,0
541,628,49,25,3
55,24,19,11,2
916,87,67,30,0
412,43,67,28,3
210,262,56,10,0
860,614,30,14,1
285,240,69,21,2
570,902,1,11,1
619,494,42,22,3
238,436,6,25,2
120,446,8,25,3
953,100,54,30,1
853,683,48,21,0
773,73,23,14,1
620,992,66,21,2
474,631,29,30,2
49,181,53,12,0
725,519,68,12,0
74,56,72,24,3
360,832,71,13,3
81,259,1,26,2
225,985,64,20,2
342,591,46,24,2
538,684,11,18,1
105,838,6,26,1
763,456,9,18,1
369,203,1,18,1
63,700,15,12,3
375,804,64,11,2
850,44,79,18,3
410,882,88,10,2
59,842,74,30,0
331,899,8,12,2
748,761,72,16,2
786,538,47,18,3
83,642,57,15,0
970,626,62,30,3
277,248,52,13,0
206,680,55,18,2
484,644,47,23,0
631,203,37,11,1
890,686,59,11,0
200,770,4,17,1
136,867,80,23,1
632,382,15,24,3
984,147,61,13,3
225,193,9,15,0
776,798,53,10,3
687,614,81,15,3
942,880,56,20,0
44,339,8,24,1
213,757,65,11,1
461,666,68,24,3
166,196,45,21,1
992,940,16,17,3
77,783,21,23,1
793,580,19,24,1
695,433,53,23,2
486,417,70,24,1
454,932,83,27,2
221,482,16,17,0
719,74,74,29,0
881,50,9,16,2
979,597,90,11,1
510,321,2,10,1
523,95,36,24,1
902,886,70,18,2
567,93,40,27,1
212,729,26,29,0
679,522,46,13,0
37,300,84,15,3
316,881,42,14,1
507,372,89,22,2
645,28,49,25,3
171,637,34,23,3
509,200,64,26,2
395,492,11,13,0
593,375,74,17,0
100,707,84,19,2
269,296,29,15,0
147,199,83,17,0
171,414,70,19,0
314,791,18,21,0
278,109,27,26,2
166,851,31,22,0
26,327,33,27,2
987,228,13,19,3
358,662,50,23,0
6,281,68,11,0
73,117,44,19,2
721,543,90,24,2
409,850,34,28,1
860,194,13,14,3
645,700,26,23,1
754,646,22,11,3
639,215,33,30,0
219,718,77,18,2
868,83,20,22,3
448,578,34,22,3
994,641,75,19,1
894,86,82,20,0
96,849,83,10,3
194,140,88,18,0
264,951,52,26,0
774,465,21,29,3
870,204,73,20,3
681,612,24,21,0
635,525,36,14,1
917,561,44,29,0
850,368,18,14,0
570,716,82,18,0
646,541,48,16,3
970,97,28,19,2
388,184,48,26,3
777,87,21,14,0
659,756,53,27,3
774,592,18,20,1
494,363,70,16,0
514,300,79,16,1
302,325,16,14,2
119,668,14,10,0
327,492,20,19,0
83,988,74,28,0
813,515,35,28,3
520,866,88,15,0
153,445,30,19,0
847,191,9,18,3
139,213,81,29,2
655,166,74,20,1
340,64,71,14,0
950,692,72,24,2
678,946,11,26,1
543,234,18,26,3
479,835,3,25,2
317,183,57,27,1
936,847,25,17,3
502,630,70,13,1
161,801,81,18,2
708,16,23,22,0
164,425,82,28,2
919,679,68,13,0
596,795,37,27,3
211,920,40,26,2
825,95,35,20,1
742,626,28,20,1
685,287,23,19,2
148,603,4,16,3
543,22,29,27,3
94,137,18,26,3
922,864,86,30,0
923,852,69,24,1
726,303,39,14,3
138,123,14,28,2
878,250,33,30,2
140,788,28,28,2
510,628,50,16,0
593,425,89,20,2
189,899,69,14,1
220,665,52,20,1
243,83,63,25,0
768,129,13,24,2
152,207,3,30,0
784,855,79,16,3
167,559,38,18,0
257,232,36,10,2
249,273,84,13,3
803,985,2,16,3
312,691,19,23,2
373,312,21,12,0
938,243,85,20,0
452,849,81,28,1
11,420,36,26,3
304,350,62,21,3
406,363,72,29,1
463,409,50,21,2
502,921,56,15,1
482,653,61,18,1
640,139,39,17,3
870,408,88,26,1
683,649,46,20,2
889,4,61,14,0
946,736,19,28,2
295,313,60,18,0
978,637,27,18,0
203,868,34,16,3
477,154,53,21,2
722,683,76,16,3
469,449,84,18,0
190,450,67,27,1
742,427,4,28,1
335,787,32,24,2
399,456,21,30,3
515,782,65,19,1
717,183,20,25,0
906,287,49,14,1
203,801,57,22,3
939,479,9,17,1
599,651,63,21,0
410,349,1,30,1
294,987,46,18,3
951,373,39,30,3
895,843,15,19,1
995,327,41,29,0
589,175,9,10,1
403,381,38,11,1
312,909,14,23,2
207,729,23,15,2
936,949,25,24,2
72,15,17,29,3
459,900,6,16,0
288,384,75,22,3
802,782,58,13,0
850,707,69,11,3
325,695,53,22,2
595,440,83,19,2
945,207,40,26,2
185,166,41,10,3
109,481,69,19,2
534,129,85,18,2
129,382,60,30,3
802,240,74,23,1
965,163,7,26,2
740,67,62,25,3
450,573,45,23,1
811,334,26,18,1
447,299,3,10,1
473,542,25,29,1
305,35,20,22,2
751,610,2,30,3
778,840,63,26,1
737,577,5,29,1
284,174,41,16,0
941,314,70,19,3
214,802,39,14,2
469,271,71,17,1
370,965,8,17,0
940,721,32,14,0
324,755,12,13,0
672,233,67,18,2
463,216,19,26,2
631,733,4,28,1
995,803,32,16,1
414,176,40,28,3
860,586,73,25,1
597,51,53,13,0
925,873,85,24,2
335,85,48,21,3
722,31,51,13,0
58,578,5,16,2
190,80,32,13,3
564,656,38,26,1
676,142,47,12,0
51,573,14,15,0
878,462,66,14,3
31,395,4,28,0
343,636,17,22,3
586,567,13,28,3
979,503,81,15,2
517,417,86,21,2
607,518,51,25,1
542,37,46,13,0
220,852,21,23,2
645,807,61,20,3
248,258,44,10,1
345,678,21,27,0
524,4,13,16,1
655,972,60,24,0
364,95,83,29,2
815,32,61,21,2
302,24,53,30,3
31,40,5,29,0
702,306,60,17,0
503,375,1,21,2
867,963,28,14,0
656,999,22,17,3
996,348,86,17,2
349,936,67,11,1
357,322,80,22,3
236,608,11,11,1
791,208,10,16,1
658,46,45,24,3
768,477,17,22,3
183,316,2,25,2
643,863,45,11,2
253,428,87,14,3
407,19,51,28,3
74,120,69,14,2
436,137,35,29,2
575,85,1,21,1
868,67,54,15,0
622,29,27,17,2
866,802,51,11,0
554,796,47,10,0
836,144,60,21,2
710,171,6,18,3
226,768,74,18,1
72,771,60,15,1
817,169,41,24,3
586,650,4,22,3
644,791,32,21,2
514,762,69,21,1
877,961,68,26,2
421,892,29,21,2
641,828,71,26,0
35,998,44,12,3
944,938,42,27,0
387,148,15,10,0
886,419,82,11,0
462,581,36,30,0
445,49,87,15,1
266,512,4,22,3
732,637,35,16,2
40,404,82,21,3
951,152,59,10,0
813,392,11,12,1
470,940,81,17,1
257,887,84,19,1
636,373,85,19,2
921,306,33,18,2
956,332,87,16,3
647,114,49,29,0
470,844,28,28,3
22,987,49,13,3
763,318,42,18,0
294,645,52,13,0
77,413,79,25,0
220,204,90,25,1
444,108,58,19,0
549,144,76,29,0
452,934,85,12,1
794,594,46,23,3
406,93,59,24,1
985,814,50,18,1
348,406,34,11,3
548,718,78,17,1
452,638,75,21,3
299,96,67,22,3
642,752,28,17,1
423,69,56,16,3
585,299,29,29,3
957,294,45,28,0
770,911,17,24,1
463,978,57,24,2
795,783,70,21,2
808,344,78,11,1
678,412,75,19,1
343,565,60,29,1
421,85,65,24,1
647,244,42,16,0
75,613,1,25,2
242,603,82,19,3
422,922,60,14,0
144,867,28,26,1
734,230,76,18,0
19,686,20,23,3
561,730,8,16,1
247,325,86,28,1
375,636,57,11,2
163,34,17,15,1
851,531,6,20,0
925,5,52,10,1
487,434,57,16,3
688,177,67,15,2
102,802,14,20,0
961,379,40,18,1
339,374,68,17,0
716,35,39,20,3
792,942,37,26,1
585,211,31,14,1
335,602,69,25,3
649,162,38,15,2
34,269,80,29,2
842,817,89,26,3
960,700,16,24,3
337,691,33,20,1
356,91,13,20,0
285,157,23,12,1
953,461,49,22,2
259,321,40,12,2
355,84,8,26,3
932,96,42,27,2
687,749,10,19,3
776,222,11,26,3
850,688,8,22,0
342,569,67,30,1
598,559,16,19,2
94,7,68,20,1
70,278,44,18,3
792,171,31,22,3
651,166,79,15,2
220,263,17,27,0
394,403,56,13,1
132,859,24,30,1
242,419,40,26,0
599,476,47,18,2
268,152,78,13,3
805,811,15,20,0
33,555,82,20,2
260,770,27,25,1
24,231,9,13,2
694,156,61,17,1
244,838,87,23,3
580,808,40,19,3
201,911,62,16,1
728,826,14,26,3
642,391,53,28,2
516,453,77,13,3
310,622,32,19,2
233,729,75,24,1
291,562,85,15,2
352,612,12,18,0
289,273,68,22,2
410,996,81,30,1
697,263,47,11,1
308,908,69,18,0
123,977,88,18,1
267,324,83,11,3
95,59,37,23,1
196,118,8,18,2
122,315,46,25,0
222,115,54,15,2
765,605,74,27,3
428,46,35,26,1
282,595,27,13,3
93,754,4,23,3
730,699,49,14,1
766,658,6,27,2
999,956,25,18,0
393,387,62,10,2
724,425,86,29,3
155,755,69,10,3
623,847,40,20,3
481,727,8,14,2
763,349,53,14,0
948,58,13,23,3
87,33,72,15,3
205,253,14,11,0
677,155,57,20,3
367,976,50,12,1
628,339,24,16,1
74,759,34,18,0
782,617,21,23,0
130,582,81,21,0
272,183,36,30,3
69,834,4,30,3
930,689,26,29,3
44,314,10,13,0
425,663,68,26,0
196,26,18,12,1
237,447,73,16,2
139,492,88,16,3
680,135,32,18,0
368,129,16,29,2
916,926,9,11,3
457,125,75,24,2
456,743,66,27,0
584,484,51,22,3
289,748,84,15,2
260,315,46,29,0
919,322,70,26,0
603,471,90,20,2
439,856,76,18,0
67,926,71,23,2
144,753,6,13,0
319,81,23,19,3
230,245,52,18,1
414,66,59,10,2
994,399,9,21,1
381,180,33,24,3
316,8,3,12,0
254,973,15,18,0
909,506,44,19,3
161,26,47,29,1
738,258,25,18,0
559,900,79,21,3
349,548,82,29,1
918,765,39,27,1
194,678,55,24,0
663,64,18,11,0
657,409,67,23,3
641,14,56,11,1
23,501,41,24,1
95,257,77,15,2
200,709,18,16,1
483,862,45,18,2
801,491,17,17,2
918,112,59,25,1
729,37,63,21,1
491,181,66,13,1
614,466,87,21,0
588,900,66,25,1
500,401,44,19,1
559,951,37,12,0
409,204,3,20,0
285,259,88,13,2
94,353,15,17,3
791,536,67,28,0
408,375,83,10,2
966,196,18,17,0
652,928,81,21,3
633,708,15,11,3
859,992,38,21,0
582,22,70,26,0
239,924,90,21,1
276,919,90,10,0
660,448,33,18,0
698,8,1,16,3
19,684,86,17,1
335,194,21,13,2
976,917,13,23,1
198,133,60,10,1
881,739,89,26,3
456,651,30,13,1
734,670,54,21,0
730,871,32,11,3
630,83,16,29,1
614,648,47,12,3
440,674,24,27,3
779,967,20,21,0
922,288,72,28,2
420,620,62,12,3
150,758,14,15,3
862,362,73,29,0
256,153,72,18,2
936,327,17,24,0
93,966,27,23,1
417,127,87,20,3
815,987,20,24,2
221,56,42,23,0
229,30,22,17,1
689,336,54,17,3
929,115,1,10,2
587,144,8,20,1
984,471,75,14,2
293,483,42,19,3
434,721,54,25,1
299,779,25,11,2
248,29,69,24,1
46,755,11,27,3
249,200,9,25,2
806,452,51,14,1
363,749,48,17,1
350,914,21,30,0
926,634,69,20,1
776,759,46,26,3
545,334,14,16,1
858,387,25,16,0
387,57,31,19,0
415,712,34,27,0
165,501,83,14,2
957,714,81,29,3
177,967,46,21,2
767,552,50,28,2
751,892,32,30,2
531,768,78,10,0
52,127,78,18,3
399,169,51,16,1
117,838,6,11,0
964,864,64,26,0
870,610,72,27,3
921,974,41,22,0
121,797,16,29,0
307,196,34,17,3
762,716,74,23,2
241,37,71,10,2
740,445,17,13,3
908,897,55,17,2
581,223,21,14,1
212,374,9,24,1
439,923,85,11,0
139,608,9,12,2
320,13,55,23,3
833,879,69,17,3
35,472,41,30,2
914,391,83,11,3
640,744,46,29,1
659,591,40,17,1
345,917,46,22,3
365,11,18,21,3
652,676,64,15,2
833,18,70,29,0
623,619,41,16,3
601,536,36,27,2
564,43,22,12,1
689,392,42,17,3
337,829,50,13,2
442,127,24,26,0
863,204,21,24,3
494,619,78,12,1
19,298,10,27,2
64,242,35,17,3
274,118,18,20,2
931,978,89,21,2
141,742,87,23,0
691,292,90,18,1
66,980,9,27,2
7,203,44,10,0
332,568,68,14,1
822,704,58,11,2
681,917,76,26,0
659,971,87,10,0
997,641,8,20,1
83,220,89,12,2
584,979,68,19,1
888,492,43,15,0
712,241,32,10,3
791,940,36,11,2
841,631,34,13,0
719,54,78,14,0
942,897,77,15,3
712,751,53,26,0
590,736,49,28,1
187,38,4,29,3
594,977,47,24,2
750,612,90,30,1
848,705,45,15,3
576,460,50,24,2
685,559,7,25,1
768,118,20,27,1
371,214,71,12,3
581,227,49,17,3
165,420,64,13,2
653,263,74,16,3
24,464,89,23,0
267,119,35,29,0
209,983,15,18,2
198,169,19,12,0
284,515,27,11,2
649,600,17,26,3
355,51,63,11,0
347,85,65,21,0
986,748,60,18,2
31,843,47,29,0
990,818,41,17,1
130,668,86,16,3
119,59,4,14,1
236,924,47,11,0
748,17,63,27,1
801,365,42,22,3
541,284,82,18,1
878,993,53,18,0
385,802,57,19,3
392,476,79,18,1
959,429,10,24,2
10,850,66,25,0
126,333,66,12,1
224,307,3,24,1
939,647,7,20,1
398,657,50,14,1
503,215,66,15,1
697,113,60,14,0
348,123,89,25,1
725,442,50,28,0
857,7,57,27,1
268,532,37,28,2
733,40,82,23,1
489,47,20,18,0
213,181,41,18,0
980,346,42,16,0
927,236,85,21,1
999,422,88,19,3
555,595,1,30,3
557,593,84,12,3
648,474,90,12,0
713,870,90,18,0
572,654,14,16,0
12,891,79,19,2
980,539,5,22,0
449,793,84,27,3
247,205,10,19,0
54,653,85,21,2
178,752,9,27,0
562,29,72,18,2
128,913,60,25,0
686,493,11,27,1
99,186,81,12,2
277,66,2,20,2
53,694,11,30,2
364,294,44,10,2
377,845,20,20,2
270,860,78,30,1
732,102,4,21,0
424,249,51,13,2
687,783,77,13,1
987,15,74,30,1
124,534,38,22,1
70,716,43,29,2
929,113,2,24,0
972,392,26,14,1
312,858,19,19,1
967,820,49,19,0
979,185,24,11,0
264,16,36,30,2
661,296,66,23,3
782,967,55,29,3
506,393,50,23,0
421,606,28,17,2
589,41,10,16,3
14,846,21,23,3
373,824,6,14,3
779,302,85,25,3
164,588,18,19,3
789,457,62,27,0
927,112,67,24,3
956,726,76,20,1
69,385,72,19,3
21,53,45,28,1
130,270,43,18,2
335,152,43,21,1
347,299,52,16,3
109,626,71,29,0
871,425,4,16,2
687,198,75,25,3
540,740,42,21,3
268,637,86,23,1
63,345,29,23,1
841,193,84,19,1
327,539,36,26,2
247,860,66,17,0
269,859,57,13,0
222,957,56,29,3
158,74,76,12,2
381,170,85,22,2
643,627,44,18,2
241,476,20,26,3
574,885,34,27,0
760,617,82,17,2
807,554,74,12,2
316,941,49,30,2
288,537,65,14,2
735,745,87,14,0
25,986,9,28,1
341,712,29,24,1
239,258,35,13,0
231,319,43,20,3
290,64,37,18,1
334,505,24,28,3
764,162,85,22,1
605,157,6,25,2
778,825,72,11,2
694,541,81,24,0
415,4,83,15,1
811,193,36,16,1
121,620,49,18,3
436,290,19,14,1
235,423,66,29,0
596,853,15,25,1
639,482,51,25,1
205,585,35,15,3
854,823,28,24,2
662,668,4,29,1
408,454,71,11,1
914,485,74,19,0
656,150,69,16,3
400,910,47,11,0
977,598,16,18,3
205,153,74,14,0
332,232,83,18,1
733,762,8,26,1
537,248,58,14,2
933,177,57,24,0
446,91,15,13,3
135,646,69,18,1
798,255,19,25,3
913,329,47,10,3
642,7,7,14,0
846,292,21,30,0
348,266,14,29,0
671,692,49,11,0
783,777,76,29,0
959,377,88,12,2
605,56,26,13,1
498,145,1,27,2
924,588,82,18,0
525,780,11,24,0
399,698,33,13,3
664,573,87,16,3
864,656,75,15,1
261,595,20,28,2
513,666,5,21,2
391,444,24,20,1
915,863,79,29,0
947,233,69,11,1
707,639,8,29,3
728,792,46,17,1
243,723,71,27,1
734,222,11,12,2
654,680,33,24,1
754,68,29,14,2
436,794,28,22,1
893,694,53,27,0
517,854,7,23,1
395,685,27,18,1
753,492,73,24,1
19,988,51,23,3
350,248,74,30,1
908,272,8,13,1
195,864,72,23,1
878,232,73,18,2
425,633,39,21,2
703,549,76,30,1
159,659,81,20,1
73,558,36,16,1
301,229,51,23,3
882,595,13,27,1
418,998,56,14,1
24,257,3,13,1
922,236,38,29,1
621,299,29,15,1
383,598,24,17,3
915,547,73,21,1
565,839,89,18,2
274,531,12,23,2
955,297,31,25,1
851,965,27,14,1
31,401,29,27,1
205,314,5,23,2
432,975,7,28,3
966,207,48,19,1
797,65,65,14,0
926,748,58,19,1
999,635,19,18,2
869,744,68,22,3
638,258,34,26,0
388,468,68,14,0
714,663,20,21,2
472,398,21,17,2
454,281,44,19,0
497,667,52,29,0
723,459,60,11,0
929,927,60,23,1
929,102,89,22,2
328,822,83,18,1
164,443,66,15,3
219,849,6,27,3
799,512,41,18,1
341,162,38,26,1
263,905,86,12,3
286,814,45,27,0
833,530,70,11,2
80,355,9,13,2
564,847,72,11,2
79,609,4,24,2
888,889,81,18,3
155,203,71,12,1
882,593,75,13,2
481,396,64,23,2
351,412,13,11,2
352,931,63,27,1
909,442,32,14,3
868,214,39,11,2
884,957,19,24,0
714,507,10,23,0
40,549,10,17,0
249,789,49,12,2
873,551,35,13,0
268,954,57,29,3
714,890,45,15,3
501,421,46,24,0
282,473,78,30,0
400,19,12,10,3
477,791,32,30,2
200,371,28,20,0
302,615,86,19,3
623,774,24,20,0
241,512,89,10,3
370,104,90,24,3
635,907,76,24,1
409,610,80,22,2
252,91,48,15,3
222,557,68,12,3
383,51,34,28,3
227,35,80,11,1
849,8,58,12,3
573,276,52,18,3
487,213,68,27,0
431,138,55,18,1
452,516,87,26,0
918,920,50,10,2
174,968,55,12,0
181,977,74,23,3
439,472,76,27,3
680,680,6,26,1
864,675,77,25,3
232,986,40,25,0
737,279,50,10,2
940,911,78,17,2
936,84,15,15,3
611,177,56,18,1
538,636,74,24,2
579,546,25,23,2
866,893,65,10,2
466,409,53,26,0
646,803,80,25,2
800,860,65,16,2
798,93,42,19,2
755,977,14,30,3
633,915,63,21,2
900,955,68,24,3
325,821,1,27,0
584,667,72,27,3
701,589,78,16,3
502,900,45,20,3
625,163,72,20,0
950,619,41,19,2
260,83,65,23,0
969,841,63,21,0
474,403,7,17,0
285,756,26,27,3
379,471,63,27,1
19,563,20,16,1
819,485,7,18,2
397,98,22,17,3
148,294,15,13,0
23,696,21,13,2
468,781,58,12,2
176,213,58,25,3
283,717,39,14,0
841,234,42,21,3
620,950,13,29,2
581,223,21,26,3
478,209,55,11,3
615,235,28,25,3
311,722,48,23,2
386,353,78,22,2
424,835,77,19,3
919,761,86,19,0
406,774,38,10,3
573,714,78,15,0
779,64,90,14,3
482,539,27,23,1
870,156,60,16,3
242,76,32,19,2
744,548,49,18,0
352,33,7,13,0
535,408,66,24,0
921,468,63,27,3
183,473,32,27,1
282,100,61,24,1
555,933,83,27,0
667,769,27,20,1
544,717,71,14,3
156,389,10,18,3
556,303,39,17,2
391,173,45,25,2
435,745,38,21,1
12,658,3,18,3
60,605,6,24,2
588,805,74,19,0
518,16,8,15,3
960,643,90,18,2
759,68,58,24,0
30,256,43,27,3
756,127,5,28,1
602,748,44,18,2
713,868,15,16,0
160,224,66,24,0
852,72,87,15,2
964,139,17,27,0
892,534,27,14,3
975,385,25,10,0
740,713,34,14,2
222,128,34,24,0
195,175,11,22,3
373,453,79,22,3
932,55,34,15,0
644,801,82,18,3
643,669,52,14,2
286,14,45,16,1
966,812,89,16,0
171,21,76,22,0
525,504,45,26,1
551,288,87,12,2
760,304,73,14,3
349,127,26,18,1
34,798,42,23,0
99,497,8,30,0
68,601,60,13,1
295,426,10,16,2
126,210,75,14,3
733,729,87,21,0
148,125,3,20,1
557,888,75,22,2
122,231,5,27,0
361,995,27,20,3
174,869,57,24,0
496,507,32,11,1
587,568,39,11,2
179,303,12,22,3
187,953,55,15,0
973,900,17,25,3
919,637,42,16,1
542,812,74,15,2
639,163,76,21,0
864,266,26,10,1
125,705,3,17,2
384,418,72,13,0
891,356,14,29,3
617,778,29,18,2
451,959,84,24,1
793,690,12,20,1
773,201,81,18,1
25,921,19,26,1
905,592,39,29,3
116,855,53,12,3
438,544,18,20,1
488,144,70,30,2
329,571,8,22,3
58,879,62,14,1
149,436,6,11,0
171,776,25,28,0
931,18,28,25,3
575,177,30,22,1
682,895,16,11,2
139,653,38,12,0
197,309,77,15,0
325,425,84,24,3
218,642,21,17,0
630,387,71,22,0
393,112,13,14,3
907,244,27,26,1
57,548,55,12,1
455,149,18,17,2
103,679,46,27,1
827,969,64,12,0
308,854,63,13,0
274,153,3,24,1
37,197,71,13,2
696,505,84,20,2
66,458,60,11,2
330,364,17,21,0
180,205,68,24,0
257,446,44,15,2
288,93,12,23,1
585,417,37,12,1
825,931,60,16,1
28,623,52,15,0
826,314,39,13,0
863,21,33,16,2
85,521,86,14,2
315,352,75,19,3
951,178,57,13,2
960,12,90,16,1
262,683,81,17,3
647,749,54,15,3
141,248,7,22,0
432,453,65,23,3
967,183,40,10,3
380,722,38,25,2
577,679,51,26,1
914,683,58,26,3
125,363,75,26,0
740,707,18,22,2
488,671,40,28,3
46,942,68,21,0
822,75,38,30,1
893,964,66,25,0
289,551,24,16,3
440,282,25,17,0
482,866,33,17,1
604,830,75,10,2
933,347,30,12,1
414,102,52,28,3
403,31,10,10,1
820,123,39,21,1
698,431,86,14,0
29,937,18,12,3
191,587,23,17,3
175,120,56,16,1
786,810,61,23,2
171,971,49,21,0
878,81,5,17,3
91,858,12,28,3
354,666,5,16,3
80,207,60,14,3
501,896,29,12,1
944,823,3,22,0
286,597,31,24,1
767,352,62,10,1
63,841,28,20,2
554,577,19,14,2
502,789,86,15,2
450,995,37,22,2
432,770,4,11,0
926,323,42,23,2
361,674,42,19,1
942,418,75,21,3
675,290,32,19,1
962,211,65,19,3
823,820,17,22,0
615,104,82,25,2
851,338,28,23,2
347,940,58,19,0
997,196,55,14,1
512,254,38,11,1
2,86,3,11,1
217,966,20,19,2
17,452,50,27,2
848,512,61,21,3
107,622,80,26,2
499,875,82,19,1
128,543,70,27,3
529,34,3,10,3
403,234,67,11,3
581,296,1,11,3
76,207,59,19,0
779,611,9,26,0
389,960,21,21,2
960,285,47,25,1
340,672,13,12,1
616,810,7,24,1
989,113,33,30,0
520,567,39,29,3
657,273,6,29,2
177,669,74,15,0
265,808,42,12,2
878,140,20,21,1
764,316,44,20,1
257,84,43,13,2
851,678,19,11,3
776,131,16,24,0
872,261,74,15,1
189,911,46,18,0
475,574,74,21,0
681,572,80,30,0
961,86,35,23,2
370,872,83,17,2
562,214,2,22,2
353,592,18,20,0
799,344,76,19,0
478,494,29,30,1
817,142,14,27,1
251,714,26,19,3
281,508,9,23,3
447,978,70,12,3
517,574,39,15,2
354,961,78,28,2
497,443,4,18,1
435,777,7,26,0
207,173,74,26,3
503,169,52,28,1
993,840,9,22,1
703,130,81,17,2
84,606,20,25,2
801,591,51,15,1
132,475,36,15,1
505,668,39,25,3
12,518,77,13,1
557,592,32,20,3
343,2,67,18,2
189,789,17,14,1
635,105,16,25,2
308,794,18,23,1
311,206,80,13,3
965,457,5,20,1
904,482,27,18,0
327,636,65,30,2
75,715,70,22,3
790,993,54,21,3
745,749,45,15,0
373,268,37,16,1
26,895,58,23,3
85,925,84,29,0
674,396,36,13,0
347,404,79,23,2
914,803,43,20,3
212,83,62,21,3
291,109,86,21,0
42,590,23,27,2
149,432,72,17,2
492,422,16,15,2
96,807,69,24,1
5,389,23,28,3
689,39,26,14,2
589,763,57,14,3
70,356,23,20,0
290,272,84,19,1
776,768,11,19,2
299,691,8,26,2
601,239,30,11,1
637,66,11,23,2
592,125,87,13,2
919,644,5,23,3
211,456,6,11,1
455,239,48,21,2
835,280,68,24,1
607,672,85,15,2
225,188,39,28,0
238,13,55,20,2
787,48,90,29,0
173,311,8,29,0
241,621,53,20,1
473,851,21,22,2
736,493,83,15,3
598,806,78,27,3
11,9,56,30,0
171,532,43,25,3
194,323,73,10,3
409,482,39,29,1
756,763,56,27,1
222,181,72,12,3
442,278,28,19,0
508,696,37,16,1
379,733,83,22,0
693,517,56,19,0
873,359,58,16,3
99,412,16,27,1
893,819,42,29,0
936,636,15,19,0
542,624,65,23,2
356,429,90,17,1
461,877,59,15,2
981,966,17,12,3
549,824,55,19,2
303,483,64,23,0
130,512,47,14,1
609,978,42,29,2
769,623,28,27,1
162,988,27,18,1
586,290,41,17,0
110,240,15,12,3
902,52,85,10,1
474,21,65,22,2
386,856,70,25,0
56,79,58,16,3
992,331,33,11,2
544,296,20,21,2
956,207,90,23,2
392,930,14,11,1
310,273,38,12,2
432,975,10,18,3
800,378,80,27,2
372,415,78,11,3
718,80,25,14,3
781,559,89,14,1
275,549,80,21,0
578,494,9,15,3
120,53,69,25,3
250,303,1,13,3
121,142,33,27,2
537,292,66,23,1
402,437,69,11,2
273,519,46,15,0
332,273,53,27,2
869,850,46,17,1
80,764,6,28,2
614,818,1,27,3
180,826,66,22,1
142,941,76,21,1
226,229,70,22,1
803,104,67,30,2
890,963,82,21,2
525,605,20,11,1
184,188,44,13,1
750,864,38,22,1
683,745,14,12,3
821,155,9,30,2
274,889,37,11,0
613,643,32,23,0
204,601,50,27,1
872,916,76,29,1
151,329,86,24,1
32,861,49,23,3
998,545,51,12,3
108,959,26,25,2
197,982,69,18,1
144,821,73,20,2
845,118,44,30,0
593,323,39,29,1
392,345,2,12,0
60,706,79,25,3
88,618,6,23,0
934,413,59,28,3
752,931,41,17,1
585,630,62,28,0
608,263,55,17,0
85,984,50,20,2
350,607,74,13,2
891,589,18,22,1
689,11,53,17,2
759,479,85,12,0
361,103,84,26,2
531,878,67,29,2
868,859,22,11,1
517,776,42,18,0
710,272,19,15,3
587,798,43,16,2
535,889,70,23,3
213,114,9,25,1
269,182,31,16,3
476,368,17,23,1
832,926,26,18,0
367,876,60,30,3
912,470,48,10,1
507,539,69,16,2
389,145,89,29,0
381,940,6,15,3
805,297,59,10,1
348,955,15,23,0
749,278,81,22,3
606,96,62,22,2
217,479,69,13,3
67,962,83,17,2
478,124,3,20,1
52,756,10,25,2
981,747,55,14,3
980,188,86,30,3
47,149,53,23,2
596,898,56,20,1
361,28,83,26,2
789,900,51,21,2
221,542,89,10,3
254,708,17,25,3
298,911,42,12,2
663,677,76,14,3
748,175,13,11,1
119,856,60,18,2
382,592,53,19,3
468,587,35,22,3
861,885,4,26,3
863,737,74,14,1
584,340,27,17,2
128,777,17,23,2
558,286,75,14,2
761,43,55,12,0
927,871,32,26,3
256,574,9,28,0
915,305,69,28,0
605,778,47,25,3
722,180,10,22,1
656,520,74,11,3
701,102,2,12,2
261,637,87,13,0
592,773,59,14,2
119,788,50,27,0
521,123,87,16,3
458,252,84,16,0
958,129,45,20,2
90,92,7,27,0
987,52,87,25,1
917,737,26,23,3
285,529,14,20,3
170,687,67,30,3
792,108,67,15,3
147,524,53,12,1
383,905,60,17,3
820,471,20,11,3
482,611,82,14,1
227,980,67,18,2
637,34,7,23,3
896,152,27,15,1
935,297,79,12,3
952,219,3,16,3
70,9,25,26,1
177,666,8,19,0
13,535,74,16,0
891,958,28,24,3
662,233,79,22,3
975,279,76,28,0
611,539,32,11,3
568,779,43,18,1
224,434,16,17,1
580,456,28,20,2
967,338,77,28,2
254,353,2,23,3
711,379,33,28,1
289,99,68,13,1
867,277,41,23,0
895,725,69,16,2
871,594,50,23,3
133,74,79,11,3
728,132,15,29,1
89,26,14,10,3
197,628,80,25,0
690,130,87,15,3
970,593,25,17,2
610,961,47,21,1
635,696,73,23,3
388,810,42,28,1
550,370,30,12,0
743,427,62,16,1
724,517,11,10,0
192,249,68,23,0
218,644,69,25,0
797,275,43,22,2
911,970,41,21,1
575,647,19,23,1
247,119,26,30,3
677,954,88,17,2
356,866,49,25,2
8,838,87,16,1
850,776,64,10,2
454,785,44,14,1
168,303,65,19,2
735,170,74,15,2
142,353,13,22,1
540,305,19,29,0
676,188,8,10,3
836,603,65,24,1
564,457,68,28,1
464,778,79,19,0
665,142,55,25,1
619,88,75,14,3
482,115,26,29,3
663,100,83,15,3
731,506,15,23,1
322,443,4,26,0
203,852,23,30,2
524,126,67,11,1
864,771,2,13,2
31,823,9,30,2
863,910,47,18,0
487,930,61,19,1
316,968,7,26,0
457,430,36,28,1
662,459,49,12,3
697,963,75,14,1
516,54,1,24,1
288,228,16,25,2
232,100,21,29,2
412,642,41,18,1
553,270,26,29,0
386,347,65,19,1
506,886,71,22,3
548,578,86,20,1
244,641,46,18,2
193,531,46,12,1
805,994,84,29,1
561,178,68,18,3
320,504,86,23,2
330,764,72,26,3
646,480,84,25,2
91,569,31,17,0
257,869,77,30,1
765,739,89,11,3
603,766,55,26,3
540,175,32,22,1
429,776,46,13,3
997,437,37,30,1
237,317,16,17,3
330,132,63,28,2
215,886,43,21,1
848,267,59,14,3
498,13,40,28,1
719,528,77,30,3
268,680,81,18,1
972,139,1,28,1
398,780,42,11,2
428,363,19,24,3
220,695,39,14,2
792,447,35,17,2
838,292,2,18,1
107,545,36,23,1
52,782,40,24,2
743,936,19,23,2
96,27,31,22,0
94,62,82,19,3
232,713,13,30,2
744,330,36,21,1
529,588,77,11,2
745,951,49,21,3
866,760,58,14,0
647,925,12,13,1
857,153,74,20,2
763,3,53,25,2
373,920,90,16,0
24,993,45,10,1
508,802,13,16,0
208,405,61,12,0
360,768,64,27,0
767,14,29,29,0
587,35,72,19,1
281,4,18,13,1
205,147,22,29,0
351,866,39,20,0
938,521,38,27,0
848,137,16,30,0
385,52,7,29,3
961,97,40,20,0
736,33,19,27,3
765,973,40,10,2
987,5,83,28,3
803,586,13,27,0
663,347,20,20,3
783,984,17,19,1
923,771,70,25,2
624,431,44,18,0
827,286,48,30,0
772,365,72,16,2
30,961,1,23,0
515,415,52,14,0
980,852,84,28,0
674,884,24,12,0
842,374,5,23,2
545,378,21,15,0
7,871,49,12,2
657,710,50,30,2
404,341,13,17,1
860,784,9,14,3
69,945,20,18,1
842,971,20,30,0
620,964,52,15,0
174,407,27,27,3
467,206,40,12,2
563,728,73,22,2
148,661,90,25,0
942,676,34,20,1
461,989,46,13,1
319,221,60,27,2
491,771,65,13,3
560,254,48,24,1
629,483,81,29,1
880,42,10,30,3
303,456,29,22,2
65,552,86,21,2
224,749,4,11,3
588,147,80,28,2
859,288,81,16,0
640,380,21,18,3
770,723,76,14,0
160,814,31,15,3
57,520,28,19,1
836,103,32,28,2
199,700,11,22,3
178,483,27,19,3
645,419,5,18,3
912,60,70,11,0
599,660,48,30,3
224,352,54,25,0
474,699,3,16,0
670,884,77,16,3
449,756,61,22,1
741,655,67,24,2
66,362,12,22,1
615,802,53,15,3
150,617,40,25,3
70,86,10,18,0
889,970,66,18,0
71,791,47,15,3
68,160,62,19,1
358,812,77,23,2
390,446,38,14,0
757,218,78,11,0
673,284,28,29,1
714,302,45,24,2
95,428,36,30,0
707,114,43,18,2
388,583,1,21,2
990,344,72,19,2
631,966,50,13,0
446,574,89,26,1
215,141,45,30,1
844,789,85,16,2
325,85,10,18,1
929,404,53,20,1
951,274,41,19,0
175,691,74,18,3
359,310,72,26,0
249,841,62,11,2
254,807,76,19,2
248,12,34,10,1
303,75,80,23,1
292,282,22,22,0
476,300,21,29,1
725,905,13,28,1
529,179,70,22,2
208,500,79,26,1
518,477,74,24,2
823,284,8,30,1
831,877,41,20,3
725,933,78,10,1
907,483,84,19,1
971,691,12,24,3
580,238,20,19,2
539,378,14,15,3
22,941,66,13,0
887,762,33,21,2
207,581,84,18,3
247,56,38,20,1
81,647,16,19,0
617,149,43,12,0
814,987,10,24,3
970,56,53,11,3
345,884,62,22,1
79,709,34,30,2
38,254,25,10,2
917,455,73,19,1
934,100,62,14,1
665,442,53,23,1
2,944,21,12,0
163,347,51,30,0
371,118,32,19,0
832,50,24,28,1
39,9,4,21,1
192,411,58,10,0
686,303,55,10,0
803,1000,89,17,1
614,281,59,25,0
543,223,76,22,3
195,846,73,17,0
300,827,9,12,2
962,982,8,24,2
261,57,23,27,1
124,918,48,23,0
709,208,74,18,2
886,583,63,20,1
446,905,77,19,2
298,190,79,20,0
442,744,71,24,0
1000,748,48,25,3
55,292,40,14,2
66,434,4,17,1
26,404,68,27,3
583,5,56,21,2
455,241,29,23,2
47,17,24,28,2
445,829,30,16,2
590,208,90,16,2
303,493,67,12,3
999,824,88,25,0
56,193,67,15,2
996,613,15,16,1
822,443,70,16,3
833,156,2,24,3
964,491,46,28,2
771,448,33,30,3
254,889,85,15,1
890,281,2,10,3
616,815,5,20,1
152,184,33,11,1
481,568,20,14,1
300,825,69,22,2
892,514,16,16,2
688,419,8,15,1
557,104,46,16,3
342,205,72,26,0
688,88,49,21,1
112,569,25,15,1
680,726,51,21,0
378,669,9,10,3
746,81,42,11,1
558,675,56,18,1
268,74,88,28,1
298,651,73,12,2
824,684,29,22,3
745,342,51,14,2
292,727,88,30,0
363,203,49,10,0
493,867,13,29,1
883,504,73,29,0
311,888,63,22,2
511,856,67,11,2
937,810,69,24,2
648,604,25,30,1
982,374,23,17,0
886,241,46,22,2
464,304,37,17,0
526,637,87,21,0
893,812,27,14,1
163,206,42,15,1
742,679,41,25,2
349,850,20,15,1
739,959,64,10,1
169,918,17,14,3
436,876,49,15,2
340,721,85,16,0
197,951,27,22,0
839,633,71,20,0
934,588,4,23,1
239,218,68,26,1
422,783,60,29,1
876,556,75,21,2
435,45,24,18,1
730,887,85,11,3
253,89,18,10,3
792,741,53,25,0
698,548,39,30,0
823,664,4,15,1
716,343,46,23,3
825,516,37,10,0
421,573,65,19,0
437,413,74,10,3
650,364,82,11,2
91,567,87,18,0
115,643,46,28,0
147,769,50,15,0
811,88,75,22,2
258,154,75,26,0
541,255,19,22,2
65,219,41,12,2
941,99,72,10,3
594,141,55,18,2
514,897,8,28,1
332,93,88,11,0
944,82,55,23,3
289,812,19,28,0
821,354,39,30,3
734,915,60,15,1
62,211,61,25,0
113,163,79,12,3
146,499,66,10,3
934,185,8,21,3
654,177,62,27,3
505,588,53,28,2
58,522,6,16,0
670,31,59,15,3
992,798,74,28,3
779,789,27,10,2
14,330,76,22,1
13,343,13,29,0
529,675,68,29,1
464,52,41,28,3
122,336,47,25,3
332,226,7,20,1
982,685,25,10,3
16,947,23,30,3
635,877,3,14,3
945,421,77,10,0
825,135,47,19,2
210,50,27,25,2
448,46,64,30,2
961,409,43,19,2
188,606,9,23,3
484,837,14,26,0
54,179,39,12,2
893,155,28,14,1
6,635,22,12,2
943,765,18,15,1
757,636,26,25,3
522,993,5,25,1
313,581,12,22,3
110,689,86,18,1
847,894,45,15,3
434,195,77,30,2
857,152,85,29,2
273,571,58,30,1
168,677,68,24,2
300,332,58,11,3
435,916,24,11,2
195,460,57,13,0
311,541,47,26,1
304,452,34,29,3
321,132,71,27,2
952,214,41,22,2
388,802,81,26,3
620,955,30,23,3
538,322,79,17,3
671,416,82,29,3
54,615,14,22,3
913,177,37,14,2
395,457,39,18,1
521,359,26,18,2
716,402,20,17,2
787,379,39,20,3
420,555,77,26,3
726,474,67,20,0
148,236,86,16,0
663,768,18,25,0
202,143,65,15,2
555,989,19,19,3
129,526,58,20,1
683,3,28,21,2
625,319,60,29,0
974,860,85,23,0
538,23,42,16,0
837,626,75,27,1
965,132,32,16,0
683,787,56,19,0
438,431,66,19,2
686,300,68,26,1
507,695,89,24,2
909,41,38,20,1
692,124,60,17,3
825,645,65,24,2
656,711,76,18,0
66,863,28,12,0
184,630,45,14,0
474,310,9,24,0
798,928,67,28,1
726,488,4,13,3
734,829,79,23,2
579,487,71,16,2
241,441,10,28,0
496,998,51,29,1
41,216,44,30,2
169,197,48,10,0
325,255,25,27,1
347,955,61,17,3
40,728,20,22,1
963,525,68,17,3
136,540,7,10,2
668,245,68,30,2
876,160,30,14,0
923,482,74,13,0
327,418,76,13,1
23,566,18,12,3
729,83,44,28,0
583,930,66,23,3
444,28,46,17,0
768,975,49,14,3
220,89,19,25,0
515,140,79,28,2
665,575,31,20,3
789,411,74,17,2
800,549,63,23,2
722,42,14,23,0
276,616,71,16,2
271,239,39,20,0
300,6,3,13,0
687,777,40,11,1
283,513,4,10,0
278,968,60,13,3
923,29,79,16,1
666,67,39,18,3
283,366,3,29,0
472,638,16,23,3
876,569,90,12,3
60,637,32,22,3
806,779,83,23,2
515,735,85,26,1
501,412,35,30,2
809,599,12,22,3
336,387,53,15,1
971,264,60,18,3
128,523,83,21,3
829,336,68,23,2
691,837,39,17,2
829,352,26,24,1
240,911,27,22,3
84,490,51,25,3
920,411,45,26,0
289,930,72,18,0
390,679,42,30,3
367,411,3,19,3
344,686,45,24,1
934,864,3,22,2
124,174,39,16,3
783,342,21,23,0
976,423,7,11,3
51,791,9,24,0
344,378,11,15,1
741,864,27,16,1
313,470,41,24,0
303,801,35,20,2
934,253,35,25,1
317,589,2,25,2
593,191,25,10,3
427,846,90,29,1
691,132,68,21,2
971,925,35,25,1
221,663,75,10,1
5,208,80,15,3
986,341,81,15,1
209,694,27,29,2
347,33,55,28,0
601,875,26,20,2
475,213,73,16,3
56,595,67,26,0
743,972,68,30,3
657,882,18,29,2
158,610,46,17,2
485,507,67,13,1
752,149,50,19,3
109,266,38,24,2
714,523,48,11,2
851,245,87,26,1
798,647,61,26,0
602,256,72,21,2
685,859,27,16,3
134,536,78,27,1
552,227,61,10,2
842,638,64,21,1
299,683,9,28,3
229,918,68,15,0
826,512,63,28,1
775,299,67,22,2
843,710,80,12,3
140,616,54,24,1
310,787,48,21,3
598,351,12,24,3
206,201,87,16,3
19,283,59,17,1
140,970,43,30,2
863,465,56,22,3
859,393,18,20,0
98,4,42,16,2
758,720,43,22,3
212,782,8,18,1
349,156,10,20,0
538,485,72,28,0
816,671,77,21,0
888,226,55,25,0
988,105,58,26,2
131,814,71,29,3
487,937,49,20,2
908,817,75,26,1
830,712,14,28,1
643,731,53,15,1
924,529,60,13,0
620,893,84,22,3
497,728,22,30,3
76,557,50,21,0
631,613,14,15,1
380,766,19,13,3
344,729,10,19,0
836,530,10,21,0
351,481,72,21,1
156,741,40,15,1
828,365,7,28,1
784,377,41,24,2
522,289,48,10,1
222,526,7,26,3
710,156,39,10,3
412,310,8,27,0
975,735,23,16,0
704,856,84,20,1
349,528,10,25,3
238,239,80,17,3
753,85,63,13,1
663,877,39,27,3
658,210,32,20,3
630,18,58,14,0
831,718,33,13,0
113,229,30,20,1
928,547,71,18,0
138,520,55,21,3
985,320,79,29,3
233,582,5,11,2
950,459,25,17,3
783,280,18,20,1
450,354,21,15,3
304,788,26,18,0
344,207,60,20,1
983,406,81,17,1
707,674,20,13,2
366,585,13,20,1
890,43,44,24,2
14,300,48,12,0
490,270,15,19,2
436,436,84,11,3
92,682,85,27,0
724,967,34,27,1
96,899,20,26,1
822,867,27,18,3
720,797,46,25,2
825,172,69,25,1
830,688,9,27,1
392,111,52,21,0
627,616,56,12,0
437,23,55,11,1
396,137,61,16,0
681,9,12,18,1
285,88,79,20,2
898,843,48,25,2
477,491,88,16,1
956,104,43,26,2
252,967,79,23,1
635,262,40,23,3
625,631,80,23,1
593,192,16,22,1
989,344,72,16,2
892,200,7,27,3
678,871,29,19,3
198,643,32,27,3
478,690,31,11,0
167,752,56,28,0
38,381,46,21,2
204,967,79,28,1
962,155,73,12,3
916,315,8,13,1
735,143,56,13,2
845,793,7,25,3
756,41,90,17,0
89,716,60,18,2
814,765,31,27,3
473,442,4,20,3
182,505,88,27,0
719,947,60,12,1
44,855,60,21,2
23,323,19,29,3
794,364,63,29,0
475,270,57,21,3
523,581,36,13,3
309,423,60,24,0
126,44,7,13,2
887,13,12,11,3
165,117,51,26,0
397,328,13,14,1
38,122,82,23,2
658,41,21,11,2
715,912,27,26,3
508,979,46,26,3
258,783,21,25,1
715,456,19,19,2
809,927,3,15,2
272,741,26,14,0
617,830,34,21,1
172,443,31,15,3
962,335,74,11,1
31,101,18,12,3
531,492,48,16,1
732,344,65,16,1
715,588,68,21,0
236,852,75,12,2
502,819,50,23,0